Book Id,Title,Author,Author l-f,Additional Authors,ISBN,ISBN13,My Rating,Publisher,Binding,Number of Pages,Year Published,Original Publication Year,Date Read,Date Added,Bookshelves,Bookshelves with positions,Exclusive Shelf,My Review,Spoiler,Private Notes,Read Count,Owned Copies
21063,"The Bloody Crown of Conan (Conan the Cimmerian, #2)",Robert E. Howard,"Howard, Robert E.","Patrice Louinet, Gary Gianni, Rusty Burke","=""0345461525""","=""9780345461520""",0,Del Rey,Paperback,367,2004,2003,,2026/07/14,to-read,to-read (#1916),to-read,,,,0,0
62039255,Mozart in Motion: His Work and His World in Pieces,Patrick Mackie,"Mackie, Patrick",,"=""037460620X""","=""9780374606206""",0,"Farrar, Straus and Giroux",Hardcover,368,2023,,,2024/01/03,"library-audio, currently-reading","library-audio (#154), currently-reading (#5)",currently-reading,,,,1,0
33482,"The Coming of Conan the Cimmerian (Conan the Cimmerian, #1)",Robert E. Howard,"Howard, Robert E.",Mark Schultz,"=""0345483855""","=""9780345483850""",0,Del Rey,Hardcover,496,2005,2002,,2023/12/27,currently-reading,currently-reading (#4),currently-reading,,,,1,0
210300489,Isles of the Emberdark,Brandon Sanderson,"Sanderson, Brandon",,"=""1938570502""","=""9781938570506""",3.0,Dragonsteel Entertainment,Hardcover,465,2025,2025,2026/07/12,2024/07/12,,,read,,,,1,0
560637,"The Patchwork Girl of Oz (Oz, #7)",L. Frank Baum,"Baum, L. Frank","Peter Glassman, John R. Neill","=""0688133541""","=""9780688133542""",3.0,Books of Wonder,Hardcover,346,1995,1913,2026/07/12,2026/05/06,,,read,,,,1,0
7421457,"One Piece, Volume 52: Roger and Rayleigh",Eiichiro Oda,"Oda, Eiichiro",,"=""1421534681""","=""9781421534688""",0,VIZ Media LLC,Paperback,216,2010,2008,,2026/07/11,to-read,to-read (#1915),to-read,,,,0,0
7421460,"One Piece, Volume 51: The Eleven Supernovas",Eiichiro Oda,"Oda, Eiichiro",,"=""1421534673""","=""9781421534671""",0,VIZ Media LLC,Paperback,232,2010,2008,,2026/01/04,currently-reading,currently-reading (#3),currently-reading,,,,1,0
7421463,"One Piece, Volume 50: Arriving Again",Eiichiro Oda,"Oda, Eiichiro",,"=""1421534665""","=""9781421534664""",4.0,VIZ Media LLC,Paperback,208,2010,2008,2026/07/11,2025/12/31,,,read,,,,1,0
220993666,"Sounded In Every Ear: 1955-2020 (Saints, #4)",The Church of Jesus Christ of Latter-day Saints,"Saints, The Church of Jesus Christ of Latter-day",,"=""1629726508""","=""9781629726502""",0,The Church of Jesus Christ of Latter-Day Saints,Paperback,831,2024,,,2025/11/26,"to-read, provo","to-read (#1789), provo (#739)",to-read,,,,0,0
818540,Star Wars: From the Adventures of Luke Skywalker,George Lucas,"Lucas, George",Alan Dean Foster,"=""0345260791""","=""9780345260796""",0,Del Rey/Ballantine Books,Mass Market Paperback,220,1977,1976,,2026/07/07,"to-read, fictional-series","to-read (#1914), fictional-series (#49)",to-read,,,,0,0
68520,"The Winter King (The Warlord Chronicles, #1)",Bernard Cornwell,"Cornwell, Bernard",,"=""""","=""""",0,St. Martin's Griffin,Paperback,431,1997,1995,,2026/07/07,"to-read, king-arthur","to-read (#1913), king-arthur (#15)",to-read,,,,0,0
162898,A Connecticut Yankee in King Arthur's Court,Mark Twain,"Twain, Mark",,"=""""","=""""",0,Simon & Schuster,Paperback,480,2007,1889,,2026/07/07,"to-read, king-arthur","to-read (#1912), king-arthur (#13)",to-read,,,,0,0
393636,Idylls of the King,Alfred Tennyson,"Tennyson, Alfred",J.M. Gray,"=""""","=""""",0,Penguin Books Limited,Paperback,384,1989,1885,,2026/07/07,"to-read, king-arthur","to-read (#1911), king-arthur (#12)",to-read,,,,0,0
1297066,"Lancelot-Grail: The Old French Arthurian Vulgate and Post-Vulgate in Translation, Volume 1: The History of the Holy Grail and The Story of Merlin",Norris J. Lacy,"Lacy, Norris J.",,"=""0824077334""","=""9780824077334""",0,Routledge,Hardcover,458,1992,1992,,2026/07/07,"to-read, king-arthur","to-read (#1910), king-arthur (#9)",to-read,,,,0,0
587359,The Romance of Tristan and Iseult (Vintage Classics),Joseph Bédier,"Bédier, Joseph",Hilaire Belloc,"=""0679750169""","=""9780679750161""",0,Knopf Doubleday Publishing Group,Paperback,205,1994,1170,,2026/07/07,"to-read, king-arthur","to-read (#1909), king-arthur (#8)",to-read,,,,0,0
75124974,"The ruin of Britain, and other works / Gildas ; edited and translated [from the Latin] by Michael Winterbottom",Michael (1934-) Gildas (ca. 516-570). Winterbottom,"Winterbottom, Michael (1934-) Gildas (ca. 516-570).",,"=""""","=""""",0,London : Phillimore,Paperback,0,1978,540,,2026/07/07,"to-read, king-arthur","to-read (#1908), king-arthur (#7)",to-read,,,,0,0
21014004,Annales Cambriae,Paul Martin Remfry,"Remfry, Paul Martin",,"=""189937681X""","=""9781899376810""",0,SCS Publishing,Paperback,335,2010,2007,,2026/07/07,"to-read, king-arthur","to-read (#1907), king-arthur (#6)",to-read,,,,0,0
449589,Arthurian Romances,Chrétien de Troyes,"Troyes, Chrétien de","William W. Kibler, Carleton W. Carroll","=""0140445218""","=""9780140445213""",0,Penguin Books,Paperback,521,2004,1181,,2026/07/07,"to-read, king-arthur","to-read (#1906), king-arthur (#4)",to-read,,,,0,0
1316680,Roman de Brut,Wace,"Wace, Wace","Layamon, Eugene Mason","=""1419107763""","=""9781419107764""",0,Kessinger Publishing,Paperback,120,2004,1155,,2026/07/07,"to-read, king-arthur","to-read (#1905), king-arthur (#3)",to-read,,,,0,0
5974452,History of the Britons (Historia Brittonum) (Dodo Press),Nennius,"Nennius, Nennius",,"=""1406530727""","=""9781406530728""",0,Dodo Press,Paperback,42,2007,828,,2026/07/07,"to-read, king-arthur","to-read (#1904), king-arthur (#1)",to-read,,,,0,0
316113,"Little Wizard Stories of Oz (Oz, 7.5)",L. Frank Baum,"Baum, L. Frank",,"=""1419130919""","=""9781419130915""",0,Kessinger Publishing,Paperback,148,2004,1913,,2026/07/07,to-read,to-read (#1903),to-read,,,,0,0
19802,A World Lit Only by Fire: The Medieval Mind and the Renaissance: Portrait of an Age,William Manchester,"Manchester, William",,"=""0316545562""","=""9780316545563""",0,"Little, Brown and Company",Paperback,322,1993,1992,,2026/07/06,to-read,to-read (#1902),to-read,,,,0,0
17470797,A History of Ancient Egypt: From the First Farmers to the Great Pyramid,John Romer,"Romer, John",,"=""0141399716""","=""9780141399713""",0,Penguin,Paperback,512,2013,2012,,2022/06/06,to-read,to-read (#655),to-read,,,,0,0
43885900,In Defense of Elitism: Why I'm Better Than You and You are Better Than Someone Who Didn't Buy This Book,Joel Stein,"Stein, Joel",,"=""1455591475""","=""9781455591473""",0,Grand Central Publishing,Hardcover,336,2019,2019,,2026/07/04,to-read,to-read (#1901),to-read,,,,0,0
228928465,"A Parade of Horribles (Dungeon Crawler Carl, #8)",Matt Dinniman,"Dinniman, Matt",,"=""""","=""""",3.0,,Hardcover,704,2026,2026,2026/07/01,2025/06/20,,,read,,,,1,0
103749,Persian Fire: The First World Empire and the Battle for the West,Tom Holland,"Holland, Tom",,"=""0385513119""","=""9780385513111""",4.0,Doubleday,Hardcover,418,2006,2005,2026/06/20,2019/07/13,,,read,"I was hoping for more info here on the Persian Empire, as the title and the description led me to believe there would be. But, except for a couple sections of the book, the Greek perspective is the main focus. Granted, more Greek writing from the time has survived but I still wanted more depth there. All together, still glad I read it.",,,1,0
34536546,Principles: Life and Work,Ray Dalio,"Dalio, Ray",,"=""1501124021""","=""9781501124020""",0,Avid Reader Press / Simon & Schuster,Hardcover,592,2017,2017,,2022/07/07,"to-read, provo","to-read (#659), provo (#338)",to-read,,,,0,0
4556058,"The Last Olympian (Percy Jackson and the Olympians, #5)",Rick Riordan,"Riordan, Rick",,"=""1423101472""","=""9781423101475""",4.0,Disney-Hyperion Books,Hardcover,381,2009,2009,,2015/11/22,,,read,,,,1,0
40602373,Naturally Tan,Tan France,"France, Tan",,"=""""","=""""",0,St. Martin's Press,Hardcover,304,2019,2019,,2023/09/10,"to-read, provo","to-read (#1449), provo (#556)",to-read,,,,0,0
133863814,The Victor book of ballets and ballet music,Robert Rouben Mamoulian Collection Library of Congress Lawrence,"Lawrence, Robert Rouben Mamoulian Collection Library of Congress",,"=""""","=""""",0,Simon and Schuster,Hardcover,531,1950,,,2023/07/06,"to-read, provo","to-read (#1269), provo (#371)",to-read,,,,0,0
91401391,Stolen Youth: How Radicals Are Erasing Innocence and Indoctrinating a Generation,Bethany Mandel,"Mandel, Bethany",Karol Markowicz,"=""1956007083""","=""9781956007084""",0,Dw Books,Hardcover,295,2023,,,2023/02/02,to-read,to-read (#919),to-read,,,,0,0
44025140,"Master of the Phantom Isle (Dragonwatch, #3)",Brandon Mull,"Mull, Brandon",,"=""1629726044""","=""9781629726045""",0,Shadow Mountain,Hardcover,384,2019,2019,,2025/08/16,"to-read, provo","to-read (#1742), provo (#668)",to-read,,,,0,0
42051825,Republicans Buy Sneakers Too: How the Left Is Ruining Sports with Politics,Clay Travis,"Travis, Clay",,"=""""","=""""",0,HarperCollins,Hardcover,272,2018,2018,,2023/06/17,"to-read, provo","to-read (#1232), provo (#330)",to-read,,,,0,0
31934612,Deep Thinking: Where Machine Intelligence Ends and Human Creativity Begins,Garry Kasparov,"Kasparov, Garry",,"=""161039786X""","=""9781610397865""",0,PublicAffairs,Hardcover,304,2017,,,2023/01/04,to-read,to-read (#876),to-read,,,,0,0
62491118,The Third Gambit,Darrell Egbert,"Egbert, Darrell",,"=""0975446010""","=""9780975446010""",3.0,Publisher's Place,Paperback,204,2005,2011,2025/05/02,2023/07/09,provo,provo (#403),read,,,,1,0
16158577,Eleven Rings: The Soul of Success,Phil Jackson,"Jackson, Phil",Hugh Delehanty,"=""1594205116""","=""9781594205118""",0,Penguin Press,Hardcover,368,2013,2013,,2023/06/21,"to-read, provo","to-read (#1260), provo (#361)",to-read,,,,0,0
4830557,Economics and Public Policy: An Analytical Approach,James R. Kearl,"Kearl, James R.",,"=""0536821046""","=""9780536821041""",0,Pearson Custom,Hardcover,224,2004,,,2023/06/20,"to-read, provo","to-read (#1252), provo (#346)",to-read,,,,0,0
24376692,City upon a Hill The Legacy of America's Founding,Frank W. Fox,"Fox, Frank W.",,"=""1611650089""","=""9781611650082""",0,BYU Academic Publishing,Paperback,415,2010,2007,,2023/05/01,"to-read, provo","to-read (#1109), provo (#153)",to-read,,,,0,0
7321948,Ancient Greek Civilization,Jeremy McInerney,"McInerney, Jeremy",,"=""1565858093""","=""9781565858091""",0,The Teaching Company,Paperback,194,1998,,,2023/04/17,to-read,to-read (#1048),to-read,,,,0,0
53591852,Was God on Vacation: A WWII Autobiography,Jack Van Der Geest,"Geest, Jack Van Der",,"=""""","=""""",0,,Kindle Edition,177,2020,1995,,2015/12/17,to-read,to-read (#238),to-read,,,,0,0
9838567,Young Germany: History of the German Youth Movement (Social Science Classics),Walter Laqueur,"Laqueur, Walter",,"=""0878559604""","=""9780878559602""",0,Routledge,Paperback,280,1984,1984,,2025/06/30,to-read,to-read (#1734),to-read,,,,0,0
1509819,Was Bleibt,Christa Wolf,"Wolf, Christa",,"=""3423119292""","=""9783423119290""",0,Deutscher Taschenbuch Verlag,Paperback,107,1994,1990,,2018/11/30,to-read,to-read (#422),to-read,,,,0,0
14568863,A Treatise on the Constitutional Limitations,Thomas McIntyre Cooley,"Cooley, Thomas McIntyre",,"=""161619166X""","=""9781616191665""",0,"Lawbook Exchange, Ltd.",Paperback,772,2011,1998,,2021/12/31,to-read,to-read (#617),to-read,,,,0,0
36193197,Im Canyon: Fünf Tage und Nächte bis zur schwierigsten Entscheidung meines Lebens (German Edition),Aron Ralston,"Ralston, Aron",,"=""""","=""""",0,Ullstein eBooks,Kindle Edition,399,2016,2004,,2018/05/20,"to-read, on-the-shelf","to-read (#372), on-the-shelf (#20)",to-read,,,,0,0
55302,Intellectuals: From Marx and Tolstoy to Sartre and Chomsky,Paul  Johnson,"Johnson, Paul",,"=""1842120395""","=""9781842120392""",0,Harper Perennial,Paperback,416,2007,1988,,2023/05/10,"to-read, provo","to-read (#1152), provo (#210)",to-read,,,,0,0
37836,Pagans and Christians,Robin Lane Fox,"Fox, Robin Lane",,"=""0060628529""","=""9780060628529""",0,HarperCollins,Paperback,800,1988,1986,,2026/02/03,"to-read, provo","to-read (#1823), provo (#717)",to-read,,,,0,0
17270,Beyond Star Trek: Physics from Alien Invasions to the End of Time,Lawrence M. Krauss,"Krauss, Lawrence M.",,"=""046500637X""","=""9780465006373""",0,Basic Books,Hardcover,190,1997,1997,,2023/07/24,"to-read, provo","to-read (#1347), provo (#463)",to-read,,,,0,0
951749,"The Dying Earth (The Dying Earth, #1)",Jack Vance,"Vance, Jack",,"=""0671831526""","=""9780671831523""",0,Pocket Books,Paperback,156,1977,1950,,2026/06/24,to-read,to-read (#1900),to-read,,,,0,0
19771580,The 45 Second Presentation,Don Failla,"Failla, Don",,"=""8183222986""","=""9788183222983""",2.0,Manjul Publishing House,Paperback,144,2013,2003,2020/03/15,2020/03/15,,,read,,,,1,0
30050816,Hitler and Nazism,Louis L. Snyder,"Snyder, Louis L.",,"=""0552659371""","=""9780552659376""",3.0,Bantam Books,Mass Market Paperback,151,1967,1967,2021/05/01,2020/04/30,provo,provo (#73),read,,,,1,0
13480144,The Battle That Forged Modern Baseball: The Federal League Challenge and Its Legacy,Daniel R. Levitt,"Levitt, Daniel R.",,"=""1566638690""","=""9781566638692""",0,. Ivan R. Dee/Rowman & Littlefield Publishing Group,Hardcover,336,2012,2012,,2026/06/24,to-read,to-read (#1899),to-read,,,,0,0
60400,"The Ruins of Gorlan (Ranger's Apprentice, #1)",John Flanagan,"Flanagan, John",,"=""0142406635""","=""9780142406632""",0,Puffin Books,Paperback,249,2006,2004,,2026/06/22,"to-read, fictional-series","to-read (#1898), fictional-series (#48)",to-read,,,,0,0
244813482,"The Fires of December (Hoid's Travails, #3)",Brandon Sanderson,"Sanderson, Brandon",,"=""""","=""""",0,Dragonsteel Entertainment,Hardcover,452,2026,2026,,2026/06/21,to-read,to-read (#1897),to-read,,,,0,0
174948,Phantastes,George MacDonald,"MacDonald, George",,"=""160096401X""","=""9781600964015""",0,Waking Lion Press,Paperback,212,2006,1858,,2026/06/17,"tolkien, to-read","tolkien (#18), to-read (#1896)",to-read,,,,0,0
7345,A Tolkien Bestiary,David Day,"Day, David",Nancy Davis,"=""0517120771""","=""9780517120774""",0,Gramercy,Hardcover,288,1995,1978,,2026/06/17,"to-read, lotr","to-read (#1895), lotr (#36)",to-read,,,,0,0
20513872,A Dictionary of Tolkien (Tolkien Illustrated Guides),David Day,"Day, David",,"=""1607109697""","=""9781607109693""",0,Thunder Bay Press,Kindle Edition,274,2013,,,2024/10/28,"to-read, provo, lotr","to-read (#1690), provo (#653), lotr (#35)",to-read,,,,0,0
24694233,Tolkien: An Illustrated Atlas,David Day,"Day, David",,"=""""","=""""",0,Thunder Bay Press,Leather Bound,256,2015,2015,,2024/10/28,"to-read, provo, lotr","to-read (#1691), provo (#654), lotr (#34)",to-read,,,,0,0
31213600,The Battles of Tolkien,David Day,"Day, David",,"=""1626868530""","=""9781626868533""",0,Thunder Bay Press,Paperback,256,2017,2016,,2022/08/12,"to-read, provo, lotr","to-read (#704), provo (#655), lotr (#33)",to-read,,,,0,0
34638059,The Heroes of Tolkien (Tolkien Illustrated Guides),David Day,"Day, David",,"=""1684120950""","=""9781684120956""",0,Thunder Bay Press,Paperback,258,2017,2017,,2024/10/28,"to-read, provo, lotr","to-read (#1692), provo (#656), lotr (#32)",to-read,,,,0,0
40019993,The Dark Powers of Tolkien,David Day,"Day, David",,"=""""","=""""",0,Pyramid,Kindle Edition,192,2018,2018,,2024/10/28,"to-read, provo, lotr","to-read (#1693), provo (#657), lotr (#31)",to-read,,,,0,0
45441105,The Hobbits of Tolkien,David Day,"Day, David",,"=""0753733781""","=""9780753733783""",0,Pyramid,Paperback,192,2019,2019,,2024/10/28,"to-read, provo, lotr","to-read (#1694), provo (#658), lotr (#30)",to-read,,,,0,0
55592665,The Ring Legends of Tolkien,David Day,"Day, David",,"=""0753734362""","=""9780753734360""",0,Pyramid,Kindle Edition,275,2020,2020,,2024/10/28,"to-read, provo, lotr","to-read (#1695), provo (#659), lotr (#29)",to-read,,,,0,0
50001,The Complete Guide to Middle-Earth,Robert   Foster,"Foster, Robert",J.R.R. Tolkien,"=""0345465296""","=""9780345465290""",0,Del Rey,Hardcover,592,2003,1971,,2026/06/17,"to-read, lotr","to-read (#1894), lotr (#27)",to-read,,,,0,0
7339,The Monsters and the Critics and Other Essays,J.R.R. Tolkien,"Tolkien, J.R.R.",Christopher Tolkien,"=""026110263X""","=""9780261102637""",0,HarperCollins,Paperback,256,2006,1983,,2026/06/17,"to-read, tolkien","to-read (#1893), tolkien (#24)",to-read,,,,0,0
35736,The Adventures of Tom Bombadil,J.R.R. Tolkien,"Tolkien, J.R.R.",Roger Garland,"=""0395576474""","=""9780395576472""",0,Houghton Mifflin Harcourt,Hardcover,75,1991,1962,,2026/06/17,"to-read, lotr","to-read (#1892), lotr (#25)",to-read,,,,0,0
23617,Roverandom,J.R.R. Tolkien,"Tolkien, J.R.R.","Christina Scull, Wayne G. Hammond","=""0007149115""","=""9780007149117""",0,HarperCollins Publishers,Paperback,116,2002,1998,,2026/06/17,"to-read, tolkien","to-read (#1891), tolkien (#22)",to-read,,,,0,0
16907,Smith of Wootton Major,J.R.R. Tolkien,"Tolkien, J.R.R.",Verlyn Flieger,"=""0007202474""","=""9780007202478""",0,HarperCollins,Hardcover,149,2005,1967,,2026/06/17,"to-read, tolkien","to-read (#1890), tolkien (#21)",to-read,,,,0,0
6784686,Leaf by Niggle,J.R.R. Tolkien,"Tolkien, J.R.R.",,"=""""","=""""",0,Trinity Forum,ebook,22,2003,1945,,2026/06/17,"to-read, lotr","to-read (#1889), lotr (#24)",to-read,,,,0,0
8363800,"The History of Middle Earth Index (The History of Middle-Earth, #13)",J.R.R. Tolkien,"Tolkien, J.R.R.",Christopher Tolkien,"=""0007365373""","=""9780007365371""",0,my-handy-design,Hardcover,400,2010,2002,,2023/06/08,"to-read, provo, lotr","to-read (#1219), provo (#304), lotr (#22)",to-read,,,,0,0
67996,The Peoples of Middle-Earth (The History of Middle-Earth #12),J.R.R. Tolkien,"Tolkien, J.R.R.",Christopher Tolkien,"=""0261103482""","=""9780261103481""",0,HarperCollins,Paperback,482,2002,1996,,2023/06/08,"to-read, provo, lotr","to-read (#1218), provo (#303), lotr (#21)",to-read,,,,0,0
18964,"The War of the Jewels (The History of Middle-Earth, #11)",J.R.R. Tolkien,"Tolkien, J.R.R.",Christopher Tolkien,"=""0395710413""","=""9780395710418""",0,Houghton Mifflin Harcourt,Hardcover,470,1994,1994,,2023/06/08,"to-read, provo, lotr","to-read (#1217), provo (#302), lotr (#20)",to-read,,,,0,0
18963,"Morgoth's Ring (The History of Middle-Earth, #10)",J.R.R. Tolkien,"Tolkien, J.R.R.",Christopher Tolkien,"=""0395680921""","=""9780395680926""",0,Houghton Mifflin,Hardcover,478,1993,1993,,2023/06/08,"to-read, provo, lotr","to-read (#1216), provo (#301), lotr (#19)",to-read,,,,0,0
23600,"Sauron Defeated: The History of The Lord of the Rings, Part Four (The History of Middle-Earth, #9)",J.R.R. Tolkien,"Tolkien, J.R.R.",Christopher Tolkien,"=""0395606497""","=""9780395606490""",0,William Morrow,Hardcover,496,1992,1992,,2023/06/08,"to-read, provo, lotr","to-read (#1215), provo (#300), lotr (#18)",to-read,,,,0,0
369626,"The War of the Ring: The History of The Lord of the Rings, Part Three (The History of Middle-Earth, #8)",J.R.R. Tolkien,"Tolkien, J.R.R.",Christopher Tolkien,"=""0618083596""","=""9780618083596""",0,Houghton Mifflin Harcourt,Paperback,496,2000,1990,,2023/06/08,"to-read, provo, lotr","to-read (#1214), provo (#299), lotr (#17)",to-read,,,,0,0
77682,"The Treason of Isengard: The History of The Lord of the Rings, Part Two (The History of Middle-Earth, #7)",J.R.R. Tolkien,"Tolkien, J.R.R.",Christopher Tolkien,"=""0395515629""","=""9780395515624""",0,Houghton Mifflin Harcourt,Hardcover,504,1989,1989,,2023/06/08,"to-read, provo, lotr","to-read (#1213), provo (#298), lotr (#16)",to-read,,,,0,0
15351,"The Return of the Shadow: The History of The Lord of the Rings, Part One (The History of Middle-Earth, #6)",J.R.R. Tolkien,"Tolkien, J.R.R.",Christopher Tolkien,"=""061808357X""","=""9780618083572""",0,Houghton Mifflin,Paperback,512,2000,1988,,2023/06/08,"to-read, provo, lotr","to-read (#1212), provo (#297), lotr (#15)",to-read,,,,0,0
260109,"The Lost Road and Other Writings (The History of Middle-Earth, #5)",J.R.R. Tolkien,"Tolkien, J.R.R.",Christopher Tolkien,"=""0048233498""","=""9780048233493""",0,Unwin Paperbacks,Hardcover,455,1987,1987,,2023/06/08,"to-read, provo, lotr","to-read (#1211), provo (#296), lotr (#14)",to-read,,,,0,0
92005,The Shaping of Middle-Earth (The History of Middle-Earth #4),J.R.R. Tolkien,"Tolkien, J.R.R.",Christopher Tolkien,"=""""","=""""",0,Houghton Mifflin Company,Paperback,471,2002,1986,,2023/06/08,"to-read, provo, lotr","to-read (#1210), provo (#295), lotr (#13)",to-read,,,,0,0
77678,"The Lays of Beleriand (The History of Middle-Earth, #3)",J.R.R. Tolkien,"Tolkien, J.R.R.",Christopher Tolkien,"=""0395394295""","=""9780395394298""",0,Houghton Mifflin,Hardcover,393,1985,1985,,2023/06/08,"to-read, provo, lotr","to-read (#1209), provo (#294), lotr (#12)",to-read,,,,0,0
7346,"The Book of Lost Tales 2 (The History of Middle-Earth, #2)",J.R.R. Tolkien,"Tolkien, J.R.R.",Christopher Tolkien,"=""""","=""""",0,Del Rey,Mass Market Paperback,391,1992,1984,,2023/06/08,"to-read, provo, lotr","to-read (#1208), provo (#293), lotr (#11)",to-read,,,,0,0
7347,"The Book of Lost Tales 1 (The History of Middle-Earth, #1)",J.R.R. Tolkien,"Tolkien, J.R.R.",Christopher Tolkien,"=""0345375211""","=""9780345375216""",0,Del Rey/Ballantine Books,Mass Market Paperback,367,1992,1983,,2023/03/23,"to-read, provo, lotr","to-read (#963), provo (#292), lotr (#10)",to-read,,,,0,0
61331094,The Fall of Númenor,J.R.R. Tolkien,"Tolkien, J.R.R.","Christopher Tolkien, Brian Sibley, Alan  Lee","=""0008537836""","=""9780008537838""",0,HarperCollins,Hardcover,352,2022,2022,,2026/06/17,"to-read, lotr","to-read (#1888), lotr (#9)",to-read,,,,0,0
39798828,The Fall of Gondolin (Middle-Earth Universe),J.R.R. Tolkien,"Tolkien, J.R.R.","Christopher Tolkien, Alan  Lee","=""1328613046""","=""9781328613042""",0,Houghton Mifflin Harcourt,Hardcover,304,2018,2018,,2022/07/28,"to-read, provo, lotr","to-read (#696), provo (#291), lotr (#8)",to-read,,,,0,0
41015249,Beren and Lúthien,J.R.R. Tolkien,"Tolkien, J.R.R.","Christopher Tolkien, Alan  Lee","=""""","=""""",0,Houghton Mifflin Harcourt,Kindle Edition,321,2017,2017,,2022/10/10,"to-read, fictional-series, lotr","to-read (#759), fictional-series (#17), lotr (#7)",to-read,,,,0,0
597790,The Children of Húrin,J.R.R. Tolkien,"Tolkien, J.R.R.","Christopher Tolkien, Alan  Lee","=""0007246226""","=""9780007246229""",0,HarperCollins,Hardcover,315,2007,2007,,2015/12/04,"to-read, gonna-get, lotr","to-read (#194), gonna-get (#1), lotr (#6)",to-read,,,,0,0
7329,Unfinished Tales,J.R.R. Tolkien,"Tolkien, J.R.R.",Christopher Tolkien,"=""026110215X""","=""9780261102156""",0,HarperCollins,Hardcover,452,2006,1980,,2026/06/17,"to-read, lotr","to-read (#1887), lotr (#5)",to-read,,,,0,0
61215384,"The Return of the King (The Lord of the Rings, #3)",J.R.R. Tolkien,"Tolkien, J.R.R.",,"=""""","=""""",0,William Morrow,Kindle Edition,432,2022,1955,,2023/06/08,"to-read, provo, lotr","to-read (#1222), provo (#308), lotr (#4)",to-read,,,,0,0
61215372,"The Two Towers (The Lord of the Rings, #2)",J.R.R. Tolkien,"Tolkien, J.R.R.",,"=""""","=""""",0,William Morrow,Kindle Edition,448,2022,1954,,2023/06/08,"to-read, provo, lotr","to-read (#1221), provo (#307), lotr (#3)",to-read,,,,0,0
61215351,"The Fellowship of the Ring (The Lord of the Rings, #1)",J.R.R. Tolkien,"Tolkien, J.R.R.",,"=""""","=""""",0,William Morrow,Kindle Edition,432,2022,1954,,2023/06/08,"to-read, provo, lotr","to-read (#1220), provo (#306), lotr (#2)",to-read,,,,0,0
5907,"The Hobbit, or There and Back Again",J.R.R. Tolkien,"Tolkien, J.R.R.","Douglas A. Anderson, Michael Hague, Jemima Catlin","=""""","=""""",4.0,Houghton Mifflin,Paperback,366,2002,1937,,2015/07/26,"provo, lotr","provo (#290), lotr (#1)",read,,,,1,0
444381,"The Princess and the Goblin  (Princess Irene and Curdie, #1)",George MacDonald,"MacDonald, George",Arthur Hughes,"=""0140367462""","=""9780140367461""",0,Puffin,Paperback,241,1997,1872,,2026/06/17,"to-read, tolkien","to-read (#1886), tolkien (#19)",to-read,,,,0,0
2270649,The House of the Wolfings,William Morris,"Morris, William",,"=""1600963927""","=""9781600963926""",0,Waking Lion Press,Paperback,256,2006,1888,,2026/06/17,"to-read, tolkien","to-read (#1885), tolkien (#17)",to-read,,,,0,0
3218173,The Well at the World's End,William Morris,"Morris, William",,"=""0345244826""","=""9780345244826""",0,Ballantine Books,Mass Market Paperback,562,1975,1896,,2026/06/17,"to-read, tolkien","to-read (#1884), tolkien (#16)",to-read,,,,0,0
672875,Le Morte d'Arthur: King Arthur and the Legends of the Round Table,Thomas Malory,"Malory, Thomas","Keith Baines, Robert Graves","=""0451528166""","=""9780451528162""",0,Signet Classics,Mass Market Paperback,512,2001,1485,,2026/06/17,"to-read, tolkien, king-arthur","to-read (#1883), tolkien (#15), king-arthur (#11)",to-read,,,,0,0
455219,The Mabinogion,Unknown,"Unknown, Unknown",Jeffrey Gantz,"=""0140443223""","=""9780140443226""",0,Penguin Classics,Paperback,311,1976,1200,,2026/06/17,"to-read, tolkien, king-arthur","to-read (#1882), tolkien (#14), king-arthur (#5)",to-read,,,,0,0
18261,The Nibelungenlied,Unknown,"Unknown, Unknown","Margaret Armour, A.T. Hatto","=""0140441379""","=""9780140441376""",0,Penguin Classics,Paperback,404,1965,1200,,2026/06/17,"to-read, tolkien","to-read (#1881), tolkien (#13)",to-read,,,,0,0
24658,The Prose Edda: Norse Mythology,Snorri Sturluson,"Sturluson, Snorri",Jesse L. Byock,"=""0140447555""","=""9780140447552""",0,Penguin Books,Paperback,224,2005,1220,,2026/06/17,"to-read, tolkien","to-read (#1880), tolkien (#12)",to-read,,,,0,0
381112,The Poetic Edda: Stories of the Norse Gods and Heroes,Unknown,"Unknown, Unknown","Henry Adams Bellows, Lee M. Hollander","=""""","=""""",0,University of Texas Press,Paperback,343,1990,1270,,2026/06/17,"tolkien, to-read","tolkien (#11), to-read (#1879)",to-read,,,,0,0
240963202,Therapy Nation: How America Got Hooked on Therapy and Why It's Left Us More Anxious and Divided,Jonathan Alpert,"Alpert, Jonathan",,"=""1335000658""","=""9781335000651""",0,Hanover Square Press,Hardcover,320,2026,,,2026/06/15,to-read,to-read (#1878),to-read,,,,0,0
20763977,Hans Christian Andersen's Complete Fairy Tales (Leather-bound Classics),Hans Christian Andersen,"Andersen, Hans Christian","Jean Pierre Hersholt, Ken Mondschein","=""1626860998""","=""9781626860995""",0,Canterbury Classics,Leather Bound,784,2014,1850,,2023/08/07,"provo, to-read","provo (#489), to-read (#1877)",to-read,,,,1,0
871589,"The Fallon Blood (Fallon, #1)",Robert Jordan,"Jordan, Robert",Reagan O'Neal,"=""0312859732""","=""9780312859732""",0,"Tom Doherty Associates, Inc.",Hardcover,381,1980,1980,,2026/06/10,to-read,to-read (#1876),to-read,,,,0,0
152231,"Conan the Invincible (Conan, #1)",Robert Jordan,"Jordan, Robert",,"=""0812542258""","=""9780812542257""",0,Tor Books,Paperback,288,1998,1982,,2026/06/10,"to-read, fictional-series","to-read (#1875), fictional-series (#47)",to-read,,,,0,0
859561,Lilith,George MacDonald,"MacDonald, George",,"=""0802860613""","=""9780802860613""",0,"Wm. B. Eerdmans Publishing Co., Michigan",Paperback,252,1982,1895,,2026/06/10,to-read,to-read (#1874),to-read,,,,0,0
179668,"The Emerald City of Oz (Oz, #6)",L. Frank Baum,"Baum, L. Frank",,"=""1587260239""","=""9781587260230""",3.0,Ann Arbor Media Group,Paperback,312,2002,1910,2026/06/08,2026/04/29,,,read,,,,1,0
4413273,The Phoenix on the Sword,Robert E. Howard,"Howard, Robert E.",,"=""1406572152""","=""9781406572155""",0,,Paperback,48,2011,1932,,2026/06/03,to-read,to-read (#1873),to-read,,,,0,0
285500,The Declaration of Independence / The Constitution of the United States,Founding Fathers,"Fathers, Founding",,"=""0553214829""","=""9780553214826""",5.0,Bantam Classics,Mass Market Paperback,112,1998,1776,2026/06/03,2015/07/27,,,read,,,,1,0
11095690,The History of the Decline and Fall of the Roman Empire: Vol. 2: Constantine and the Christian Empire,Edward Gibbon,"Gibbon, Edward",Betty Radice,"=""""","=""""",4.0,Folio Society,Hardcover,348,1984,1781,2026/06/01,2026/05/09,,,read,,,,1,0
2279,Truman,David McCullough,"McCullough, David",,"=""0671869205""","=""9780671869205""",0,Simon  Schuster,Paperback,1120,1993,1992,,2026/05/27,to-read,to-read (#1872),to-read,,,,0,0
36454667,"Empire of Silence (The Sun Eater, #1)",Christopher Ruocchio,"Ruocchio, Christopher",,"=""0756413028""","=""9780756413026""",0,DAW,Kindle Edition,753,2018,2018,,2026/05/21,"to-read, fictional-series","to-read (#1871), fictional-series (#46)",to-read,,,,0,0
17910048,"The Goblin Emperor (The Chronicles of Osreth, #1)",Katherine Addison,"Addison, Katherine",,"=""076532699X""","=""9780765326997""",0,Tor Books,Hardcover,446,2014,2014,,2026/05/21,to-read,to-read (#1870),to-read,,,,0,0
219327076,Pilgrims,M.R. Leonard,"Leonard, M.R.",,"=""""","=""9798991015615""",0,Blue Castle Press,Hardcover,404,2024,2024,,2026/05/21,to-read,to-read (#1869),to-read,,,,0,0
58416952,"The Will of the Many (Hierarchy, #1)",James Islington,"Islington, James",,"=""1982141190""","=""9781982141196""",0,Gallery / Saga Press,Kindle Edition,640,2023,2023,,2026/05/20,"to-read, fictional-series","to-read (#1868), fictional-series (#45)",to-read,,,,0,0
10178613,Mint Condition: How Baseball Cards Became an American Obsession,Dave Jamieson,"Jamieson, Dave",,"=""0802145329""","=""9780802145321""",0,Grove Press,Paperback,288,2011,2010,,2026/05/14,to-read,to-read (#1867),to-read,,,,0,0
906,"Game of Shadows: Barry Bonds, BALCO, and the Steroids Scandal that Rocked Professional Sports",Mark Fainaru-Wada,"Fainaru-Wada, Mark",Lance Williams,"=""1592401996""","=""9781592401994""",0,Gotham,Hardcover,352,2006,2006,,2026/05/09,to-read,to-read (#1866),to-read,,,,0,0
16107,"Now I Can Die in Peace: How ESPN's Sports Guy Found Salvation, with a Little Help from Nomar, Pedro, Shawshank and the 2004 Red Sox",Bill Simmons,"Simmons, Bill",,"=""1933060131""","=""9781933060132""",3.0,ESPN,Paperback,374,2006,2005,2026/05/09,2026/01/22,provo,provo (#708),read,,,,1,0
179639,"The Road to Oz (Oz, #5)",L. Frank Baum,"Baum, L. Frank",,"=""1587260379""","=""9781587260377""",2.0,,Paperback,261,1909,1909,2026/05/06,2026/04/24,,,read,,,,1,0
116597,"Dorothy and the Wizard in Oz (Oz, #4)",L. Frank Baum,"Baum, L. Frank",,"=""1421976951""","=""9781421976952""",3.0,Indypublish.Com,Paperback,148,2006,1908,2026/04/29,2026/04/22,,,read,,,,1,0
60317493,Sir Gawain And The Green Knight (A Tolkien Miscellany #5),Gawain Poet,"Poet, Gawain",J.R.R. Tolkien,"=""""","=""""",0,,Unknown Binding,146,,1375,,2023/01/13,"to-read, provo, king-arthur","to-read (#888), provo (#608), king-arthur (#10)",to-read,,,,0,0
18170289,Taking a Stand: Moving Beyond Partisan Politics to Unite America,Rand Paul,"Paul, Rand",,"=""1455549568""","=""9781455549566""",0,Center Street,Hardcover,320,2015,2014,,2023/04/17,"library-audio, to-read","library-audio (#34), to-read (#1865)",to-read,,,,0,0
60177,"Ozma of Oz (Oz, #3)",L. Frank Baum,"Baum, L. Frank",,"=""0543895149""","=""9780543895141""",3.0,Reilly & Britton,Paperback,188,2000,1907,2026/04/23,2026/04/22,,,read,,,,1,0
234583460,Thunderstruck: The Oklahoma City Thunder's Historic Run to the 2025 NBA Championship,The Oklahoman,"Oklahoman, The",,"=""1637279892""","=""9781637279892""",0,Triumph Books,Paperback,128,2025,,,2026/04/22,to-read,to-read (#1864),to-read,,,,0,0
3511702,The Woggle-Bug Book,L. Frank Baum,"Baum, L. Frank",,"=""1606640089""","=""9781606640081""",2.0,Aegypan,Paperback,52,2008,1905,2026/04/22,2026/04/11,,,read,,,,1,0
179565,"The Marvelous Land of Oz (Oz, #2)",L. Frank Baum,"Baum, L. Frank",David McKee,"=""0140350411""","=""9780140350418""",3.0,Puffin Classics,Paperback,192,1985,1904,2026/04/22,2026/04/04,,,read,,,,1,0
44148860,"The Andromeda Evolution (Andromeda, #2)",Michael Crichton,"Crichton, Michael",Daniel H. Wilson,"=""0062473271""","=""9780062473271""",3.0,Harper,Hardcover,384,2019,2019,2026/04/20,2026/01/02,,,read,,,,1,0
236093,"The Wonderful Wizard of Oz (Oz, #1)",L. Frank Baum,"Baum, L. Frank",W.W. Denslow,"=""0140621679""","=""9780140621679""",3.0,Penguin,Paperback,154,1995,1900,2026/04/11,2025/07/16,provo,provo (#686),read,,,,1,0
178427,Washington,Douglas Southall Freeman,"Freeman, Douglas Southall","Michael Kammen, Dumas Malone, Richard B. Harwell","=""0684826372""","=""9780684826370""",5.0,Simon & Schuster,Paperback,896,1995,1957,2026/04/04,2026/01/23,provo,provo (#714),read,,,,1,0
7569907,Cardboard Gods: An All-American Tale Told Through Baseball Cards,Josh Wilker,"Wilker, Josh",,"=""1934734160""","=""9781934734162""",0,Seven Footer Press,Hardcover,208,2010,2010,,2026/04/03,to-read,to-read (#1863),to-read,,,,0,0
58725042,True: The Four Seasons of Jackie Robinson,Kostya Kennedy,"Kennedy, Kostya",,"=""1250274044""","=""9781250274045""",0,St. Martin's Press,Hardcover,288,2022,2022,,2026/04/03,to-read,to-read (#1862),to-read,,,,0,0
726759,I Never Had It Made,Jackie Robinson,"Robinson, Jackie",Alfred Duckett,"=""0060555971""","=""9780060555979""",0,Ecco Press,Paperback,320,2003,1972,,2026/04/03,to-read,to-read (#1861),to-read,,,,0,0
120295,Carl Erskine's Tales from the Dodgers Dugout: Extra Innings,Carl Erskine,"Erskine, Carl",Vin Scully,"=""158261282X""","=""9781582612829""",0,Sports Pub,Hardcover,200,2004,2000,,2026/04/03,to-read,to-read (#1860),to-read,,,,0,0
18432321,Bring In the Right-Hander!: My Twenty-Two Years in the Major Leagues,Jerry Reuss,"Reuss, Jerry",,"=""0803248970""","=""9780803248977""",0,University of Nebraska Press,Hardcover,304,2014,2014,,2026/04/03,to-read,to-read (#1859),to-read,,,,0,0
318970,"Jackie Robinson and the Integration of Baseball (Turning Points in History, 16)",Scott Simon,"Simon, Scott",,"=""0470170417""","=""9780470170410""",0,Trade Paper Press,Paperback,180,2007,2002,,2026/04/03,to-read,to-read (#1858),to-read,,,,0,0
1252618,Few and Chosen Dodgers: Defining Dodgers Greatness Across the Eras,Duke Snider,"Snider, Duke","Phil Pepe, Don Zimmer","=""1572438053""","=""9781572438057""",0,Triumph Books,Hardcover,224,2006,2006,,2026/04/03,to-read,to-read (#1857),to-read,,,,0,0
34237097,The Big Chair: The Smooth Hops and Bad Bounces from the Inside World of the Acclaimed Los Angeles Dodgers General Manager,Ned Colletti,"Colletti, Ned",Joseph A. Reaves,"=""0735215723""","=""9780735215726""",0,G.P. Putnam's Sons,Hardcover,464,2017,,,2026/04/03,to-read,to-read (#1856),to-read,,,,0,0
19534,The Brothers K,David James Duncan,"Duncan, David James",,"=""055337849X""","=""9780553378498""",0,Dial Press Trade Paperback,Paperback,645,1996,1992,,2026/04/03,to-read,to-read (#1854),to-read,,,,0,0
10996342,The Art of Fielding,Chad Harbach,"Harbach, Chad",,"=""0316126691""","=""9780316126694""",0,"Little, Brown and Company",Hardcover,512,2011,2011,,2026/04/03,to-read,to-read (#1855),to-read,,,,0,0
232459,The New Bill James Historical Baseball Abstract,Bill James,"James, Bill",,"=""0743227220""","=""9780743227223""",0,Free Press,Paperback,1012,2003,1985,,2026/04/03,to-read,to-read (#1853),to-read,,,,0,0
685,The Natural,Bernard Malamud,"Malamud, Bernard",Kevin Baker,"=""0374502005""","=""9780374502003""",0,"Farrar, Straus and Giroux",Paperback,231,2003,1952,,2026/04/03,to-read,to-read (#1852),to-read,,,,0,0
24780,"The Book of Three (The Chronicles of Prydain, #1)",Lloyd Alexander,"Alexander, Lloyd",,"=""0805080481""","=""9780805080483""",0,Square Fish,Paperback,224,2006,1964,,2026/04/03,"to-read, fictional-series","to-read (#1851), fictional-series (#44)",to-read,,,,0,0
41580341,Founding Mothers,Cokie Roberts,"Roberts, Cokie",,"=""0061867462""","=""9780061867460""",0,HarperCollins,Kindle Edition,384,2009,2004,,2026/03/29,"to-read, provo","to-read (#1850), provo (#738)",to-read,,,,0,0
21343,The Five Dysfunctions of a Team,Patrick Lencioni,"Lencioni, Patrick",,"=""0787960756""","=""9780787960759""",0,FisicalBook,Paperback,228,2011,2002,,2019/07/13,"to-read, provo","to-read (#459), provo (#737)",to-read,,,,0,0
3428011,Edmund Randolph: A Biography,John J. Reardon,"Reardon, John J.",,"=""0026012006""","=""9780026012003""",0,Macmillan,Hardcover,517,1975,1975,,2026/03/29,to-read,to-read (#1849),to-read,,,,0,0
51579799,The Cabinet: George Washington and the Creation of an American Institution,Lindsay M. Chervinsky,"Chervinsky, Lindsay M.",,"=""0674986482""","=""9780674986480""",0,Belknap Press,Hardcover,432,2020,2020,,2026/03/29,to-read,to-read (#1848),to-read,,,,0,0
21412175,The Best Team Money Can Buy,Molly Knight,"Knight, Molly",,"=""1476776296""","=""9781476776293""",0,Simon & Schuster,Hardcover,336,2015,2015,,2026/03/28,to-read,to-read (#1847),to-read,,,,0,0
106610,Amazing Grace: William Wilberforce and the Heroic Campaign to End Slavery,Eric Metaxas,"Metaxas, Eric",,"=""0061173002""","=""9780061173004""",5.0,HarperOne,Hardcover,281,2007,2007,2026/03/26,2015/10/01,provo,provo (#112),read,"Wilberforce exemplifies a favorite quote of mine from Joseph Smith: “A man filled with the love of God, is not content with blessing his family alone, but ranges through the whole world, anxious to bless the whole human race.” ",,,1,0
221251857,"King of Kings: The Iranian Revolution—A Story of Hubris, Delusion and Catastrophic Miscalculation",Scott Anderson,"Anderson, Scott",,"=""0385548079""","=""9780385548076""",0,Doubleday,Hardcover,481,2025,2025,,2026/03/25,to-read,to-read (#1846),to-read,,,,0,0
232735524,"Decoy Saves Opening Day: A Bestselling Sports Picture Book about Shohei Ohtani's Dog, for Kids (Ages 4-8)",Shohei Ohtani,"Ohtani, Shohei","Michael Blank, Fanny Liem","=""0063460777""","=""9780063460775""",0,HarperCollins,Hardcover,32,2026,,,2026/03/14,"to-read, provo","to-read (#1845), provo (#736)",to-read,,,,0,0
235699983,Shohei Ohtani: A Little Golden Book Biography,Nicole de las Heras,"Heras, Nicole de las",Toshiki Nakamura,"=""""","=""9798217117758""",0,Golden Books,Hardcover,24,2026,,,2026/03/14,"to-read, provo","to-read (#1844), provo (#735)",to-read,,,,0,0
242159905,この音とまれ! 33 [Kono Oto Tomare! 33],Amyuu,"Amyuu, Amyuu",アミュー,"=""4088846184""","=""9784088846187""",0,集英社,Paperback,236,2025,2025,,2026/03/14,"to-read, provo","to-read (#1843), provo (#734)",to-read,,,,0,0
223747311,この音とまれ! 32 [Kono Oto Tomare! 32],Amyuu,"Amyuu, Amyuu",アミュー,"=""4088843320""","=""9784088843322""",0,集英社,Paperback,236,2025,2025,,2026/03/14,"to-read, provo","to-read (#1842), provo (#733)",to-read,,,,0,0
61057036,この音とまれ! 26 [Kono Oto Tomare! 26],Amyuu,"Amyuu, Amyuu",アミュー,"=""4088830555""","=""9784088830551""",0,集英社,Paperback,196,2022,2022,,2026/03/14,"to-read, provo","to-read (#1841), provo (#732)",to-read,,,,0,0
33620003,この音とまれ! 14 [Kono Oto Tomare! 14],Amyuu,"Amyuu, Amyuu",アミュー,"=""4088810295""","=""9784088810294""",0,集英社,Paperback,218,2017,2017,,2026/03/14,"to-read, provo","to-read (#1840), provo (#731)",to-read,,,,0,0
32885034,この音とまれ! 13 [Kono Oto Tomare! 13],Amyuu,"Amyuu, Amyuu",アミュー,"=""4088808134""","=""9784088808130""",0,集英社,Paperback,204,2016,2016,,2026/03/14,"to-read, provo","to-read (#1839), provo (#730)",to-read,,,,0,0
18604416,この音とまれ! 1 [Kono Oto Tomare! 1],Amyuu,"Amyuu, Amyuu",アミュー,"=""""","=""""",0,集英社 ,Kindle Edition,200,2014,2012,,2026/03/14,"to-read, provo","to-read (#1838), provo (#729)",to-read,,,,0,0
6797460,"One Piece, Volume 44: Let's Go Back",Eiichiro Oda,"Oda, Eiichiro",,"=""1421534606""","=""9781421534602""",5.0,VIZ Media LLC,Paperback,232,2010,2006,2025/07/12,2025/04/24,provo,provo (#728),read,,,,1,0
6801574,"One Piece, Volume 41: Declaration of War",Eiichiro Oda,"Oda, Eiichiro",,"=""1421534576""","=""9781421534572""",5.0,VIZ Media LLC,Paperback,232,2010,2006,2025/04/06,2025/02/23,provo,provo (#727),read,,,,1,0
59026299,Anxiously Engaged: A Biography of M. Russell Ballard,Susan Easton Black,"Black, Susan Easton",Joseph Walker,"=""162972954X""","=""9781629729541""",5.0, Deseret Book ,Hardcover,416,2021,,2026/03/07,2025/11/25,provo,provo (#679),read,Met him a couple times before he died. A great man whose warmth and goodness is captured here really nicely.,,,1,0
358208,Japan's Cultural Code Words: 233 Key Terms That Explain the Attitudes and Behavior of the Japanese,Boyé Lafayette De Mente,"Mente, Boyé Lafayette De",,"=""0804835748""","=""9780804835749""",0,Tuttle Publishing,Paperback,316,2004,2004,,2026/03/05,to-read,to-read (#1837),to-read,,,,0,0
59896373,"A History of Japan in Manga: Samurai, Shoguns and World War II",kanaya shunichiro,"shunichiro, kanaya",Zack Davisson,"=""4805316705""","=""9784805316702""",0,Tuttle Publishing,Paperback,320,2023,2023,,2026/03/05,to-read,to-read (#1836),to-read,,,,0,0
32766941,City of Dreams: Dodger Stadium and the Birth of Modern Los Angeles,Jerald Podair,"Podair, Jerald",,"=""0691125031""","=""9780691125039""",0,Princeton University Press,Hardcover,384,2017,2017,,2026/02/21,to-read,to-read (#1835),to-read,,,,0,0
6193668,Warrior of God: Jan Zizka and the Hussite Revolution,Victor Verney,"Verney, Victor",,"=""1848325169""","=""9781848325166""",0,Frontline Books,Hardcover,256,2009,2009,,2026/02/18,to-read,to-read (#1834),to-read,,,,0,0
49871387,Jan Žižka: Život a doba husitského válečníka,Petr Čornej,"Čornej, Petr",,"=""8074329909""","=""9788074329906""",0,Paseka,Hardcover,856,2019,2019,,2026/02/18,to-read,to-read (#1833),to-read,,,,0,0
7831420,Pitt the Elder: Man of War,Edward Pearce,"Pearce, Edward",,"=""184792011X""","=""9781847920119""",0,The Bodley Head,Hardcover,400,2010,2010,,2026/02/18,to-read,to-read (#1832),to-read,,,,0,0
18114115,The Triple Package: How Three Unlikely Traits Explain the Rise and Fall of Cultural Groups in America,Amy  Chua,"Chua, Amy",Jed Rubenfeld,"=""1594205469""","=""9781594205460""",0,Penguin Press,Hardcover,336,2014,2014,,2026/02/10,to-read,to-read (#1831),to-read,,,,0,0
36642458,"Skyward (Skyward, #1)",Brandon Sanderson,"Sanderson, Brandon",,"=""1473217857""","=""9781473217850""",0,Gollancz,Hardcover,528,2018,2018,,2023/09/17,"to-read, fictional-series, provo","to-read (#1472), fictional-series (#35), provo (#726)",to-read,,,,0,0
2026202,"The Luftwaffe: Creating the Operational Air War, 1918-1940",James S. Corum,"Corum, James S.",,"=""0700608362""","=""9780700608362""",0,University Press of Kansas,Hardcover,388,1997,1997,,2026/02/03,"to-read, provo","to-read (#1830), provo (#725)",to-read,,,,0,0
16085481,"Crazy Rich Asians (Crazy Rich Asians, #1)",Kevin Kwan,"Kwan, Kevin",,"=""0385536976""","=""9780385536974""",0,Doubleday,Hardcover,403,2013,2013,,2026/02/03,"to-read, provo","to-read (#1829), provo (#724)",to-read,,,,0,0
7940591,Blockade Billy,Stephen  King,"King, Stephen",,"=""1587672286""","=""9781587672286""",0,Cemetery Dance Publications,Hardcover,112,2010,2010,,2026/02/03,"to-read, provo","to-read (#1828), provo (#723)",to-read,,,,0,0
8665582,Brionne,Louis L'Amour,"L'Amour, Louis",,"=""""","=""""",0,,Kindle Edition,160,,1968,,2026/02/03,"to-read, provo","to-read (#1827), provo (#722)",to-read,,,,0,0
42697,Exodus,Leon Uris,"Uris, Leon",,"=""0553258478""","=""9780553258479""",0,"Bantam Books, Inc.",Mass Market Paperback,599,1986,1958,,2022/07/13,"to-read, provo","to-read (#676), provo (#721)",to-read,,,,0,0
10584,Desperation,Stephen  King,"King, Stephen",,"=""""","=""""",0,Signet Book,Mass Market Paperback,547,1997,1996,,2026/02/03,"to-read, provo","to-read (#1826), provo (#720)",to-read,,,,0,0
770183,The Oxford Illustrated History of the British Monarchy,John Cannon,"Cannon, John",Ralph Griffiths,"=""0198227868""","=""9780198227861""",0,Oxford University Press,Hardcover,744,1988,1988,,2026/02/03,"to-read, provo","to-read (#1825), provo (#719)",to-read,,,,0,0
32273474,Patrick Henry: Champion of Liberty,Jon Kukla,"Kukla, Jon",,"=""143919081X""","=""9781439190814""",0,Simon & Schuster,Hardcover,592,2017,2017,,2026/02/03,"to-read, provo","to-read (#1824), provo (#718)",to-read,,,,0,0
47212,"Storm Front (The Dresden Files, #1)",Jim  Butcher,"Butcher, Jim",,"=""0451457811""","=""9780451457813""",0,Penguin ROC,Mass Market Paperback,372,2000,2000,,2022/10/16,"to-read, fictional-series, provo","to-read (#764), fictional-series (#18), provo (#716)",to-read,,,,0,0
123206298,"Murtagh (The Inheritance Cycle, #5)",Christopher Paolini,"Paolini, Christopher",,"=""1774882965""","=""9781774882993""",3.0,Penguin Teen Canada,Kindle Edition,688,2023,2023,2026/01/31,2025/12/08,,,read,Glad I read it for the payoff and continuing the Inheritance story but dragged on a bit,,,1,0
213870658,"The Kiss Bet, Vol. 1",Ingrid Ochoa,"Ochoa, Ingrid",,"=""1998341143""","=""9781998341146""",0,WEBTOON Unscrolled,Paperback,288,2025,2025,,2026/01/30,"to-read, provo","to-read (#1822), provo (#715)",to-read,,,,0,0
7997567,Driven: An Autobiography,Larry H. Miller,"Miller, Larry H.",Doug Robinson,"=""1606416561""","=""9781606416563""",4.0,Shadow Mountain Publishing,Hardcover,384,2010,2010,2026/01/23,2019/08/03,,,read,"Impressed by Larry, feel bad for his wife.",,,1,0
34268,"Peter Pan (Peter Pan, #2)",J.M. Barrie,"Barrie, J.M.",Michael Hague,"=""0805072454""","=""9780805072457""",0,Henry Holt and Co.,Hardcover,155,2003,1911,,2026/01/22,"to-read, provo","to-read (#1821), provo (#713)",to-read,,,,0,0
25830913,The Works of John Keats,John Keats,"Keats, John",,"=""""","=""""",0,Wordsworth Editions,Paperback,491,1994,2009,,2026/01/22,"to-read, provo","to-read (#1820), provo (#712)",to-read,,,,0,0
16117915,Reader's Digest Great Stories for Young Readers,Reader's Digest Association,"Association, Reader's Digest",,"=""""","=""""",0,The Reader's Digest Association Inc,Hardcover,832,1969,1969,,2026/01/22,"to-read, provo","to-read (#1819), provo (#711)",to-read,,,,0,0
448135,The Coldest Winter: America and the Korean War,David Halberstam,"Halberstam, David",,"=""1401300529""","=""9781401300524""",0,Hyperion,Hardcover,734,2007,2007,,2026/01/22,"to-read, provo","to-read (#1818), provo (#710)",to-read,,,,0,0
451211,The Lunar Men: Five Friends Whose Curiosity Changed the World,Jenny Uglow,"Uglow, Jenny",,"=""0374528888""","=""9780374528881""",0,"Farrar, Straus and Giroux",Paperback,608,2003,2002,,2026/01/22,"to-read, provo","to-read (#1817), provo (#709)",to-read,,,,0,0
6663818,Nomad: From Islam to America: A Personal Journey Through the Clash of Civilizations,Ayaan Hirsi Ali,"Ali, Ayaan Hirsi",,"=""1439157316""","=""9781439157312""",0,Free Press,Hardcover,277,2010,2010,,2026/01/22,"to-read, provo","to-read (#1816), provo (#707)",to-read,,,,0,0
52854193,The Answer Is…: Reflections on My Life,Alex Trebek,"Trebek, Alex",,"=""""","=""""",0,Simon & Schuster,Hardcover,304,2020,2020,,2026/01/22,"to-read, provo","to-read (#1815), provo (#706)",to-read,,,,0,0
9439303,Life,Keith Richards,"Richards, Keith",James    Fox,"=""0297854399""","=""9780297854395""",0,Weidenfeld & Nicolson,Hardcover,576,2010,2010,,2026/01/22,"to-read, provo","to-read (#1814), provo (#705)",to-read,,,,0,0
6531880,Pops: A Life of Louis Armstrong,Terry Teachout,"Teachout, Terry",,"=""0151010897""","=""9780151010899""",0,Houghton Mifflin Harcourt,Hardcover,475,2009,2009,,2026/01/22,"to-read, provo","to-read (#1813), provo (#704)",to-read,,,,0,0
136610,Yogi: It Ain't Over,Yogi Berra,"Berra, Yogi",Tom Horton,"=""0061000124""","=""9780061000126""",0,HarperTorch,Mass Market Paperback,305,1990,1989,,2026/01/22,"to-read, provo","to-read (#1812), provo (#703)",to-read,,,,0,0
253199,The Only Way I Know: With Highlights from the 1997 Season,Cal Ripken Jr.,"Jr., Cal Ripken",Mike Bryan,"=""0140266267""","=""9780140266269""",0,Penguin Publishing Group,Paperback,368,1998,1997,,2026/01/22,"to-read, provo","to-read (#1811), provo (#702)",to-read,,,,0,0
15902792,"Still Foolin' 'Em: Where I've Been, Where I'm Going, and Where the Hell Are My Keys",Billy Crystal,"Crystal, Billy",,"=""0805098232""","=""9780805098235""",0,Henry Holt and Co.,Hardcover,288,2013,2013,,2026/01/22,"to-read, provo","to-read (#1810), provo (#701)",to-read,,,,0,0
8069169,William F. Buckley Jr.: The Maker of a Movement,Lee Edwards,"Edwards, Lee",,"=""193519173X""","=""9781935191735""",0,Intercollegiate Studies Institute,Hardcover,208,2010,2010,,2026/01/22,"to-read, provo","to-read (#1809), provo (#700)",to-read,,,,0,0
272507,Lindbergh,A. Scott Berg,"Berg, A. Scott",,"=""0425170411""","=""9780425170410""",0,Penguin Publishing Group,Paperback,688,1999,1998,,2026/01/22,"to-read, provo","to-read (#1808), provo (#699)",to-read,,,,0,0
8954,"Word Freak: Heartbreak, Triumph, Genius, and Obsession in the World of Competitive Scrabble Players",Stefan Fatsis,"Fatsis, Stefan",,"=""0142002267""","=""9780142002261""",0,Penguin Books,Paperback,400,2002,2002,,2026/01/22,"to-read, provo","to-read (#1807), provo (#698)",to-read,,,,0,0
4106250,Mark Twain's Guide to Heidelberg: His Journey Through Germany in 1878,Mark Twain,"Twain, Mark",Werner Pieper,"=""3922708129""","=""9783922708124""",0,Werner Pieper's MedienXperimente,Paperback,127,1996,1995,,2026/01/22,"to-read, provo","to-read (#1806), provo (#697)",to-read,,,,0,0
211210,Japan Unbound: A Volatile Nation's Quest for Pride and Purpose,John Nathan,"Nathan, John",,"=""0618138943""","=""9780618138944""",0,Houghton Mifflin,Hardcover,271,2004,2004,,2026/01/22,"to-read, provo","to-read (#1805), provo (#696)",to-read,,,,0,0
75411,Summer of '49,David Halberstam,"Halberstam, David",,"=""0060884266""","=""9780060884260""",0,William Morrow Paperbacks,Paperback,354,2006,1989,,2022/02/06,"to-read, provo","to-read (#625), provo (#695)",to-read,,,,0,0
6033465,The Yankee Years,Joe Torre,"Torre, Joe",Tom Verducci,"=""0385527403""","=""9780385527408""",0,Doubleday,Hardcover,502,2009,2009,,2026/01/22,"to-read, provo","to-read (#1804), provo (#694)",to-read,,,,0,0
7670,"The Andromeda Strain (Andromeda, #1)",Michael Crichton,"Crichton, Michael",,"=""0060541814""","=""9780060541811""",3.0,Avon,Mass Market Paperback,327,2003,1969,2026/01/11,2023/07/23,provo,provo (#452),read,,,,1,0
219470797,The Challenge of Joseph H. Jackson: How America's Most Powerful Black Preacher Became a Forgotten Man,Jared E. Alcántara,"Alcántara, Jared E.",,"=""0197598838""","=""9780197598832""",0,Oxford University Press,Kindle Edition,376,2024,,,2026/01/07,to-read,to-read (#1803),to-read,,,,0,0
7421452,"One Piece, Volume 49: Nightmare Luffy",Eiichiro Oda,"Oda, Eiichiro",,"=""1421534657""","=""9781421534657""",4.0,VIZ Media LLC,Paperback,232,2010,2008,2026/01/04,2025/11/28,,,read,,,,1,0
89448,A History of Christianity,Paul  Johnson,"Johnson, Paul",,"=""0684815036""","=""9780684815039""",5.0,Simon & Schuster,Paperback,576,1979,1976,2026/01/02,2023/08/07,provo,provo (#486),read,,,,1,0
269864,"Kings, Queens, Bones & Bastards: Who's Who in the English Monarchy from Egbert to Elizabeth II",David Hilliam,"Hilliam, David",,"=""0750935537""","=""9780750935531""",0,The History Press,Paperback,256,2004,1998,,2025/12/31,to-read,to-read (#1802),to-read,,,,0,0
6797464,"One Piece, Volume 48: Adventures of Oars",Eiichiro Oda,"Oda, Eiichiro",,"=""1421534649""","=""9781421534640""",4.0,VIZ Media LLC,Paperback,232,2010,2007,2025/12/31,2025/11/28,,,read,,,,1,0
3023,Basic Economics: A Citizen's Guide to the Economy,Thomas Sowell,"Sowell, Thomas",,"=""0465081452""","=""9780465081455""",0,Basic Books,Hardcover,448,2003,2000,,2015/08/15,"to-read, provo","to-read (#101), provo (#693)",to-read,,,,0,0
62593247,I'm Not Charlotte Lucas,Kasey Stockton,"Stockton, Kasey",,"=""""","=""""",0,Covenant Communications,Paperback,240,2023,2023,,2025/12/31,"to-read, provo","to-read (#1801), provo (#692)",to-read,,,,0,0
60860126,"The Best Mistake (Dream's Edge, #2.5)",Traci Hunter Abramson,"Abramson, Traci Hunter",,"=""152442241X""","=""9781524422417""",0,Covenant Communications,Kindle Edition,145,2022,,,2025/12/31,"to-read, provo","to-read (#1800), provo (#691)",to-read,,,,0,0
209239092,"Royal Duty  (Royal, #5)",Traci Hunter Abramson,"Abramson, Traci Hunter",,"=""1524425389""","=""9781524425388""",0,Covenant Communications,Paperback,280,2024,,,2025/12/31,"to-read, provo","to-read (#1799), provo (#690)",to-read,,,,0,0
54655852,In Times of Rain and War,Camron Wright,"Wright, Camron",,"=""1629728543""","=""9781629728544""",0,Shadow Mountain,Hardcover,320,2021,2021,,2025/12/31,"to-read, provo","to-read (#1798), provo (#689)",to-read,,,,0,0
10595932,"Verse by Verse: The Book of Mormon, Volume One: 1 Nephi through Alma 29",D. Kelly Ogden,"Ogden, D. Kelly",Andrew C. Skinner,"=""1609087402""","=""9781609087401""",0,Deseret Book,Hardcover,512,2011,2011,,2025/12/31,"to-read, provo","to-read (#1797), provo (#688)",to-read,,,,0,0
223229451,In Their Own Words: Pioneer Women of Faith,Sandra Rast,"Rast, Sandra",Julie Rogers,"=""1524427896""","=""9781524427894""",0,Covenant Communications,Hardcover,112,2025,,,2025/12/31,"to-read, provo","to-read (#1796), provo (#687)",to-read,,,,0,0
2213661,The Graveyard Book,Neil Gaiman,"Gaiman, Neil",Dave McKean,"=""0060530928""","=""9780060530921""",3.0,HarperCollins,Hardcover,312,2008,2008,2025/12/30,2021/09/28,provo,provo (#264),read,,,,1,0
220160582,Desi Arnaz: The Man Who Invented Television,Todd Purdum,"Purdum, Todd",,"=""1668023067""","=""9781668023068""",0,Simon & Schuster,Hardcover,368,2025,2025,,2025/12/15,to-read,to-read (#1795),to-read,,,,0,0
26152839,"The Fork, the Witch, and the Worm: Eragon (Tales from Alagaësia #1; The Inheritance Cycle World)",Christopher Paolini,"Paolini, Christopher",,"=""1984894889""","=""9781984894885""",3.0,Knopf Books for Young Readers,ebook,288,2018,2018,2025/12/13,2025/12/08,,,read,,,,1,0
554894,John Wesley: A Biography,Stephen Tomkins,"Tomkins, Stephen",,"=""0802824994""","=""9780802824998""",0,Eerdmans,Paperback,208,2003,2003,,2025/12/13,to-read,to-read (#1794),to-read,,,,0,0
7664041,"Inheritance (The Inheritance Cycle, #4)",Christopher Paolini,"Paolini, Christopher",,"=""0375856110""","=""9780375856112""",4.0,Alfred A. Knopf,Hardcover,849,2011,2011,2025/12/08,2025/10/22,,,read,,,,1,0
38903002,"Wrath of the Dragon King (Dragonwatch, #2)",Brandon Mull,"Mull, Brandon",,"=""1629724866""","=""9781629724867""",0,Shadow Mountain,Hardcover,416,2018,2018,,2025/11/30,"to-read, provo","to-read (#1793), provo (#685)",to-read,,,,0,0
58034867,Broken Dreams (Dream's Edge #1.5),Traci Hunter Abramson,"Abramson, Traci Hunter",,"=""1524419672""","=""9781524419677""",0,Covenant Communications,Kindle Edition,155,2021,,,2025/11/30,"to-read, provo","to-read (#1792), provo (#684)",to-read,,,,0,0
60423567,Women Who Believe: Messages of Joy from the Sermon on the Mount,Heather B. Moore,"Moore, Heather B.",Angela Eschler,"=""152442174X""","=""9781524421748""",0,Covenant Communications,Hardcover,80,2022,,,2025/11/28,"to-read, provo","to-read (#1791), provo (#683)",to-read,,,,0,0
41017434,The Classic Fantasy Collection,Arcturus Publishing,"Publishing, Arcturus",,"=""1788280768""","=""9781788280761""",0,Sirius,Hardcover,928,2018,,,2025/11/28,"to-read, provo","to-read (#1790), provo (#682)",to-read,,,,0,0
6797463,"One Piece, Volume 47: Cloudy, Partly Bony",Eiichiro Oda,"Oda, Eiichiro",,"=""1421534630""","=""9781421534633""",4.0,VIZ Media LLC,Paperback,216,2010,2007,2025/11/28,2025/08/11,,,read,,,,1,0
221507130,"Born Lucky: A Dedicated Father, A Grateful Son, and My Journey with Autism",Leland Vittert,"Vittert, Leland",,"=""1400254752""","=""9781400254750""",0,Harper Horizon,Kindle Edition,272,2025,,,2025/11/25,to-read,to-read (#1788),to-read,,,,0,0
59919947,"Dreams of Gold (Dream’s Edge, #2)",Traci Hunter Abramson,"Abramson, Traci Hunter",,"=""1524418900""","=""9781524418908""",0,Covenant Communications,Paperback,312,2022,2022,,2025/11/25,to-read,to-read (#1787),to-read,,,,0,0
61932182,"Worlds Collide (Dream's Edge, #3)",Traci Hunter Abramson,"Abramson, Traci Hunter",,"=""1524422606""","=""9781524422608""",0,Covenant Communications,Paperback,320,2023,2023,,2025/11/25,to-read,to-read (#1786),to-read,,,,0,0
57178179,"Song of Salzburg (Romance on the Orient Express, #4)",Jen Geigle Johnson,"Johnson, Jen Geigle",,"=""1524417602""","=""9781524417604""",0,Covenant Communications ,Paperback,208,2021,2021,,2025/11/25,"to-read, provo","to-read (#1785), provo (#681)",to-read,,,,0,0
63876962,"My Lord, He Calls Me: Stories of Faith by Black American Latter-day Saints",Alice Faulkner Burch,"Burch, Alice Faulkner",,"=""1649331800""","=""9781649331809""",0,Deseret Book Company,Kindle Edition,225,2022,,,2025/11/25,"to-read, provo","to-read (#1784), provo (#680)",to-read,,,,0,0
57035660,Why We Fought: Inspiring Stories of Resisting Hitler and Defending Freedom,Jerry Borrowman,"Borrowman, Jerry",,"=""1629729345""","=""9781629729343""",0,Shadow Mountain,Hardcover,208,2021,2021,,2025/11/25,to-read,to-read (#1783),to-read,,,,0,0
44025149,Bill Marriott: Success Is Never Final--his Life and the Decisions That Built a Hotel Empire,Dale Van Atta,"Atta, Dale Van",,"=""1629726001""","=""9781629726007""",0,Shadow Mountain,Hardcover,544,2019,,,2025/11/25,"to-read, provo","to-read (#1782), provo (#678)",to-read,,,,0,0
189375576,The Befallen,Cambria Williams,"Williams, Cambria",,"=""1953491596""","=""9781953491596""",0,Immortal Works LLC,Paperback,442,2023,,,2025/11/21,to-read,to-read (#1781),to-read,,,,0,0
9435229,The Gaijin Pitcher: The Life and Times of Victor Starffin,John Berry,"Berry, John",,"=""1452882193""","=""9781452882192""",0,CreateSpace Independent Publishing Platform,Paperback,152,2010,2010,,2025/11/19,to-read,to-read (#1780),to-read,,,,0,0
3419601,Wally Yonamine: The Man Who Changed Japanese Baseball,Robert K. Fitts,"Fitts, Robert K.",,"=""0803213816""","=""9780803213814""",0,University of Nebraska Press,Hardcover,368,2008,2008,,2025/11/18,to-read,to-read (#1779),to-read,,,,0,0
416113,The History of Statistics: The Measurement of Uncertainty before 1900,Stigler,"Stigler, Stigler",,"=""067440341X""","=""9780674403413""",0,Belknap Press,Paperback,428,1990,1986,,2025/11/17,to-read,to-read (#1778),to-read,,,,0,0
163972400,"Sunday, the True Sabbath of God: Or, Saturday Proven to Be Neither the Sabbath of the Old Testament, Nor the Sabbath of the Ancients, Who Lived Before ... Heresy, and a Vindication of the by Samuel Walter Gamble (2015-09-27)",Samuel Walter Gamble,"Gamble, Samuel Walter",,"=""""","=""""",0,Forgotten Books,Paperback,0,,,,2025/11/16,to-read,to-read (#1777),to-read,,,,0,0
1060384,The Greatest Baseball Stories Ever Told,Jeff Silverman,"Silverman, Jeff",,"=""158574364X""","=""9781585743643""",0,Lyons Pr,Hardcover,326,2001,2001,,2025/11/14,to-read,to-read (#1776),to-read,,,,0,0
206549638,"The Golden Thread: A History of the Western Tradition, Volume I: The Ancient World and Christendom",James Hankins,"Hankins, James",Allen C. Guelzo,"=""1641773995""","=""9781641773997""",0,Encounter Books,Hardcover,1308,2025,2025,,2025/11/13,to-read,to-read (#1775),to-read,,,,0,0
55921510,Winning Fixes Everything: How Baseball's Brightest Minds Created Sports' Biggest Mess,Evan Drellich,"Drellich, Evan",,"=""006304904X""","=""9780063049048""",0,Harper,Hardcover,368,2023,,,2025/11/12,to-read,to-read (#1774),to-read,,,,0,0
57632518,Eusebius: The Church History,Paul L. Maier,"Maier, Paul L.",,"=""0825447216""","=""9780825447211""",0,Kregel Academic,Hardcover,416,2021,,,2025/11/10,to-read,to-read (#1773),to-read,,,,0,0
101143710,"Illustrated World of Tolkien: The Second Age - Tolkien Reference Book for All Ages, Illustrated Lord of the Rings Guide",David Day,"Day, David",,"=""1667203371""","=""9781667203379""",0,Thunder Bay Press,Hardcover,288,2023,,,2024/08/24,"to-read, provo","to-read (#1681), provo (#651)",to-read,,,,0,0
15636136,Schloss Heidelberg Im Zeitalter Der Romantik (German Edition),Staatl Schlosser und Garten,"Garten, Staatl Schlosser und",,"=""379541251X""","=""9783795412517""",3.0,Schnell & Steiner,Perfect Paperback,144,1999,,2025/11/06,2018/05/20,provo,provo (#641),read,,,,1,0
300674,To Hell and Back,Audie Murphy,"Murphy, Audie",,"=""0805070869""","=""9780805070866""",0,Holt Paperbacks,Paperback,274,2002,1949,,2025/11/06,to-read,to-read (#1772),to-read,,,,0,0
238352251,Hostage,Eli Sharabi,"Sharabi, Eli",,"=""0063489791""","=""9780063489790""",0,Harper Influence,Hardcover,208,2025,2025,,2025/11/05,to-read,to-read (#1771),to-read,,,,0,0
137784,"The Era, 1947-1957: When the Yankees, the Giants, and the Dodgers Ruled the World",Roger Kahn,"Kahn, Roger",,"=""0803278055""","=""9780803278059""",0,Bison Books,Paperback,392,2002,1993,,2025/11/01,to-read,to-read (#1770),to-read,,,,0,0
222754814,"L.A. Story: Shohei Ohtani, The Los Angeles Dodgers, and a Season for the Ages",Bill Plunkett,"Plunkett, Bill",,"=""1637277652""","=""9781637277652""",0,Triumph Books,Hardcover,256,2025,2025,,2025/11/01,to-read,to-read (#1769),to-read,,,,0,0
51205963,"Stealing Home: Los Angeles, the Dodgers, and the Lives Caught in Between",Eric Nusbaum,"Nusbaum, Eric",,"=""1541742214""","=""9781541742215""",0,PublicAffairs,Hardcover,333,2020,2020,,2025/11/01,to-read,to-read (#1768),to-read,,,,0,0
217082251,Turner: The Essential Paintings,Valérie Mettais,"Mettais, Valérie",,"=""3791377809""","=""9783791377803""",0,Prestel,Hardcover,240,2025,,,2025/10/28,to-read,to-read (#1767),to-read,,,,0,0
487295,The Celebrant,Eric Rolfe Greenberg,"Greenberg, Eric Rolfe",,"=""0803270372""","=""9780803270374""",0,Bison Books,Paperback,272,1993,1983,,2025/10/26,"to-read, provo","to-read (#1766), provo (#677)",to-read,,,,0,0
445254,Shades of Glory: The Negro Leagues & the Story of African-American Baseball,Lawrence D. Hogan,"Hogan, Lawrence D.",Jules Tygiel,"=""079225306X""","=""9780792253068""",0,National Geographic,Hardcover,448,2006,2006,,2025/10/26,"to-read, provo","to-read (#1765), provo (#676)",to-read,,,,0,0
12749,"Swann’s Way (In Search of Lost Time, #1)",Marcel Proust,"Proust, Marcel",Lydia Davis,"=""0142437964""","=""9780142437964""",0,Penguin Classics,Paperback,468,2004,1913,,2022/09/20,"to-read, provo","to-read (#734), provo (#675)",to-read,,,,0,0
2248573,"Brisingr (The Inheritance Cycle, #3)",Christopher Paolini,"Paolini, Christopher",,"=""0375826726""","=""9780375826726""",3.0,Alfred A. Knopf,Hardcover,748,2008,2008,2025/10/22,2025/09/18,,,read,,,,1,0
2219561,Rome 1960: The Olympics That Changed the World,David Maraniss,"Maraniss, David",,"=""1416534075""","=""9781416534075""",4.0,Simon & Schuster,Hardcover,478,2008,2008,2025/10/18,2022/10/01,,,read,,,,1,0
387373,Swastika Night,Katharine Burdekin,"Burdekin, Katharine","Murray Constantine, Daphne Patai","=""0935312560""","=""9780935312560""",0,The Feminist Press at CUNY,Paperback,196,1985,1937,,2025/10/09,to-read,to-read (#1764),to-read,,,,0,0
7015213,The New Utopia,Jerome K. Jerome,"Jerome, Jerome K.",,"=""""","=""""",0,,ebook,28,1891,1891,,2025/10/09,to-read,to-read (#1763),to-read,,,,0,0
4025275,War's Unwomanly Face,Svetlana Alexievich,"Alexievich, Svetlana","Richard Pevear, Larissa Volokhonsky","=""5010004941""","=""9785010004941""",0,Progress Publishers,Hardcover,247,1988,1983,,2025/09/29,to-read,to-read (#1762),to-read,,,,0,0
26792284,The Only Rule Is It Has to Work: Our Wild Experiment Building a New Kind of Baseball Team,Ben Lindbergh,"Lindbergh, Ben",Sam Miller,"=""1627795642""","=""9781627795647""",0,Henry Holt and Co.,Hardcover,368,2016,2016,,2025/09/29,to-read,to-read (#1761),to-read,,,,0,0
9746,Mao: The Unknown Story,Jung Chang,"Chang, Jung",Jon Halliday,"=""0679746323""","=""9780679746324""",0,Vintage,Paperback,864,2006,2002,,2025/09/25,to-read,to-read (#1760),to-read,,,,0,0
113218,Stalin,Robert Service,"Service, Robert",,"=""0674022580""","=""9780674022584""",0,Belknap Press,Paperback,736,2006,2004,,2025/09/25,to-read,to-read (#1759),to-read,,,,0,0
93996,Hitler: 1889-1936 Hubris,Ian Kershaw,"Kershaw, Ian",,"=""0393320359""","=""9780393320350""",0,W.W. Norton & Company,Paperback,845,2000,1998,,2025/09/25,to-read,to-read (#1758),to-read,,,,0,0
20949,American Caesar: Douglas MacArthur 1880-1964,William Manchester,"Manchester, William",,"=""0316544981""","=""9780316544986""",0,"Little, Brown & Company (Boston/Toronto)",Hardcover,811,1978,1978,,2025/09/25,to-read,to-read (#1757),to-read,,,,0,0
824938,Churchill: A Life,Martin  Gilbert,"Gilbert, Martin",,"=""0805023968""","=""9780805023961""",0,Holt Paperbacks,Paperback,1088,1992,1967,,2025/09/25,to-read,to-read (#1756),to-read,,,,0,0
1440422,Baseball: The Golden Age (Oxford Paperbacks),Harold Seymour,"Seymour, Harold",Dorothy Z. Seymour,"=""0195059131""","=""9780195059137""",0,Oxford University Press,Paperback,512,1989,1971,,2022/01/07,"provo, to-read","provo (#354), to-read (#1755)",to-read,,,,1,0
1440423,Baseball: The Early Years,Harold Seymour,"Seymour, Harold","Dorothy Seymour Mills, Dorothy Z. Seymour","=""0195059123""","=""9780195059120""",0,Oxford University Press,Paperback,373,1989,1960,,2025/09/22,"to-read, gonna-get","to-read (#1754), gonna-get (#19)",to-read,,,,0,0
239141016,Land of the Ill-Imagined,Alexander Rob,"Rob, Alexander",,"=""""","=""""",4.0,Immortal Works,Kindle Edition,261,2025,,2025/09/21,2025/08/28,,,read,"This book reminded me of watching an old Disney movie in the best possible way—one like Treasure Planet that depicts whimsy and adventure while also delving into darker, deeper themes. A great read for any fantasy fan!",,,1,0
45978,"Eldest (The Inheritance Cycle, #2)",Christopher Paolini,"Paolini, Christopher",,"=""0375840400""","=""9780375840401""",4.0,Knopf Books for Young Readers,Paperback,704,2007,2005,2025/09/18,2025/08/20,,,read,,,,1,0
17252,"Crucible of War: The Seven Years' War and the Fate of Empire in British North America, 1754 - 1766",Fred  Anderson,"Anderson, Fred",,"=""0375706364""","=""9780375706363""",0,Vintage,Paperback,912,2001,2000,,2025/09/10,"to-read, provo","to-read (#1753), provo (#674)",to-read,,,,0,0
209033604,Right Wing Revolution: How to Beat the Woke and Save the West,Charlie Kirk,"Kirk, Charlie",,"=""1735503797""","=""9781735503790""",0,Winning Team Publishing,Hardcover,336,2024,2024,,2025/09/10,to-read,to-read (#1752),to-read,,,,0,0
19012900,The Nutcracker and the Mouse King,E.T.A. Hoffmann,"Hoffmann, E.T.A.",,"=""1909115673""","=""""",4.0,,Kindle Edition,122,2014,1816,2024/01/25,2023/12/18,,,read,,,,1,0
171681821,The Anxious Generation: How the Great Rewiring of Childhood Caused an Epidemic of Mental Illness,Jonathan Haidt,"Haidt, Jonathan",,"=""0593655036""","=""9780593655030""",0,Penguin Press,Hardcover,385,2024,2024,,2025/09/05,to-read,to-read (#1751),to-read,,,,0,0
207611500,We Who Wrestle with God: Perceptions of the Divine,Jordan B. Peterson,"Peterson, Jordan B.",,"=""0593542533""","=""9780593542538""",0,Portfolio,Hardcover,576,2024,2024,,2025/09/05,to-read,to-read (#1750),to-read,,,,0,0
24946776,The Wealth of Nations,Adam Smith,"Smith, Adam",,"=""""","=""""",4.0,Createspace Independent Publishing Platform,Paperback,526,2014,1776,2025/09/01,2015/12/17,provo,provo (#334),read,,,,1,0
220377455,Theater Kid: A Broadway Memoir,Jeffrey Seller,"Seller, Jeffrey",,"=""1668064189""","=""9781668064184""",0,Simon & Schuster,Hardcover,355,2025,,,2025/08/31,to-read,to-read (#1749),to-read,,,,0,0
6797462,"One Piece, Volume 46: Adventure on Ghost Island",Eiichiro Oda,"Oda, Eiichiro",,"=""1421534622""","=""9781421534626""",4.0,VIZ Media LLC,Paperback,200,2010,2007,2025/08/23,2025/07/12,,,read,,,,1,0
113436,Eragon (The Inheritance Cycle #1),Christopher Paolini,"Paolini, Christopher",,"=""0375826696""","=""9780375826696""",4.0,Alfred A. Knopf,Paperback,503,2005,2002,,2015/07/24,,,read,,,,2,0
273197,Embracing Defeat: Japan in the Wake of World War II,John W. Dower,"Dower, John W.",,"=""0393320278""","=""9780393320275""",0,W. W. Norton & Company,Paperback,676,2000,1999,,2025/08/18,to-read,to-read (#1748),to-read,,,,0,0
83346,"Through the Looking-Glass and What Alice Found There (Alice's Adventures in Wonderland, #2)",Lewis Carroll,"Carroll, Lewis","John Tenniel, Peter Glassman","=""0688120490""","=""9780688120498""",0,Books of Wonder,Hardcover,228,1993,1871,,2025/08/16,"to-read, provo","to-read (#1747), provo (#673)",to-read,,,,0,0
1945221,Robin Hood,Louis Rhead,"Rhead, Louis",,"=""0517671298""","=""9780517671290""",0,Children's Classics,Hardcover,286,1988,1912,,2025/08/16,to-read,to-read (#1746),to-read,,,,0,0
17412780,Princesses Behaving Badly: Real Stories from History—Without the Fairy-Tale Endings,Linda Rodríguez McRobbie,"McRobbie, Linda Rodríguez",,"=""1594746443""","=""9781594746444""",0,Quirk Books,Hardcover,303,2013,2013,,2025/08/16,"to-read, provo","to-read (#1745), provo (#672)",to-read,,,,0,0
568236,A Distant Mirror: The Calamitous 14th Century,Barbara W. Tuchman,"Tuchman, Barbara W.",,"=""0345349571""","=""9780345349576""",0,Random House Publishing Group,Paperback,714,1987,1978,,2025/08/15,"to-read, provo","to-read (#1740), provo (#671)",to-read,,,,0,0
35749415,Searching for Stars on an Island in Maine,Alan Lightman,"Lightman, Alan",,"=""1101871865""","=""9781101871867""",0,Pantheon,Hardcover,226,2018,2018,,2025/08/16,"to-read, provo","to-read (#1744), provo (#670)",to-read,,,,0,0
22529349,"The Forgotten Sisters (Princess Academy, #3)",Shannon Hale,"Hale, Shannon",,"=""1619634856""","=""9781619634855""",0,Bloomsbury USA Childrens,Hardcover,326,2015,2015,,2025/08/16,"to-read, provo","to-read (#1743), provo (#669)",to-read,,,,0,0
101160801,"Charlie Chaplin vs. America: When Art, Sex, and Politics Collided",Scott Eyman,"Eyman, Scott",,"=""1982176350""","=""9781982176358""",0,Simon & Schuster,Kindle Edition,428,2023,2023,,2025/08/16,to-read,to-read (#1741),to-read,,,,0,0
60504972,An Immigrant's Love Letter to the West,Konstantin Kisin,"Kisin, Konstantin",,"=""1408716046""","=""9781408716045""",0,Constable,Hardcover,288,2022,2022,,2025/08/14,to-read,to-read (#1739),to-read,,,,0,0
17934530,"Annihilation (Southern Reach, #1)",Jeff Vandermeer,"Vandermeer, Jeff",,"=""0374104093""","=""9780374104092""",0,"Farrar, Straus and Giroux",Paperback,195,2014,2014,,2025/08/13,to-read,to-read (#1738),to-read,,,,0,0
6797461,"One Piece, Volume 45: You Have My Sympathies",Eiichiro Oda,"Oda, Eiichiro",,"=""1421534614""","=""9781421534619""",3.0,VIZ Media LLC,Paperback,207,2010,2007,2025/08/09,2025/07/12,,,read,,,,1,0
217446866,"The Cherokees: In War and at Peace, 1670–1840",David Narrett,"Narrett, David",,"=""0674258207""","=""9780674258204""",0,Belknap Press: An Imprint of Harvard University Press,Hardcover,608,2025,,,2025/08/09,to-read,to-read (#1737),to-read,,,,0,0
216017751,"This Inevitable Ruin (Dungeon Crawler Carl, #7)",Matt Dinniman,"Dinniman, Matt",,"=""""","=""""",3.0,,Kindle Edition,870,2024,2024,2025/07/28,2025/06/20,,,read,,,,1,0
34497,"The Color of Magic (Discworld, #1; Rincewind, #1)",Terry Pratchett,"Pratchett, Terry",,"=""0060855924""","=""9780060855925""",4.0,Harper,Paperback,228,2005,1983,2025/07/22,2022/08/08,"fictional-series, provo","fictional-series (#2), provo (#260)",read,,,,1,0
34499,"Sourcery (Discworld, #5; Rincewind, #3)",Terry Pratchett,"Pratchett, Terry",,"=""0061020672""","=""9780061020674""",0,Harper,Mass Market Paperback,276,2008,1988,,2025/07/06,"to-read, provo","to-read (#1735), provo (#667)",to-read,,,,0,0
17245,Dracula,Bram Stoker,"Stoker, Bram","Rubén Toledo, Nina Auerbach, David J. Skal","=""0393970124""","=""9780393970128""",0,Norton,Paperback,488,1986,1897,,2022/09/23,"to-read, provo","to-read (#739), provo (#666)",to-read,,,,0,0
358936,A History of the Jews,Paul  Johnson,"Johnson, Paul",,"=""0060915331""","=""9780060915339""",5.0,Harper & Row,Paperback,644,1988,1987,2025/07/08,2019/07/06,provo,provo (#85),read,,,,1,0
157095669,Hidden Potential: The Science of Achieving Greater Things,Adam M. Grant,"Grant, Adam M.",,"=""0593653149""","=""9780593653142""",0,Viking,Hardcover,304,2023,2023,,2025/07/08,to-read,to-read (#1736),to-read,,,,0,0
48484,"Blindsight (Firefall, #1)",Peter Watts,"Watts, Peter",,"=""0765312182""","=""9780765312181""",0,Tor Books,Hardcover,384,2006,2006,,2024/01/08,to-read,to-read (#1610),to-read,,,,0,0
125887685,"The Eye of the Bedlam Bride (Dungeon Crawler Carl, #6)",Matt Dinniman,"Dinniman, Matt",,"=""""","=""""",4.0,Dandy House,Kindle Edition,694,2023,2023,2025/06/20,2025/04/10,,,read,,,,1,0
32758901,"All Systems Red (The Murderbot Diaries, #1)",Martha Wells,"Wells, Martha",,"=""""","=""""",0,Tor.com,ebook,144,2017,2017,,2025/06/18,to-read,to-read (#1733),to-read,,,,0,0
455373,Sphere,Michael Crichton,"Crichton, Michael",,"=""""","=""""",0,Ballantine Books,Paperback,371,1997,1987,,2025/06/18,to-read,to-read (#1732),to-read,,,,0,0
7497392,Even the Browns: Baseball During World War II (Dover Baseball),William B. Mead,"Mead, William B.",,"=""0486474623""","=""9780486474625""",0,Dover Publications,Paperback,272,2010,1978,,2025/06/18,to-read,to-read (#1731),to-read,,,,0,0
6801576,"One Piece, Volume 43: Legend of a Hero",Eiichiro Oda,"Oda, Eiichiro",,"=""1421534592""","=""9781421534596""",4.0,VIZ Media LLC,Paperback,224,2010,2006,2025/06/10,2025/04/10,,,read,,,,1,0
219158874,Mark Twain,Ron Chernow,"Chernow, Ron",,"=""0525561722""","=""9780525561729""",0,Penguin Press,Hardcover,1200,2025,2025,,2025/06/05,to-read,to-read (#1730),to-read,,,,0,0
212674536,Summer of Fire and Blood: The German Peasants' War,Lyndal Roper,"Roper, Lyndal",,"=""1399818066""","=""9781399818063""",0,Basic Books,Kindle Edition,501,2025,2024,,2025/06/05,to-read,to-read (#1729),to-read,,,,0,0
52950915,Die with Zero: Getting All You Can from Your Money and Your Life,Bill  Perkins,"Perkins, Bill",,"=""0358099765""","=""9780358099765""",0,Houghton Mifflin Harcourt,Hardcover,225,2020,2020,,2025/05/31,to-read,to-read (#1728),to-read,,,,0,0
60233239,"The Butcher's Masquerade (Dungeon Crawler Carl, #5)",Matt Dinniman,"Dinniman, Matt",,"=""""","=""""",3.0,Dandy House,Kindle Edition,768,2022,2022,2025/05/21,2025/04/10,,,read,,,,1,0
837972,Modernism: An Anthology (Blackwell Anthologies),Lawrence Rainey,"Rainey, Lawrence",,"=""0631204490""","=""9780631204497""",0,Wiley-Blackwell,Paperback,1216,2005,2005,,2025/05/02,to-read,to-read (#1727),to-read,,,,0,0
14836,Midnight’s Children,Salman Rushdie,"Rushdie, Salman",,"=""0099578514""","=""9780099578512""",0,Vintage,Paperback,647,1995,1981,,2025/05/02,to-read,to-read (#1726),to-read,,,,0,0
17899948,Rebecca,Daphne du Maurier,"Maurier, Daphne du",,"=""0316323705""","=""9780316323703""",0,"Little, Brown and Company",Kindle Edition,449,2013,1938,,2025/05/02,to-read,to-read (#1725),to-read,,,,0,0
48862,Brighton Rock,Graham Greene,"Greene, Graham",J.M. Coetzee,"=""""","=""""",0,Vintage,Paperback,269,2004,1938,,2025/05/02,to-read,to-read (#1724),to-read,,,,0,0
32049,Lady Chatterley’s Lover,D.H. Lawrence,"Lawrence, D.H.",,"=""039460430X""","=""9780394604305""",0,Modern Library,Hardcover,376,1983,1928,,2025/05/02,to-read,to-read (#1723),to-read,,,,0,0
763508,Under Milk Wood,Dylan Thomas,"Thomas, Dylan",,"=""0811202097""","=""9780811202091""",0,New Directions,Paperback,107,1954,1954,,2025/05/02,to-read,to-read (#1722),to-read,,,,0,0
11012,Dubliners,James Joyce,"Joyce, James","Terence Brown, Jeri Johnson","=""""","=""""",0,Oxford University Press,Paperback,352,2001,1914,,2025/05/02,to-read,to-read (#1721),to-read,,,,0,0
254267,Radical Son: A Generational Odyssey,David Horowitz,"Horowitz, David",,"=""0684840057""","=""9780684840055""",0,Touchstone,Paperback,468,1998,1996,,2025/05/01,to-read,to-read (#1720),to-read,,,,0,0
6801575,"One Piece, Volume 42: Pirates vs. CP9",Eiichiro Oda,"Oda, Eiichiro",,"=""1421534584""","=""9781421534589""",4.0,VIZ Media LLC,Paperback,208,2010,2006,2025/04/23,2025/03/16,,,read,,,,1,0
11095622,The History of the Decline and Fall of the Roman Empire: Vol. 1: The Turn of the Tide,Edward Gibbon,"Gibbon, Edward",Betty Radice,"=""""","=""""",4.0,Folio Society,Hardcover,320,1983,1776,2025/04/17,2025/03/28,provo,provo (#663),read,,,,1,0
57905101,"The Gate of the Feral Gods (Dungeon Crawler Carl, #4)",Matt Dinniman,"Dinniman, Matt",,"=""""","=""""",4.0,Dandy House,Kindle Edition,592,2021,2021,2025/04/10,2025/03/22,,,read,,,,1,0
3964421,"S. Dilworth Young: General Authority, Scouter, Poet",Benson Y. Parkinson,"Parkinson, Benson Y.",,"=""1555036600""","=""9781555036607""",0,Covenant Communications Inc,Hardcover,338,1994,,,2025/04/09,to-read,to-read (#1719),to-read,,,,0,0
6013012,"Forever Blue: The True Story of Walter O'Malley, Baseball's Most Controversial Owner, and the Dodgers of Brooklyn and Los Angeles",Michael D'Antonio,"D'Antonio, Michael",,"=""1594488568""","=""9781594488566""",0,Riverhead Hardcover,Hardcover,368,2009,2009,,2024/10/21,"to-read, provo","to-read (#1686), provo (#665)",to-read,,,,0,0
225981,My Sergei: A Love Story,Ekaterina Gordeeva,"Gordeeva, Ekaterina",E.M. Swift,"=""0446605336""","=""9780446605335""",0,Grand Central Publishing,Mass Market Paperback,352,1997,1996,,2025/04/05,"to-read, provo","to-read (#1718), provo (#664)",to-read,,,,0,0
7667,Airframe,Michael Crichton,"Crichton, Michael",,"=""0099556316""","=""9780099556312""",3.0,Arrow Books,Paperback,431,2006,1996,2025/03/28,2023/07/09,provo,provo (#394),read,,,,1,0
12453178,"Sacred Symbols: Finding Meaning in Rites, Rituals and Ordinances",Alonzo L. Gaskill,"Gaskill, Alonzo L.",,"=""159955965X""","=""9781599559650""",0,"Cedar Fort, Incorporated/C F I Distribution",Hardcover,320,2011,2011,,2025/03/27,to-read,to-read (#1717),to-read,,,,0,0
57001971,"The Dungeon Anarchist's Cookbook (Dungeon Crawler Carl, #3)",Matt Dinniman,"Dinniman, Matt",,"=""""","=""""",4.0,Dandy House,Kindle Edition,544,2021,2021,2025/03/22,2025/02/24,,,read,,,,1,0
6797480,"One Piece, Volume 40: Gear",Eiichiro Oda,"Oda, Eiichiro",,"=""1421534568""","=""9781421534565""",5.0,VIZ Media LLC,Paperback,232,2010,2005,2025/03/16,2025/02/22,,,read,,,,1,0
147602,The First American: The Life and Times of Benjamin Franklin,H.W. Brands,"Brands, H.W.",,"=""0385495404""","=""9780385495400""",4.0,Anchor Books,Paperback,765,2002,2000,2025/03/04,2023/05/01,provo,provo (#130),read,,,,1,0
138269,Catch Me If You Can: The True Story of a Real Fake,Frank W. Abagnale,"Abagnale, Frank W.",Stan Redding,"=""1840187166""","=""9781840187168""",0,Mainstream Publishing,Paperback,219,2003,1980,,2015/08/20,"to-read, library-audio","to-read (#126), library-audio (#211)",to-read,,,,0,0
56377548,"Carl's Doomsday Scenario (Dungeon Crawler Carl, #2)",Matt Dinniman,"Dinniman, Matt",,"=""""","=""""",4.0,Dandy House,Kindle Edition,400,2021,2021,2025/02/24,2025/02/14,,,read,,,,1,0
6797477,"One Piece, Volume 39: Scramble",Eiichiro Oda,"Oda, Eiichiro",,"=""142153455X""","=""9781421534558""",4.0,VIZ Media LLC,Paperback,208,2010,2005,2025/02/22,2025/01/25,,,read,,,,1,0
28390268,How English Became English: A Short History of a Global Language,Simon Horobin,"Horobin, Simon",,"=""0191069213""","=""9780191069215""",0,OUP Oxford,Kindle Edition,187,2016,2016,,2022/09/01,to-read,to-read (#716),to-read,,,,0,0
56791389,"Dungeon Crawler Carl (Dungeon Crawler Carl, #1)",Matt Dinniman,"Dinniman, Matt",,"=""""","=""""",4.0,Dandy House,Kindle Edition,464,2020,2020,2025/02/14,2025/01/20,,,read,,,,1,0
181346643,"Charlie Hustle: The Rise and Fall of Pete Rose, and the Last Glory Days of Baseball",Keith O'Brien,"O'Brien, Keith",,"=""0593317378""","=""9780593317372""",0,Pantheon,Hardcover,440,2024,2024,,2025/02/14,to-read,to-read (#1716),to-read,,,,0,0
53138068,"The Jeffersonians: The Visionary Presidencies of Jefferson, Madison, and Monroe",Kevin R.C. Gutzman,"Gutzman, Kevin R.C.",,"=""1250135451""","=""9781250135452""",4.0,St. Martin's Press,Hardcover,608,2022,2022,2025/02/08,2022/11/07,library-audio,library-audio (#21),read,,,,1,0
80841,My Year Inside Radical Islam: A Memoir,Daveed Gartenstein-Ross,"Gartenstein-Ross, Daveed",,"=""1585425516""","=""9781585425518""",0,Tarcher,Hardcover,304,2007,2007,,2020/04/30,"to-read, library-audio","to-read (#532), library-audio (#210)",to-read,,,,0,0
61219635,"Legends & Lattes (Legends & Lattes, #1)",Travis Baldree,"Baldree, Travis",,"=""""","=""""",0,Tor Trade,Paperback,305,2022,2022,,2022/11/01,to-read,to-read (#783),to-read,,,,0,0
6801614,"One Piece, Volume 38: Rocketman!!",Eiichiro Oda,"Oda, Eiichiro",,"=""1421534541""","=""9781421534541""",4.0,VIZ Media LLC,Paperback,208,2010,2005,2025/02/05,2025/01/15,,,read,,,,1,0
701780,Ship of Gold in the Deep Blue Sea (Vintage),Gary Kinder,"Kinder, Gary",,"=""0375703373""","=""9780375703379""",0,Vintage,Paperback,552,1999,1998,,2023/07/17,"to-read, library-audio","to-read (#1328), library-audio (#209)",to-read,,,,0,0
10194157,"Shadow and Bone (Shadow and Bone, #1)",Leigh Bardugo,"Bardugo, Leigh",,"=""1250048117""","=""9781250048110""",0,Henry Holt & Company,Hardcover,358,2012,2012,,2023/06/04,"to-read, fictional-series, library-audio","to-read (#1195), fictional-series (#27), library-audio (#208)",to-read,,,,0,0
6387565,"Witch & Wizard (Witch & Wizard, #1)",James  Patterson,"Patterson, James","Gabrielle Charbonnet, Emily Raymond","=""""","=""""",0,"Little, Brown and Company",Hardcover,314,2009,2009,,2023/06/04,"to-read, fictional-series, library-audio","to-read (#1197), fictional-series (#29), library-audio (#207)",to-read,,,,0,0
57433539,"Unsettled: What Climate Science Tells Us, What It Doesn’t, and Why It Matters",Steven E. Koonin,"Koonin, Steven E.",,"=""195329524X""","=""9781953295248""",0,BenBella Books,Kindle Edition,320,2021,2021,,2022/02/11,"to-read, library-audio","to-read (#626), library-audio (#206)",to-read,,,,0,0
56978095,"The Greatest Stories Ever Played: Video Games and the Evolution of Storytelling (Game On, 2)",Dustin Hansen,"Hansen, Dustin",,"=""1250183561""","=""9781250183569""",0,Feiwel & Friends,Hardcover,304,2022,2022,,2025/01/30,to-read,to-read (#1715),to-read,,,,0,0
60407688,The Last Enforcer: Outrageous Stories From the Life and Times of One of the NBA's Fiercest Competitors,Charles Oakley,"Oakley, Charles",,"=""1982175656""","=""9781982175658""",0,Gallery Books,Paperback,288,2022,,,2022/11/07,"to-read, library-audio","to-read (#790), library-audio (#205)",to-read,,,,0,0
61666,Contact,Carl Sagan,"Sagan, Carl",,"=""2266079999""","=""9782266079990""",0,Pocket,Mass Market Paperback,580,1997,1985,,2022/10/26,"to-read, library-audio","to-read (#775), library-audio (#204)",to-read,,,,0,0
60613920,"Of Boys and Men: Why the Modern Male Is Struggling, Why It Matters, and What to Do About It",Richard V. Reeves,"Reeves, Richard V.",,"=""1800750544""","=""9781800750548""",0,Swift Press,Hardcover,298,2022,2022,,2022/10/06,"to-read, library-audio","to-read (#756), library-audio (#203)",to-read,,,,0,0
15954244,The God Who Weeps: How Mormonism Makes Sense of Life,Terryl L. Givens,"Givens, Terryl L.",Fiona Givens,"=""1609071883""","=""9781609071882""",0,Ensign Peak,Hardcover,160,2012,2012,,2022/12/27,"to-read, library-audio","to-read (#860), library-audio (#202)",to-read,,,,0,0
55660735,Hero of Two Worlds: The Marquis de Lafayette in the Age of Revolution,Mike     Duncan,"Duncan, Mike",,"=""154173033X""","=""9781541730335""",0,PublicAffairs,Hardcover,512,2021,2021,,2023/03/16,"to-read, library-audio","to-read (#958), library-audio (#201)",to-read,,,,0,0
56222198,The Master: The Long Run and Beautiful Game of Roger Federer,Christopher Clarey,"Clarey, Christopher",,"=""1538719266""","=""9781538719268""",0,Twelve,Hardcover,432,2021,2021,,2025/01/30,"to-read, library-audio","to-read (#1714), library-audio (#200)",to-read,,,,0,0
51205617,Tanking to the Top: The Philadelphia 76ers and the Most Audacious Process in the History of Professional Sports,Yaron Weitzman,"Weitzman, Yaron",,"=""1538749726""","=""9781538749722""",0,Grand Central Publishing,Hardcover,304,2020,2020,,2023/03/23,"to-read, library-audio","to-read (#962), library-audio (#199)",to-read,,,,0,0
36675,Seven Seconds or Less: My Season on the Bench with the Runnin' and Gunnin' Phoenix Suns,Jack McCallum,"McCallum, Jack",,"=""074329811X""","=""9780743298117""",0,Touchstone,Hardcover,320,2006,2006,,2018/06/28,"to-read, library-audio","to-read (#385), library-audio (#198)",to-read,,,,0,0
13152668,"Dream Team: How Michael, Magic, Larry, Charles, and the Greatest Team of All Time Conquered the World and Changed the Game of Basketball Forever",Jack McCallum,"McCallum, Jack",,"=""0345520483""","=""9780345520487""",0,Ballantine Books,Hardcover,352,2012,2012,,2025/01/30,"to-read, library-audio","to-read (#1713), library-audio (#197)",to-read,,,,0,0
3106266,Boys Will Be Boys: The Glory Days and Party Nights of the Dallas Cowboys Dynasty,Jeff Pearlman,"Pearlman, Jeff",,"=""0061256803""","=""9780061256806""",0,Harper,Hardcover,406,2008,2008,,2023/03/29,"to-read, library-audio","to-read (#969), library-audio (#196)",to-read,,,,0,0
59852733,The Case Against the Sexual Revolution: A New Guide to Sex in the 21st Century,Louise Perry,"Perry, Louise",,"=""1509549994""","=""9781509549993""",0,Polity Books,Paperback,200,2022,2022,,2023/03/30,"to-read, library-audio","to-read (#976), library-audio (#195)",to-read,,,,0,0
58539346,Blood in the Garden: The Flagrant History of the 1990s New York Knicks,Chris  Herring,"Herring, Chris",,"=""1982132124""","=""9781982132125""",0,Atria Books,Paperback,368,2022,2022,,2025/01/30,"to-read, library-audio","to-read (#1712), library-audio (#194)",to-read,,,,0,0
287653,Real Estate Transactions: Examples And Explanations,D. Barlow Burke,"Burke, D. Barlow",,"=""0735557438""","=""9780735557437""",0,Aspen Law & Business,Paperback,561,2006,1993,,2021/03/25,"to-read, provo","to-read (#579), provo (#48)",to-read,,,,0,0
7942674,The Ultimate Harry Potter and Philosophy: Hogwarts for Muggles (The Blackwell Philosophy and Pop Culture Series),Gregory Bassham,"Bassham, Gregory",,"=""0470398256""","=""9780470398258""",0,John Wiley & Sons,Paperback,304,2010,2010,,2023/09/13,"to-read, library-audio","to-read (#1458), library-audio (#193)",to-read,,,,0,0
13160142,America the Beautiful: Rediscovering What Made This Nation Great,Ben Carson,"Carson, Ben",Candy Carson,"=""0310330718""","=""9780310330714""",0,Zondervan,Hardcover,224,2012,2011,,2015/08/17,"to-read, library-audio","to-read (#111), library-audio (#192)",to-read,,,,0,0
6801613,"One Piece, Volume 37: Tom",Eiichiro Oda,"Oda, Eiichiro",,"=""1421534533""","=""9781421534534""",3.0,VIZ Media LLC,Paperback,232,2010,2005,2025/01/25,2025/01/12,,,read,,,,1,0
8191056,On Taste On the Sublime & Beautiful Reflections on the French Revolution A Letter to a Noble (Harvard Classics),Edmund Burke,"Burke, Edmund",Charles William Eliot,"=""""","=""""",0,P.F. Collier & Son Corporation,Hardcover,421,1969,1757,,2023/08/12,"to-read, provo","to-read (#1389), provo (#501)",to-read,,,,0,0
203578847,"Wind and Truth (The Stormlight Archive, #5)",Brandon Sanderson,"Sanderson, Brandon",,"=""1250319188""","=""9781250319180""",3.0,Tor Books,Hardcover,1344,2024,2024,2025/01/19,2024/07/12,,,read,,,,1,0
1351174,The Bridge Over the River Kwai,Pierre Boulle,"Boulle, Pierre",Xan Fielding,"=""0891419136""","=""9780891419136""",0,Presidio Press,Paperback,207,2007,1952,,2020/04/30,to-read,to-read (#531),to-read,,,,0,0
103489691,"Justinian: Emperor, Soldier, Saint",Peter Sarris,"Sarris, Peter",,"=""1541601335""","=""9781541601338""",0,Basic Books,Hardcover,544,2023,2023,,2025/01/19,"to-read, provo","to-read (#1711), provo (#662)",to-read,,,,0,0
146487343,The National Baseball Hall of Fame Collection: Celebrating the Game's Greatest Players,James Buckley Jr.,"Jr., James Buckley",,"=""0760385513""","=""9780760385517""",0,Epic Ink,Hardcover,208,2024,,,2025/01/18,to-read,to-read (#1710),to-read,,,,0,0
7042,The Tale of Genji,Murasaki Shikibu,"Shikibu, Murasaki","Royall  Tyler, Minora Sugai","=""014243714X""","=""9780142437148""",0,Penguin,Paperback,1182,2003,1000,,2025/01/15,to-read,to-read (#1709),to-read,,,,0,0
6801602,"One Piece, Volume 36: The Ninth Justice",Eiichiro Oda,"Oda, Eiichiro",,"=""1421534525""","=""9781421534527""",5.0,VIZ Media LLC,Paperback,216,2010,2005,2025/01/14,2025/01/11,,,read,,,,1,0
6801601,"One Piece, Volume 35: Captain",Eiichiro Oda,"Oda, Eiichiro",,"=""1421534517""","=""9781421534510""",4.0,VIZ Media LLC,Paperback,192,2010,2004,2025/01/11,2025/01/11,,,read,,,,1,0
15802325,Brilliant Blunders: From Darwin to Einstein - Colossal Mistakes by Great Scientists That Changed Our Understanding of Life and the Universe,Mario Livio,"Livio, Mario",,"=""1439192367""","=""9781439192368""",0,Simon & Schuster,Hardcover,342,2013,2013,,2023/07/17,"to-read, library-audio","to-read (#1327), library-audio (#191)",to-read,,,,0,0
5176585,"Valkyrie: The Story of the Plot to Kill Hitler, by Its Last Member",Philipp Freiherr von Boeselager,"Boeselager, Philipp Freiherr von","Florence Fehrenbach, Jerome Fehrenbach, Steven Rendall","=""0307270750""","=""9780307270757""",0,Alfred A. Knopf,Hardcover,224,2009,2008,,2018/07/11,"to-read, library-audio","to-read (#398), library-audio (#190)",to-read,,,,0,0
6801599,"One Piece, Volume 34: The City of Water, Water Seven",Eiichiro Oda,"Oda, Eiichiro",,"=""1421534509""","=""9781421534503""",4.0,VIZ Media LLC,Paperback,232,2010,2004,2025/01/11,2024/11/21,,,read,,,,1,0
733133,My Turn At Bat: The Sad Saga of the Montreal Expos,Claude R. Brochu,"Brochu, Claude R.","Daniel Poulin, Mario Bolduc, Stephanie Myles","=""155022512X""","=""9781550225129""",0,ECW Press,Paperback,250,2002,2002,,2025/01/09,"to-read, library-audio","to-read (#1708), library-audio (#189)",to-read,,,,0,0
10631,"Sam Walton, Made in America: My Story",Sam Walton,"Walton, Sam",John Huey,"=""0553562835""","=""9780553562835""",0,BANTAM BOOKS,Mass Market Paperback,346,1993,1992,,2015/07/25,"to-read, library-audio","to-read (#59), library-audio (#188)",to-read,,,,0,0
23158207,How Google Works,Eric Schmidt,"Schmidt, Eric",Jonathan Rosenberg,"=""""","=""""",0,Grand Central Publishing,ebook,286,2014,2014,,2015/07/25,"to-read, library-audio","to-read (#58), library-audio (#187)",to-read,,,,0,0
40102,Blink: The Power of Thinking Without Thinking,Malcolm Gladwell,"Gladwell, Malcolm","Barry Fox, Irina Henegar","=""0316010669""","=""9780316010665""",0,Back Bay Books,Paperback,296,2007,2005,,2015/07/24,"to-read, library-audio","to-read (#21), library-audio (#186)",to-read,,,,0,0
629,"Zen and the Art of Motorcycle Maintenance: An Inquiry Into Values (Phaedrus, #1)",Robert M. Pirsig,"Pirsig, Robert M.",,"=""0060589469""","=""9780060589462""",0,HarperTorch,Mass Market Paperback,540,2006,1974,,2015/07/24,"to-read, library-audio","to-read (#20), library-audio (#185)",to-read,,,,0,0
3228917,Outliers: The Story of Success,Malcolm Gladwell,"Gladwell, Malcolm",,"=""0316017922""","=""9780316017923""",0,"Little, Brown and Company",Hardcover,309,2008,2008,,2015/07/24,"to-read, library-audio","to-read (#3), library-audio (#184)",to-read,,,,0,0
25637528,Napoleon,J. Christopher Herold,"Herold, J. Christopher",,"=""1612308627""","=""9781612308623""",4.0,"New Word City, Inc.",Kindle Edition,468,2015,2015,2025/01/08,2023/04/17,library-audio,library-audio (#50),read,,,,1,0
9151181,Onward: How Starbucks Fought for Its Life without Losing Its Soul,Howard Schultz,"Schultz, Howard",Joanne Gordon,"=""1605292885""","=""9781605292885""",0,Rodale Books,Hardcover,350,2011,2007,,2015/08/20,"to-read, library-audio","to-read (#127), library-audio (#183)",to-read,,,,0,0
9542439,"The Lady of the Rivers (The Plantagenet and Tudor Novels, #1)",Philippa Gregory,"Gregory, Philippa",,"=""184737459X""","=""9781847374592""",0,Simon & Schuster Ltd,Hardcover,502,2011,2011,,2025/01/03,to-read,to-read (#1707),to-read,,,,0,0
26155798,Her Again: Becoming Meryl Streep,Michael        Schulman,"Schulman, Michael",,"=""006234286X""","=""9780062342867""",3.0,Harper,ebook,336,2016,2016,2025/01/02,2023/04/17,library-audio,library-audio (#63),read,,,,1,0
828140,"Yu-Gi-Oh!, Vol. 1: The Millenium Puzzle (Yu-Gi-Oh!, #1)",Kazuki Takahashi,"Takahashi, Kazuki",,"=""1569319030""","=""9781569319031""",0,VIZ Media,Paperback,200,2003,1997,,2025/01/01,to-read,to-read (#1706),to-read,,,,0,0
30558257,"Unsouled (Cradle, #1)",Will Wight,"Wight, Will",,"=""1959001809""","=""9781959001805""",0,Hidden Gnome Publishing,Kindle Edition,294,2016,2016,,2022/10/17,"to-read, fictional-series, provo","to-read (#767), fictional-series (#19), provo (#661)",to-read,,,,0,0
41088454,The Return of the God Hypothesis: Three Scientific Discoveries Revealing the Mind Behind the Universe,Stephen C. Meyer,"Meyer, Stephen C.",,"=""0062071521""","=""9780062071521""",0,HarperOne,ebook,576,2021,,,2024/12/22,to-read,to-read (#1705),to-read,,,,0,0
81107,The Energy Bus,Jon Gordon,"Gordon, Jon",Ken Blanchard,"=""0470100281""","=""9780470100288""",0,Wiley,Hardcover,192,2007,2007,,2024/12/20,to-read,to-read (#1704),to-read,,,,0,0
7324333,The Ninth: Beethoven and the World in 1824,Harvey Sachs,"Sachs, Harvey",,"=""140006077X""","=""9781400060771""",3.0,Random House,Hardcover,240,2010,2010,2024/12/18,2024/01/03,library-audio,library-audio (#162),read,,,,1,0
52838315,Greenlights,Matthew McConaughey,"McConaughey, Matthew",,"=""0593139135""","=""9780593139134""",3.0,Crown,Hardcover,289,2020,2020,2024/12/05,2023/04/17,provo,provo (#481),read,,,,1,0
201751300,The Bookshop: A History of the American Bookstore,Evan Friss,"Friss, Evan",,"=""0593299922""","=""9780593299920""",0,Viking,Hardcover,416,2024,2024,,2024/11/29,to-read,to-read (#1703),to-read,,,,0,0
207567691,"American Scary: A History of Horror, from Salem to Stephen King and Beyond",Jeremy Dauber,"Dauber, Jeremy",,"=""1643753568""","=""9781643753560""",0,Algonquin Books,Hardcover,480,2024,2024,,2024/11/29,to-read,to-read (#1702),to-read,,,,0,0
45032,Mansfield Park,Jane Austen,"Austen, Jane","Kathryn Sutherland, Charles Edmund Brock","=""""","=""""",0,Penguin Books,Paperback,488,2003,1814,,2022/04/15,"to-read, provo","to-read (#639), provo (#490)",to-read,,,,0,0
6801646,"One Piece, Volume 33: Davy Back Fight",Eiichiro Oda,"Oda, Eiichiro",,"=""1421534495""","=""9781421534497""",4.0,VIZ Media LLC,Paperback,232,2010,2004,2024/11/21,2024/11/20,,,read,,,,1,0
37976541,Bad Blood: Secrets and Lies in a Silicon Valley Startup,John Carreyrou,"Carreyrou, John",,"=""""","=""""",3.0,Knopf,Hardcover,339,2018,2018,2024/11/21,2023/07/17,,,read,,,,1,0
6801645,"One Piece, Volume 32: Love Song",Eiichiro Oda,"Oda, Eiichiro",,"=""1421534487""","=""9781421534480""",4.0,VIZ Media LLC,Paperback,216,2010,2004,2024/11/20,2024/11/15,,,read,,,,1,0
6801644,"One Piece, Volume 31: We'll Be Here",Eiichiro Oda,"Oda, Eiichiro",,"=""1421534479""","=""9781421534473""",3.0,VIZ Media LLC,Paperback,208,2010,2003,2024/11/16,2024/10/27,,,read,,,,1,0
200298052,"Welcome to Pawnee: Stories of Friendship, Waffles, and Parks and Recreation",Jim O’Heir,"O’Heir, Jim",,"=""0063293501""","=""9780063293502""",0,William Morrow,Hardcover,260,2024,2024,,2024/11/16,to-read,to-read (#1701),to-read,,,,0,0
26067918,"The Go-Giver Leader: A Little Story About What Matters Most in Business (Go-Giver, Book 2)",Bob Burg,"Burg, Bob",John David Mann,"=""039956294X""","=""9780399562945""",0,Portfolio,Hardcover,176,2016,,,2023/04/17,"to-read, library-audio","to-read (#1013), library-audio (#26)",to-read,,,,0,0
1270311,The Ball is Round: A Global History of Soccer,David Goldblatt,"Goldblatt, David",,"=""1594482969""","=""9781594482960""",0,Riverhead Books,Paperback,1008,2008,2006,,2022/05/24,"to-read, provo","to-read (#654), provo (#660)",to-read,,,,0,0
866020,A Brief History of the Caribbean: From the Arawak and the Carib to the Present,Jan Rogozinski,"Rogozinski, Jan",,"=""0452011345""","=""9780452011342""",0,Plume,Hardcover,432,1994,1992,,2024/11/09,to-read,to-read (#1700),to-read,,,,0,0
10307761,"Harry Potter and History (Wiley Pop Culture and History Series, 1)",Nancy R. Reagin,"Reagin, Nancy R.",,"=""0470574720""","=""9780470574720""",0,Trade Paper Press,Paperback,352,2011,2011,,2024/11/09,to-read,to-read (#1699),to-read,,,,0,0
33000339,Freud zum Vergnügen,Ludger Lütkehaus,"Lütkehaus, Ludger",,"=""3150188539""","=""9783150188538""",2.0,"Reclam, Philipp, jun. GmbH, Verlag",Paperback,159,2006,,2024/11/08,2023/11/11,provo,provo (#579),read,,,,1,0
442380,The God that Failed,Richard Crossman,"Crossman, Richard","Richard Wright, Arthur Koestler, Ignazio Silone, Louis Fischer, Stephen Spender","=""0231123957""","=""9780231123952""",0,Columbia University Press,Paperback,272,2001,1949,,2024/11/07,to-read,to-read (#1698),to-read,,,,0,0
6801643,"One Piece, Volume 30: Capriccio",Eiichiro Oda,"Oda, Eiichiro",,"=""1421534460""","=""9781421534466""",4.0,VIZ Media LLC,Paperback,208,2010,2003,2024/11/02,2024/10/21,,,read,,,,1,0
51832665,Dodgers vs. Yankees: The Long-Standing Rivalry Between Two of Baseball's Greatest Teams,Michael Schiavone,"Schiavone, Michael",,"=""1683583159""","=""9781683583158""",0,Sports Publishing,Kindle Edition,240,2020,,,2024/11/01,to-read,to-read (#1697),to-read,,,,0,0
36392452,The Dodgers: 60 Years in Los Angeles,Michael  Schiavone,"Schiavone, Michael",,"=""1683581938""","=""9781683581932""",0,Sports Publishing,Hardcover,356,2018,,,2024/11/01,to-read,to-read (#1696),to-read,,,,0,0
2385857,What is Your Destination?,Marvin J. Ashton,"Ashton, Marvin J.",,"=""0877477191""","=""9780877477198""",0,Deseret Book Co,Hardcover,197,1978,1978,,2024/10/27,to-read,to-read (#1689),to-read,,,,0,0
6801639,"One Piece, Volume 29: Oratorio",Eiichiro Oda,"Oda, Eiichiro",,"=""1421534452""","=""9781421534459""",4.0,VIZ Media LLC,Paperback,232,2010,2003,2024/10/27,2024/10/18,,,read,,,,1,0
44590984,Insights from a Prophets Life: Russell M. Nelson,Sheri Dew,"Dew, Sheri",,"=""""","=""""",4.0,Deseret Book Company,ebook,452,2019,2019,2024/10/25,2023/08/04,provo,provo (#476),read,,,,1,0
1624959,I Had a Hammer: The Hank Aaron Story,Hank Aaron,"Aaron, Hank",Lonnie Wheeler,"=""0061099562""","=""9780061099564""",0,HarperTorch,Mass Market Paperback,480,1992,1991,,2024/10/21,to-read,to-read (#1688),to-read,,,,0,0
44231464,Oscar Charleston: The Life and Legend of Baseball's Greatest Forgotten Player,Jeremy Beer,"Beer, Jeremy",,"=""149621711X""","=""9781496217110""",0,University of Nebraska Press,Hardcover,456,2019,2019,,2024/10/21,to-read,to-read (#1687),to-read,,,,0,0
6891489,"One Piece, Volume 28: Wyper the Berserker",Eiichiro Oda,"Oda, Eiichiro",,"=""1421534444""","=""9781421534442""",3.0,VIZ Media LLC,Paperback,200,2010,2003,2024/10/21,2024/09/28,,,read,,,,1,0
16121,"Titan: The Life of John D. Rockefeller, Sr.",Ron Chernow,"Chernow, Ron",,"=""1400077303""","=""9781400077304""",0,Vintage,Paperback,832,2004,1998,,2015/07/24,to-read,to-read (#34),to-read,,,,0,0
50202953,Piranesi,Susanna Clarke,"Clarke, Susanna",,"=""""","=""""",0,Bloomsbury,Hardcover,245,2020,2020,,2024/10/13,to-read,to-read (#1685),to-read,,,,0,0
56898302,The Baseball 100,Joe Posnanski,"Posnanski, Joe",,"=""1982180587""","=""9781982180584""",4.0,Avid Reader Press,Hardcover,880,2021,2021,2024/10/12,2022/02/19,provo,provo (#353),read,,,,1,0
674994,Babe: The Legend Comes to Life,Robert W. Creamer,"Creamer, Robert W.",,"=""067176070X""","=""9780671760700""",0,Simon & Schuster,Paperback,448,1992,1974,,2024/10/12,"to-read, gonna-get","to-read (#1684), gonna-get (#17)",to-read,,,,0,0
6891488,"One Piece, Volume 27: Overture",Eiichiro Oda,"Oda, Eiichiro",,"=""1421534436""","=""9781421534435""",3.0,VIZ Media LLC,Paperback,192,2010,2003,2024/09/28,2024/09/22,,,read,,,,1,0
74900871,The Soviet Century: Archaeology of a Lost World,Karl Schlögel,"Schlögel, Karl",Rodney Livingstone,"=""0691232385""","=""9780691232386""",0,Princeton University Press,Kindle Edition,926,2023,2014,,2023/07/31,to-read,to-read (#1363),to-read,,,,0,0
6891486,"One Piece, Volume 26: Adventure on Kami's Island",Eiichiro Oda,"Oda, Eiichiro",,"=""1421534428""","=""9781421534428""",4.0,VIZ Media LLC,Paperback,200,2010,2002,2024/09/22,2024/09/15,,,read,,,,1,0
2429135,"The Girl With the Dragon Tattoo (Millennium, #1)",Stieg Larsson,"Larsson, Stieg",Reg Keeland,"=""0670069019""","=""9780670069019""",0,Viking Canada,Hardcover,480,2008,2005,,2015/12/17,"to-read, library-audio","to-read (#228), library-audio (#182)",to-read,,,,0,0
6891484,"One Piece, Volume 25: The 100 Million Berry Man",Eiichiro Oda,"Oda, Eiichiro",,"=""1421528460""","=""9781421528465""",4.0,VIZ Media LLC,Paperback,208,2010,2002,2024/09/15,2024/08/20,,,read,,,,1,0
203819269,"Brunch King: Eats, Beats, and Boozy Drinks",Joey Maggiore,"Maggiore, Joey",,"=""1773272357""","=""9781773272351""",0,Figure 1 Publishing,Hardcover,192,2024,,,2024/09/13,to-read,to-read (#1683),to-read,,,,0,0
8024464,"The Commentaries of Sir William Blackstone, Knight, on the Laws and Constitution of England (Commentaries on the Laws of England, Aba Classics)",William Blackstone,"Blackstone, William","John Taylor Coleridge, William Carey Jones","=""1604427191""","=""9781604427196""",0,American Bar Association,Hardcover,496,2011,1765,,2020/06/22,to-read,to-read (#547),to-read,,,,0,0
242793,The World of Robert Jordan's the Wheel of Time,Robert Jordan,"Jordan, Robert",Teresa Patterson,"=""0312869363""","=""9780312869366""",0,Tor Books,Paperback,304,2001,1997,,2024/08/31,"to-read, provo","to-read (#1682), provo (#652)",to-read,,,,0,0
66499,The Creature from Jekyll Island: A Second Look at the Federal Reserve,G. Edward Griffin,"Griffin, G. Edward",,"=""0912986395""","=""9780912986395""",4.0,American Media (CA),Paperback,608,2002,1994,2024/08/26,2020/01/28,provo,provo (#345),read,,,,1,0
43641,Water for Elephants,Sara Gruen,"Gruen, Sara",,"=""1565125606""","=""9781565125605""",0,Algonquin Books,Paperback,368,2007,2006,,2019/04/06,"to-read, library-audio","to-read (#441), library-audio (#181)",to-read,,,,0,0
145436626,"Founding Fort Utah: Provo's Native Inhabitants, Early Explorers, and First Year of Settlement",D. Robert Carter,"Carter, D. Robert",,"=""""","=""""",0,Provo City,Hardcover,263,2003,,,2024/08/24,"to-read, provo","to-read (#1679), provo (#650)",to-read,,,,0,0
555500,"Peter and the Secret of Rundoon (Peter and the Starcatchers, #3)",Dave Barry,"Barry, Dave","Ridley Pearson, Greg Call","=""0786837888""","=""9780786837885""",0,Hyperion Books,Hardcover,482,2007,2007,,2024/08/24,"to-read, provo","to-read (#1680), provo (#649)",to-read,,,,0,0
1088848,The Duke of Flatbush,Duke Snider,"Snider, Duke","Bill Gilbert, Carl Erskine","=""0821726986""","=""9780821726983""",0,Warner Books,Mass Market Paperback,288,1989,1988,,2024/08/23,to-read,to-read (#1678),to-read,,,,0,0
120308,Bums: An Oral History of the Brooklyn Dodgers,Peter Golenbock,"Golenbock, Peter",,"=""0809223953""","=""9780809223954""",0,Contemporary Books,Paperback,528,2000,1984,,2024/08/23,to-read,to-read (#1677),to-read,,,,0,0
101135904,Not Stolen: The Truth About European Colonialism in the New World,Jeff Fynn-Paul,"Fynn-Paul, Jeff",,"=""164293951X""","=""9781642939514""",0,Bombardier Books,Paperback,397,2023,2023,,2024/08/20,to-read,to-read (#1676),to-read,,,,0,0
6891485,"One Piece, Volume 24: People's Dreams",Eiichiro Oda,"Oda, Eiichiro",,"=""1421528452""","=""9781421528458""",4.0,VIZ Media LLC,Paperback,216,2010,2002,2024/08/20,2024/08/19,,,read,,,,1,0
136342745,"The Aeronaut's Windlass (The Cinder Spires, #1)",Jim  Butcher,"Butcher, Jim",,"=""0593642058""","=""9780593642054""",0,Ace,Paperback,768,2023,2015,,2024/08/17,to-read,to-read (#1675),to-read,,,,0,0
14891,A Tree Grows in Brooklyn,Betty  Smith,"Smith, Betty",,"=""0061120073""","=""9780061120077""",0,HarperCollins Publishers,Paperback,496,2006,1943,,2015/07/24,"to-read, library-audio","to-read (#7), library-audio (#180)",to-read,,,,0,0
6582724,"One Piece, Volume 23: Vivi's Adventure",Eiichiro Oda,"Oda, Eiichiro",,"=""1421528444""","=""9781421528441""",5.0,VIZ Media LLC,Paperback,232,2009,2002,2024/08/16,2024/08/10,,,read,,,,1,0
6406094,"One Piece, Volume 22: Hope!!",Eiichiro Oda,"Oda, Eiichiro",,"=""1421524309""","=""9781421524306""",4.0,VIZ Media LLC,Paperback,216,2009,2002,2024/08/10,2024/06/20,,,read,,,,1,0
56019043,Beyond Order: 12 More Rules For Life,Jordan B. Peterson,"Peterson, Jordan B.",,"=""0593084640""","=""9780593084649""",0,Portfolio,Hardcover,382,2021,2021,,2022/09/07,"to-read, provo","to-read (#723), provo (#340)",to-read,,,,0,0
7184,Twenty Years After (Musketeers Trilogy #2),Alexandre Dumas,"Dumas, Alexandre","David Coward, Auguste Maquet","=""0192838431""","=""9780192838438""",0,Oxford University Press,Paperback,845,1993,1845,,2015/11/20,to-read,to-read (#163),to-read,,,,0,0
741045,In Search of Identity: An Autobiography,Anwar El-Sadat,"El-Sadat, Anwar",,"=""0060137428""","=""9780060137427""",0,HarperCollins,Hardcover,360,1978,1977,,2023/05/12,to-read,to-read (#1157),to-read,,,,0,0
3812444,"America Ascendant: From Theodore Roosevelt to FDR in the Century of American Power, 1901-1945",Sean Dennis Cashman,"Cashman, Sean Dennis",,"=""0814715664""","=""9780814715666""",0,NYU Press,Paperback,561,1998,1998,,2024/08/04,"to-read, provo","to-read (#1674), provo (#648)",to-read,,,,0,0
45016197,The spirit of Ricks: A history of Ricks College,David Lester Crowder,"Crowder, David Lester",,"=""096115201X""","=""9780961152017""",0,Ricks College,Hardcover,453,1997,,,2024/03/11,"to-read, provo","to-read (#1637), provo (#647)",to-read,,,,0,0
36707758,Exploring the Apocrypha from a Latter-day Saint Perspective,Jared Ludlow,"Ludlow, Jared",,"=""1462121950""","=""9781462121953""",0,"Cedar Fort, Inc.",Paperback,240,2018,,,2024/07/27,to-read,to-read (#1673),to-read,,,,0,0
148266838,The Illustrated World History: A Record Of World Events From Earliest Historical Times To The Present Day,John Alexander Hammerton,"Hammerton, John Alexander",,"=""""","=""""",0,Wm. H. Wise & Co.,Hardcover,1152,1937,,,2024/07/22,"to-read, provo","to-read (#1672), provo (#646)",to-read,,,,0,0
150038752,Unruly: A History of England's Kings and Queens,David   Mitchell,"Mitchell, David",,"=""1405953179""","=""9781405953177""",0,Michael Joseph,Hardcover,431,2023,2023,,2024/07/21,to-read,to-read (#1671),to-read,,,,0,0
473814,All God's Critters Got a Place in the Choir,Emma Lou Warner Thayne,"Thayne, Emma Lou Warner",Laurel Thatcher Ulrich,"=""1562362267""","=""9781562362263""",0,Aspen Books,Hardcover,240,1995,1995,,2024/07/20,to-read,to-read (#1670),to-read,,,,0,0
791092,"The Venona Secrets, Exposing Soviet Espionage and America's Traitors",Herbert Romerstein,"Romerstein, Herbert",Eric Breindel,"=""0895262258""","=""9780895262257""",0,Regnery Pub,Paperback,608,2001,2000,,2024/07/17,to-read,to-read (#1669),to-read,,,,0,0
7235533,"The Way of Kings (The Stormlight Archive, #1)",Brandon Sanderson,"Sanderson, Brandon",,"=""0765326353""","=""9780765326355""",5.0,Tor Books,Hardcover,1007,2010,2010,2021/07/25,2015/12/08,provo,provo (#18),read,,,,2,0
60531420,The Sunlit Man (Cosmere),Brandon Sanderson,"Sanderson, Brandon","Ernanda Souza, Nabetse Zitro, Kudriaken","=""1938570391""","=""9781938570391""",5.0,Dragonsteel Entertainment,Hardcover,447,2023,2023,2024/07/12,2022/06/30,provo,provo (#621),read,,,,1,0
2052,"The Big Sleep (Philip Marlowe, #1)",Raymond Chandler,"Chandler, Raymond",,"=""""","=""""",0,Vintage Crime,Paperback,231,1988,1939,,2024/07/12,to-read,to-read (#1668),to-read,,,,0,0
40053790,Augustine: Philosopher And Saint,Phillip Cary,"Cary, Phillip",,"=""""","=""""",4.0,The Teaching Company,Paperback,70,1997,1997,2024/07/12,2023/04/17,library-audio,library-audio (#80),read,,,,1,0
3050537,The History of the SS,G.S. Graber,"Graber, G.S.",,"=""0441337759""","=""9780441337750""",0,Charter,Mass Market Paperback,384,1978,1978,,2024/07/10,"to-read, provo","to-read (#1667), provo (#645)",to-read,,,,0,0
45992781,Retro Gaming: A Byte-sized History of Video Games,Mike Diver,"Diver, Mike",,"=""1912785102""","=""9781912785100""",0,LOM Art,Hardcover,192,2020,2019,,2024/07/10,"to-read, provo","to-read (#1666), provo (#644)",to-read,,,,0,0
1151848,Personal Writings of Joseph Smith,Joseph Smith Jr.,"Jr., Joseph Smith",,"=""1573457876""","=""9781573457873""",0,Deseret Book Co,Hardcover,736,2002,1984,,2018/05/20,"to-read, on-the-shelf, provo","to-read (#375), on-the-shelf (#21), provo (#643)",to-read,,,,0,0
588050,Speeches That Changed the World,Simon Sebag Montefiore,"Montefiore, Simon Sebag",,"=""1905204167""","=""9781905204168""",0,Book Sales,Hardcover,224,2006,2005,,2024/07/09,"to-read, provo","to-read (#1665), provo (#642)",to-read,,,,0,0
1956729,Ranger Handbook,U.S. Department of the Army,"Army, U.S. Department of the",,"=""0873640446""","=""9780873640442""",0,Paladin Pr,Paperback,448,1993,1992,,2024/07/09,to-read,to-read (#1664),to-read,,,,0,0
5029235,The American Patriot's Almanac,William J. Bennett,"Bennett, William J.",John T.E. Cribb,"=""1595551670""","=""9781595551672""",0,Thomas Nelson Inc,Hardcover,515,2008,2008,,2024/07/08,"to-read, provo","to-read (#1663), provo (#640)",to-read,,,,0,0
35898457,Napoleon-Die hundert Tage,Friedrich Sieburg,"Sieburg, Friedrich",,"=""3421060673""","=""9783421060679""",0,Deutsche Verlags-Anstalt Gmbh,Hardcover,436,1995,,,2018/05/20,"to-read, provo","to-read (#368), provo (#639)",to-read,,,,0,0
9220,George Balanchine: The Ballet Maker,Robert Adams Gottlieb,"Gottlieb, Robert Adams",,"=""0060750707""","=""9780060750701""",0,HarperCollins,Hardcover,224,2004,2004,,2024/07/07,"to-read, provo","to-read (#1662), provo (#638)",to-read,,,,0,0
21853621,The Nightingale,Kristin Hannah,"Hannah, Kristin",,"=""0312577222""","=""9780312577223""",0,St. Martin's Press,Hardcover,564,2015,2015,,2024/07/06,to-read,to-read (#1661),to-read,,,,0,0
124274141,"Goethe, sein Leben und seine Werke; von dr. Albert Bielschowsky. Volume v.2 1904 [Leather Bound]",Albert Bielschowsky,"Bielschowsky, Albert",,"=""""","=""""",0,Generic,Leather Bound,770,2018,,,2024/07/05,"to-read, provo","to-read (#1660), provo (#637)",to-read,,,,0,0
797388,Lieutenant Gustl (Sun & Moon Classics),Arthur Schnitzler,"Schnitzler, Arthur",,"=""1557131767""","=""9781557131768""",3.0,Sun & Moon Press,Paperback,49,2000,1900,2019/01/01,2019/02/20,provo,provo (#636),read,,,,1,0
13413825,How to Win an Election: An Ancient Guide for Modern Politicians,Quintus Tullius Cicero,"Cicero, Quintus Tullius",Philip Freeman,"=""0691154082""","=""9780691154084""",4.0,Princeton University Press,Hardcover,128,2012,-64,2015/10/25,2015/09/25,provo,provo (#635),read,,,,1,0
355697,All Quiet on the Western Front,Erich Maria Remarque,"Remarque, Erich Maria",Arthur Wesley Wheen,"=""0449213943""","=""9780449213940""",4.0,Ballantine Books,Mass Market Paperback,296,1987,1928,2015/08/16,2015/07/24,provo,provo (#634),read,,,,1,0
13624663,"One Last Strike: Fifty Years in Baseball, Ten and a Half Games Back, and One Final Championship Season",Tony La Russa,"Russa, Tony La","John Grisham, Rick Hummel","=""0062207385""","=""9780062207388""",0,William Morrow,Hardcover,420,2012,2012,,2024/01/03,"to-read, library-audio","to-read (#1576), library-audio (#146)",to-read,,,,0,0
56860609,The History and Archaeology of the Bible Course Guidebook,Jean-Pierre Isbouts,"Isbouts, Jean-Pierre",,"=""""","=""""",0,,Unknown Binding,160,,,,2023/04/19,"to-read, library-audio","to-read (#1068), library-audio (#113)",to-read,,,,0,0
58124673,The Life and Works of Jane Austen,Devoney Looser,"Looser, Devoney",,"=""""","=""""",0,,Unknown Binding,190,,,,2023/04/19,"to-read, library-audio","to-read (#1063), library-audio (#108)",to-read,,,,0,0
19547872,Abraham Lincoln: In His Own Words,David Zarefsky,"Zarefsky, David",,"=""""","=""""",0,The Teaching Company,Audible Audio,12,2013,1999,,2023/04/17,"to-read, library-audio","to-read (#1052), library-audio (#90)",to-read,,,,0,0
45681445,"Suicide of the West: How the Rebirth of Tribalism, Nationalism, and Socialism Is Destroying American Democracy",Jonah Goldberg,"Goldberg, Jonah",,"=""110190495X""","=""9781101904954""",0,Forum Books,Paperback,480,2020,2018,,2021/05/14,"to-read, library-audio","to-read (#598), library-audio (#35)",to-read,,,,0,0
16044969,"Crazy Rich: Power, Scandal, and Tragedy Inside the Johnson & Johnson Dynasty",Jerry Oppenheimer,"Oppenheimer, Jerry",,"=""0312662114""","=""9780312662110""",2.0,St. Martin's Press,Hardcover,496,2013,2013,2024/07/05,2024/01/03,library-audio,library-audio (#139),read,,,,1,0
60531416,"Yumi and the Nightmare Painter (Hoid's Travails, #2)",Brandon Sanderson,"Sanderson, Brandon",Aliya Chen,"=""1938570375""","=""9781938570377""",4.0,Dragonsteel Entertainment,Hardcover,480,2023,2023,2024/07/04,2022/06/30,,,read,,,,1,0
2515343,Hitler - Eine Bilanz,Guido Knopp,"Knopp, Guido",,"=""3442153522""","=""9783442153527""",0,Goldmann,Paperback,319,2005,1999,,2018/05/20,"to-read, provo","to-read (#369), provo (#633)",to-read,,,,0,0
399213,"Old Testament and Related Studies (The Collected Works of Hugh Nibley, Volume 01)",Hugh Nibley,"Nibley, Hugh",,"=""0875790321""","=""9780875790329""",0,Deseret Book,Hardcover,290,1986,1986,,2024/07/03,to-read,to-read (#1659),to-read,,,,0,0
17871355,Assisted: An Autobiography,John Stockton,"Stockton, John",Kerry L. Pickett,"=""1609075706""","=""9781609075705""",0,Shadow Mountain,Hardcover,400,2013,2013,,2023/07/23,"to-read, library-audio","to-read (#1337), library-audio (#179)",to-read,,,,0,0
19366773,"One Piece, Vol. 21: Utopia",Eiichiro Oda,"Oda, Eiichiro",,"=""""","=""""",4.0,VIZ Media: SHONEN JUMP,Kindle Edition,192,2011,2001,2024/06/25,2024/06/13,,,read,,,,1,0
60531406,"Tress of the Emerald Sea (Hoid's Travails, #1)",Brandon Sanderson,"Sanderson, Brandon",Howard Lyon,"=""""","=""""",3.0,Dragonsteel Entertainment,Kindle Edition,443,2023,2023,2024/06/24,2022/06/30,provo,provo (#256),read,,,,1,0
18765,"I, Claudius (Claudius, #1)",Robert Graves,"Graves, Robert",,"=""067972477X""","=""9780679724773""",0,Vintage,Paperback,469,1989,1934,,2023/03/31,"to-read, provo","to-read (#978), provo (#632)",to-read,,,,0,0
205163,"Greek Tragedies, Volume 1: Aeschylus: Agamemnon, Prometheus Bound; Sophocles: Oedipus the King, Antigone; Euripides: Hippolytus",David Grene,"Grene, David","Richmond Lattimore, Aeschylus, Sophocles, Euripides","=""0226307905""","=""9780226307909""",0,University of Chicago Press,Paperback,295,1991,,,2024/06/23,"to-read, provo","to-read (#1658), provo (#631)",to-read,,,,0,0
261243,History of the Peloponnesian War,Thucydides,"Thucydides, Thucydides","Moses I. Finley, Rex Warner","=""0140440399""","=""9780140440393""",0,Penguin Books,Paperback,648,1972,-411,,2016/02/11,"to-read, provo","to-read (#315), provo (#630)",to-read,,,,0,0
25246583,Assassin's Creed: The Complete Visual History,Matthew       Miller,"Miller, Matthew","Raphael Lacoste, Ubisoft","=""1608876004""","=""9781608876006""",0,Insight Editions,Hardcover,320,2015,2001,,2024/06/23,"to-read, provo","to-read (#1657), provo (#629)",to-read,,,,0,0
12801492,"Autobiography of Mark Twain: Volume 1, Reader's Edition",Mark Twain,"Twain, Mark","Harriet E. Smith, Benjamin Griffin, Victor Fischer, Michael B. Frank, Sharon K. Goetz, Leslie Diane Myrick","=""0520272250""","=""9780520272255""",0,University of California Press,Paperback,414,2012,2010,,2023/04/17,"to-read, library-audio, provo","to-read (#1045), library-audio (#79), provo (#628)",to-read,,,,0,0
1769698,"America's Fascinating Indian Heritage: The First Americans: Their Customs, Art, History and How They Lived",Reader's Digest Association,"Association, Reader's Digest",,"=""0895773724""","=""9780895773722""",0,Reader's Digest,Hardcover,416,1990,1990,,2024/06/23,"to-read, provo","to-read (#1656), provo (#627)",to-read,,,,0,0
5071433,"One Piece, Vol. 20: Showdown at Alubarna",Eiichiro Oda,"Oda, Eiichiro",,"=""1421515148""","=""9781421515144""",3.0,VIZ Media LLC,Paperback,216,2009,2001,2024/06/20,2024/06/13,,,read,,,,1,0
831106,The Histories,Tacitus,"Tacitus, Tacitus",Kenneth Wellesley,"=""0140441506""","=""9780140441505""",0,Penguin Books,Paperback,336,1978,110,,2023/05/03,"to-read, provo","to-read (#1118), provo (#165)",to-read,,,,0,0
375013,Schindler’s List,Thomas Keneally,"Keneally, Thomas",,"=""0340606517""","=""9780340606513""",0,Sceptre,Mass Market Paperback,429,1994,1982,,2015/12/08,"to-read, library-audio","to-read (#444), library-audio (#178)",to-read,,,,0,0
210179805,When The King Was Born,Alexander Rob,"Rob, Alexander",,"=""""","=""""",0,,Kindle Edition,423,2024,,,2024/03/23,"to-read, provo","to-read (#1640), provo (#626)",to-read,,,,0,0
3430775,"One Piece, Volume 19: Rebellion",Eiichiro Oda,"Oda, Eiichiro",,"=""142151513X""","=""9781421515137""",3.0,VIZ Media LLC,Paperback,216,2008,2001,2024/06/13,2024/06/06,,,read,,,,1,0
13493062,The Source of the Nile,Richard Francis Burton,"Burton, Richard Francis",Ian Curteis,"=""""","=""""",0,The Folio Society,Hardcover,604,1993,1860,,2024/06/12,to-read,to-read (#1655),to-read,,,,0,0
19371173,"Plato on the Trial and Death of Socrates: Euthyphro, Apology, Crito, Phaedo",Lane Cooper,"Cooper, Lane",,"=""""","=""""",0,Cornell Univ Pr,Paperback,216,,,,2024/06/12,"to-read, provo","to-read (#1654), provo (#625)",to-read,,,,0,0
7243142,"Keys to the Demon Prison (Fablehaven, #5)",Brandon Mull,"Mull, Brandon",,"=""1606412388""","=""9781606412381""",5.0,Shadow Mountain,Hardcover,593,2010,2010,2024/06/11,2023/06/04,provo,provo (#280),read,,,,1,0
57736,Shoeless Joe,W.P. Kinsella,"Kinsella, W.P.",,"=""078572902X""","=""9780785729020""",0,Turtleback Books,Hardcover,272,1999,1982,,2023/06/21,"to-read, library-audio","to-read (#1258), library-audio (#177)",to-read,,,,0,0
2382362,"One Piece, Volume 18: Ace Arrives",Eiichiro Oda,"Oda, Eiichiro",,"=""1421515121""","=""9781421515120""",3.0,VIZ Media LLC,Paperback,224,2008,2001,2024/06/06,2024/06/04,,,read,,,,1,0
5217282,"Secrets of the Dragon Sanctuary (Fablehaven, #4)",Brandon Mull,"Mull, Brandon",,"=""1606410423""","=""9781606410424""",4.0,Shadow Mountain,Hardcover,535,2009,2009,2024/06/04,2023/06/04,provo,provo (#279),read,,,,1,0
1826195,"One Piece, Volume 17: Hiriluk's Cherry Blossoms",Eiichiro Oda,"Oda, Eiichiro",,"=""1421515113""","=""9781421515113""",3.0,VIZ Media LLC,Paperback,216,2008,2001,2024/06/04,2024/05/29,,,read,,,,1,0
4681547,"The Great Conversation: The Substance Of A Liberal Education (Great Books Of The Western World, #1)",Robert Maynard Hutchins,"Hutchins, Robert Maynard",,"=""""","=""""",0,"Encyclopaedia Britannica, Inc.",Hardcover,192,1952,1952,,2024/06/04,to-read,to-read (#1653),to-read,,,,0,0
11887020,American Sniper: The Autobiography of the Most Lethal Sniper in U.S. Military History,Chris Kyle,"Kyle, Chris","Scott McEwen, Jim DeFelice","=""0062107062""","=""9780062107060""",0,HarperCollins,Paperback,502,2012,2012,,2015/08/14,"to-read, library-audio","to-read (#94), library-audio (#176)",to-read,,,,0,0
662986,"One Piece, Volume 16: Carrying On His Will",Eiichiro Oda,"Oda, Eiichiro",,"=""1421510936""","=""9781421510934""",4.0,VIZ Media LLC,Paperback,192,2007,2000,2024/05/31,2024/04/30,,,read,,,,1,0
44439416,Chapterhouse: Dune (Dune #6),Frank Herbert,"Herbert, Frank",,"=""0593098277""","=""9780593098271""",3.0,Ace,Paperback,609,2019,1985,2024/05/31,2024/04/30,,,read,,,,1,0
20249,"Hunters of Dune (Dune, #7)",Brian Herbert,"Herbert, Brian",Kevin J. Anderson,"=""0765312921""","=""9780765312921""",0,Tor Books,Hardcover,524,2006,2006,,2024/05/30,to-read,to-read (#1652),to-read,,,,0,0
2146957,"Grip of the Shadow Plague (Fablehaven, #3)",Brandon Mull,"Mull, Brandon",Brandon Dorman,"=""1590388984""","=""9781590388983""",4.0,Shadow Mountain,Hardcover,477,2008,2008,2024/05/29,2023/06/04,provo,provo (#278),read,,,,1,0
784911,"Rise of the Evening Star (Fablehaven, #2)",Brandon Mull,"Mull, Brandon",,"=""1590387422""","=""9781590387429""",4.0,Shadow Mountain,Hardcover,456,2007,2007,2024/05/21,2023/06/04,provo,provo (#277),read,,,,1,0
29532186,The Collected Works of William Shakespeare: PergamonMedia,William Shakespeare,"Shakespeare, William",,"=""""","=""""",0,PergamonMedia,Kindle Edition,8246,2015,1623,,2021/03/25,"to-read, provo","to-read (#578), provo (#27)",to-read,,,,0,0
143534,The Gift of the Magi,O. Henry,"Henry, O.",Lisbeth Zwerger,"=""141693586X""","=""9781416935865""",0,Simon & Schuster Books for Young Readers,Hardcover,26,2006,1905,,2024/05/10,to-read,to-read (#1651),to-read,,,,0,0
44652,"Fablehaven (Fablehaven, #1)",Brandon Mull,"Mull, Brandon",,"=""1590385810""","=""9781590385814""",4.0,Shadow Mountain,Hardcover,351,2006,2006,2024/05/08,2022/10/11,provo,provo (#276),read,,,,1,0
56788885,Van Gogh: The Complete Paintings,Ingo F. Walther,"Walther, Ingo F.",Rainer Metzger,"=""3836573318""","=""9783836573313""",0,Taschen Bibliotheca Universalis,Hardcover,741,2018,1988,,2023/07/23,to-read,to-read (#1340),to-read,,,,0,0
225947,The History of the Ancient World: From the Earliest Accounts to the Fall of Rome,Susan Wise Bauer,"Bauer, Susan Wise",,"=""039305974X""","=""9780393059748""",5.0,W. W. Norton & Company ,Hardcover,896,2007,2007,2024/05/06,2023/12/26,provo,provo (#605),read,,,,1,0
7336,J.R.R. Tolkien: A Biography,Humphrey Carpenter,"Carpenter, Humphrey",,"=""0618057021""","=""9780618057023""",0,William Morrow,Paperback,288,2000,1977,,2023/02/01,"to-read, provo, tolkien","to-read (#916), provo (#624), tolkien (#25)",to-read,,,,0,0
60226839,Lawrence of Arabia,Ranulph Fiennes,"Fiennes, Ranulph",,"=""0241450616""","=""9780241450611""",0,Michael Joseph Ltd,Hardcover,400,2023,2023,,2024/05/02,to-read,to-read (#1650),to-read,,,,0,0
364961,"One Piece, Volume 15: Straight Ahead!",Eiichiro Oda,"Oda, Eiichiro",,"=""1421510928""","=""9781421510927""",3.0,VIZ Media LLC,Paperback,216,2007,2000,2024/04/30,2024/04/20,,,read,,,,1,0
44492287,Heretics of Dune (Dune #5),Frank Herbert,"Herbert, Frank",,"=""0593098269""","=""9780593098264""",2.0,Ace,Paperback,669,2019,1984,2024/04/30,2024/02/16,,,read,,,,1,0
10856060,Lucian's True History,Lucian of Samosata,"Samosata, Lucian of","Charles Whibley, Francis Hickes","=""1177598639""","=""9781177598637""",0,Nabu Press,Paperback,318,2010,165,,2024/04/29,to-read,to-read (#1649),to-read,,,,0,0
2200061,The Other Eminent Men of Wilford Woodruff,Vicki Jo Anderson,"Anderson, Vicki Jo",,"=""0964252406""","=""9780964252400""",0,Zichron Historical Research In,Hardcover,413,1994,1994,,2024/04/28,to-read,to-read (#1648),to-read,,,,0,0
197566578,Broken Money: Why Our Financial System is Failing Us and How We Can Make it Better,Lyn Alden,"Alden, Lyn",,"=""""","=""9798988666301""",0,Timestamp Press,Hardcover,538,2023,,,2024/04/28,to-read,to-read (#1647),to-read,,,,0,0
52843028,"The Mysterious Affair at Styles (Hercule Poirot, #1)",Agatha Christie,"Christie, Agatha",,"=""1734452595""","=""9781734452594""",0,Warbler Classics,Paperback,174,2020,1920,,2024/04/26,to-read,to-read (#1646),to-read,,,,0,0
452235,"The Firm (The Firm, #1)",John Grisham,"Grisham, John",,"=""044021145X""","=""9780440211457""",0,Dell,Paperback,501,1992,1991,,2022/09/23,to-read,to-read (#747),to-read,,,,0,0
364953,"One Piece, Volume 14: Instinct",Eiichiro Oda,"Oda, Eiichiro",,"=""142151091X""","=""9781421510910""",3.0,VIZ Media LLC,Paperback,192,2007,2000,2024/04/20,2024/04/10,,,read,,,,1,0
364949,"One Piece, Volume 13: It's All Right!",Eiichiro Oda,"Oda, Eiichiro",,"=""1421506653""","=""9781421506654""",3.0,VIZ Media LLC,Paperback,192,2007,2000,2024/04/15,2024/04/04,,,read,,,,1,0
62366632,The New Roman Empire: A History of Byzantium,Anthony Kaldellis,"Kaldellis, Anthony",,"=""0197549322""","=""9780197549322""",0,Oxford University Press,Hardcover,1160,2023,2023,,2024/04/14,to-read,to-read (#1645),to-read,,,,0,0
719745,"Hunting Harkonnens (Legends of Dune, #0.5)",Brian Herbert,"Herbert, Brian",Kevin J. Anderson,"=""0765306875""","=""9780765306876""",0,Tor Books,Paperback,20,2002,2002,,2024/04/11,to-read,to-read (#1644),to-read,,,,0,0
716925,"The Baby Owner's Manual: Operating Instructions, Trouble-Shooting Tips & Advice on First-Year Maintenance",Louis Borgenicht,"Borgenicht, Louis","Joe Borgenicht, Paul Kepple","=""1931686238""","=""9781931686235""",0,Quirk Books,Paperback,228,2003,2003,,2024/04/10,"to-read, provo","to-read (#1643), provo (#623)",to-read,,,,0,0
364959,"One Piece, Volume 12: The Legend Begins",Eiichiro Oda,"Oda, Eiichiro",,"=""1421506645""","=""9781421506647""",4.0,VIZ Media LLC,Paperback,200,2006,2000,2024/04/10,2024/04/02,,,read,,,,1,0
625603,"Horus Rising (The Horus Heresy, #1)",Dan Abnett,"Abnett, Dan",,"=""184416294X""","=""9781844162949""",0,Black Library,Paperback,416,2006,2006,,2024/04/06,to-read,to-read (#1642),to-read,,,,0,0
662985,"One Piece, Volume 11: The Meanest Man in the East",Eiichiro Oda,"Oda, Eiichiro",,"=""1421506637""","=""9781421506630""",4.0,VIZ Media LLC,Paperback,192,2006,1999,2024/04/04,2024/04/01,,,read,,,,1,0
364960,"One Piece, Volume 10: OK, Let's Stand Up!",Eiichiro Oda,"Oda, Eiichiro",,"=""1421504065""","=""9781421504063""",4.0,VIZ Media LLC,Paperback,192,2006,1999,2024/04/02,2024/03/31,,,read,,,,1,0
20567804,A History of Greece to the Death of Alexander the Great,John Bagnell Bury,"Bury, John Bagnell",,"=""""","=""""",4.0,Modern Library,Hardcover,885,1945,1900,2024/04/01,2023/05/25,provo,provo (#255),read,,,,1,0
364958,"One Piece, Volume 9: Tears",Eiichiro Oda,"Oda, Eiichiro",,"=""1421501910""","=""9781421501918""",4.0,VIZ Media LLC,Paperback,208,2006,1999,2024/03/31,2024/03/08,provo,provo (#620),read,,,,1,0
60383051,Why Managers Matter: The Perils of the Bossless Company,Nicolai J. Foss,"Foss, Nicolai J.",Peter G. Klein,"=""1541751043""","=""9781541751040""",0,PublicAffairs,Hardcover,320,2022,,,2024/03/27,to-read,to-read (#1641),to-read,,,,0,0
364955,"One Piece, Volume 8: I Won't Die",Eiichiro Oda,"Oda, Eiichiro",,"=""1421500752""","=""9781421500751""",4.0,VIZ Media LLC,Paperback,192,2005,1999,2024/03/22,2024/03/08,provo,provo (#619),read,,,,1,0
198332459,Bad Therapy: Why the Kids Aren't Growing Up,Abigail Shrier,"Shrier, Abigail",,"=""""","=""""",0,Swift Press,ebook,350,2024,2024,,2024/03/22,to-read,to-read (#1639),to-read,,,,0,0
1231393,Echolot; Barbarossa '41 Ein Kollektives Tagebuch,Walter Kempowski,"Kempowski, Walter",,"=""3442731755""","=""9783442731756""",0,Verlagsgruppe Random House Gmb,Paperback,729,2004,2004,,2024/03/21,to-read,to-read (#1638),to-read,,,,0,0
364954,"One Piece, Volume 7: The Crap-Geezer",Eiichiro Oda,"Oda, Eiichiro",,"=""159116852X""","=""9781591168522""",4.0,VIZ Media LLC,Paperback,189,2005,1999,2024/03/18,2024/03/08,provo,provo (#618),read,,,,1,0
17125,One Day in the Life of Ivan Denisovich,Aleksandr Solzhenitsyn,"Solzhenitsyn, Aleksandr","Ronald Hingley, H.T. Willetts, Leopold Labedz, Max Hayward","=""""","=""""",0,"Farrar, Straus and Giroux",Paperback,182,2005,1962,,2020/06/19,to-read,to-read (#540),to-read,,,,0,0
364950,"One Piece, Volume 6: The Oath",Eiichiro Oda,"Oda, Eiichiro",,"=""159116723X""","=""9781591167235""",4.0,VIZ Media LLC,Paperback,185,2005,1998,2024/03/10,2024/03/07,provo,provo (#617),read,,,,1,0
204042,"Naruto, Vol. 1: Uzumaki Naruto (Naruto, #1)",Masashi Kishimoto,"Kishimoto, Masashi",,"=""1569319006""","=""9781569319000""",0,VIZ Media,Paperback ,187,2014,2000,,2024/03/08,"to-read, provo","to-read (#1636), provo (#622)",to-read,,,,0,0
364951,"One Piece, Volume 5: For Whom the Bell Tolls",Eiichiro Oda,"Oda, Eiichiro",,"=""1591166152""","=""9781591166153""",4.0,VIZ Media LLC,Paperback,189,2004,1998,2024/03/07,2024/03/07,provo,provo (#616),read,,,,1,0
364952,"One Piece, Volume 4: The Black Cat Pirates",Eiichiro Oda,"Oda, Eiichiro",,"=""1591163374""","=""9781591163374""",3.0,VIZ Media LLC,Paperback,189,2004,1998,2024/03/07,2024/03/05,provo,provo (#615),read,,,,1,0
364957,"One Piece, Volume 3: Don't Get Fooled Again",Eiichiro Oda,"Oda, Eiichiro",,"=""1591161843""","=""9781591161844""",4.0,VIZ Media LLC,Paperback,195,2004,1998,2024/03/05,2024/03/05,provo,provo (#614),read,,,,1,0
364956,"One Piece, Volume 2: Buggy the Clown",Eiichiro Oda,"Oda, Eiichiro",,"=""159116057X""","=""9781591160571""",4.0,VIZ Media LLC,Paperback,193,2003,1998,2024/03/05,2024/03/01,provo,provo (#613),read,,,,1,0
1237398,"One Piece, Volume 1: Romance Dawn",Eiichiro Oda,"Oda, Eiichiro",,"=""1569319014""","=""9781569319017""",4.0,VIZ Media LLC,Paperback,207,2003,1997,2024/03/01,2024/02/29,provo,provo (#612),read,,,,1,0
70552,Conversations of Socrates,Xenophon,"Xenophon, Xenophon","Robin Waterfield, Hugh Tredennick","=""014044517X""","=""9780140445176""",0,Penguin Classics,Paperback,366,1990,-370,,2024/03/03,to-read,to-read (#1635),to-read,,,,0,0
168487,The Persian Expedition,Xenophon,"Xenophon, Xenophon","Rex Warner, George Cawkwell","=""0140440070""","=""9780140440072""",0,Penguin Classics,Paperback,375,1950,-370,,2024/03/03,to-read,to-read (#1634),to-read,,,,0,0
25895524,"Red Sister (Book of the Ancestor, #1)",Mark  Lawrence,"Lawrence, Mark",,"=""1101988851""","=""9781101988855""",0,Ace,Hardcover,467,2017,2017,,2024/02/29,to-read,to-read (#1633),to-read,,,,0,0
36172238,The 20-Minute Networking Meeting: Learn to Network. Get a Job.,Nathan A. Perez,"Perez, Nathan A.",Marcia Ballinger,"=""""","=""""",3.0,Career Innovations Press,Paperback,182,2016,,2024/02/29,2024/02/22,,,read,,,,1,0
564499,A Complete History of the Negro Leagues 1884 to 1955,Mark Ribowsky,"Ribowsky, Mark",,"=""0806523247""","=""9780806523248""",0,Citadel,Paperback,360,2002,1960,,2024/02/28,to-read,to-read (#1632),to-read,,,,0,0
123204511,"Around the World in Eighty Games: From Tarot to Tic-Tac-Toe, Catan to Chutes and Ladders, a Mathematician Unlocks the Secrets of the World's Greatest Games",Marcus du Sautoy,"Sautoy, Marcus du",,"=""1541601289""","=""9781541601284""",0,Basic Books,Hardcover,369,2023,2023,,2024/02/26,to-read,to-read (#1631),to-read,,,,0,0
34373814,The Friendly Orange Glow: The Untold Story of the PLATO System and the Dawn of Cyberculture,Brian Dear,"Dear, Brian",,"=""1101871555""","=""9781101871553""",0,Pantheon,Hardcover,640,2017,2017,,2024/02/25,"to-read, provo","to-read (#1630), provo (#611)",to-read,,,,0,0
25246802,The Grand Strategy of Classical Sparta: The Persian Challenge (Yale Library of Military History),Paul Anthony Rahe,"Rahe, Paul Anthony",,"=""030011642X""","=""9780300116427""",0,Yale University Press,Hardcover,408,2015,2015,,2024/02/25,to-read,to-read (#1629),to-read,,,,0,0
17255186,"The Phoenix Project: A Novel About IT, DevOps, and Helping Your Business Win",Gene Kim,"Kim, Gene","Kevin Behr, George Spafford","=""0988262592""","=""9780988262591""",0,IT Revolution Press,Hardcover,345,2013,2013,,2024/02/24,to-read,to-read (#1628),to-read,,,,0,0
50489373,Sid Meier's Memoir!: A Life in Computer Games,Sid Meier,"Meier, Sid",,"=""1324005874""","=""9781324005872""",0,W. W. Norton & Company,Hardcover,286,2020,2020,,2024/02/20,to-read,to-read (#1627),to-read,,,,0,0
252756,American Legend: The Real-Life Adventures of David Crockett,Buddy Levy,"Levy, Buddy",,"=""0425210081""","=""9780425210086""",0,Berkley Trade,Paperback,352,2006,2005,,2024/02/17,to-read,to-read (#1626),to-read,,,,0,0
824531,The Oak and the Calf: Sketches of Literary Life in the Soviet Union,Aleksandr Solzhenitsyn,"Solzhenitsyn, Aleksandr",,"=""0002626039""","=""9780002626033""",0,Harper,Paperback,568,1980,1975,,2024/02/17,to-read,to-read (#1625),to-read,,,,0,0
51182635,Our Team: The Epic Story of Four Men and the World Series That Changed Baseball,Luke Epplin,"Epplin, Luke",,"=""1250313791""","=""9781250313799""",0,Flatiron Books,Hardcover,389,2021,2021,,2024/02/17,to-read,to-read (#1624),to-read,,,,0,0
51264106,The Book of Dragons (Edith Nesbit Classics),E. Nesbit,"Nesbit, E.",,"=""""","=""""",3.0,epubli,Kindle Edition,249,2019,1899,2024/02/15,2023/12/03,tolkien,tolkien (#3),read,,,,1,0
25422323,Searching for the Oldest Stars: Ancient Relics from the Early Universe,Anna Frebel,"Frebel, Anna",,"=""0691165068""","=""9780691165066""",0,Princeton University Press,Hardcover,336,2015,2012,,2024/02/09,"to-read, provo","to-read (#1623), provo (#610)",to-read,,,,0,0
54110717,"Death on the Nile (Hercule Poirot, #18)",Agatha Christie,"Christie, Agatha",,"=""""","=""""",0,William Morrow Paperbacks,ebook,343,2005,1937,,2022/01/31,to-read,to-read (#624),to-read,,,,0,0
44492285,Dune Messiah (Dune #2),Frank Herbert,"Herbert, Frank",Brian Herbert,"=""0593098234""","=""9780593098233""",4.0,Ace,Mass Market Paperback,336,2019,1969,2021/02/04,2021/01/14,,,read,,,,2,0
234225,"Dune (Dune, #1)",Frank Herbert,"Herbert, Frank",,"=""0340839937""","=""9780340839935""",5.0,Hodder,Paperback,604,2006,1965,2021/01/14,2015/07/24,provo,provo (#30),read,,,,1,0
185540,The Fate of Africa: A History of Fifty Years of Independence,Martin Meredith,"Meredith, Martin",,"=""1586483986""","=""9781586483982""",0,PublicAffairs,Paperback,752,2006,2005,,2024/01/30,to-read,to-read (#1622),to-read,,,,0,0
37640636,"Lies of the Beholder (Legion, #3)",Brandon Sanderson,"Sanderson, Brandon",,"=""159606885X""","=""9781596068858""",3.0,Subterranean Press,Hardcover,148,2018,2018,2024/01/22,2024/01/22,,,read,,,,1,0
20886354,"Skin Deep (Legion, #2)",Brandon Sanderson,"Sanderson, Brandon",Jon Foster,"=""""","=""""",3.0,Subterranean Press ,Leather Bound,208,2014,2014,2024/01/22,2024/01/22,,,read,,,,1,0
13452375,"Legion (Legion, #1)",Brandon Sanderson,"Sanderson, Brandon",Deniz Evliyagil,"=""1596064854""","=""9781596064850""",3.0,Subterranean Press,Hardcover,88,2012,2012,2024/01/19,2024/01/17,provo,provo (#609),read,,,,1,0
41721428,Can't Hurt Me: Master Your Mind and Defy the Odds,David Goggins,"Goggins, David",,"=""1544512260""","=""""",0,Lioncrest Publishing,Kindle Edition,366,2018,2018,,2024/01/18,to-read,to-read (#1621),to-read,,,,0,0
11797348,"Roger Williams and the Creation of the American Soul: Church, State, and the Birth of Liberty",John M. Barry,"Barry, John M.",,"=""0670023051""","=""9780670023059""",4.0,Viking,Hardcover,441,2012,2012,2024/01/17,2023/05/01,provo,provo (#125),read,,,,1,0
8779896,The Monkey's Paw,W.W. Jacobs,"Jacobs, W.W.",,"=""1583419195""","=""9781583419199""",0,Creative Educ,Library Binding,32,2010,1902,,2024/01/16,to-read,to-read (#1620),to-read,,,,0,0
75596597,Judgment at Tokyo: World War II on Trial and the Making of Modern Asia,Gary J. Bass,"Bass, Gary J.",,"=""1101947101""","=""9781101947111""",0,Knopf,Kindle Edition,800,2023,2023,,2024/01/16,to-read,to-read (#1619),to-read,,,,0,0
3869,A Brief History of Time,Stephen W. Hawking,"Hawking, Stephen W.",,"=""0553380168""","=""9780553380163""",0,Bantam Books,Paperback,226,1998,1988,,2015/07/24,"to-read, provo","to-read (#22), provo (#607)",to-read,,,,0,0
61327457,"The Blazing World: A New History of Revolutionary England, 1603-1689",Jonathan Healey,"Healey, Jonathan",,"=""0593318358""","=""9780593318355""",0,Knopf,Hardcover,492,2023,2023,,2024/01/15,to-read,to-read (#1618),to-read,,,,0,0
139175679,The Development of Religious Toleration in England,W K Jordan,"Jordan, W K",,"=""""","=""""",0,George Allen & Unwin Ltd,Hardcover,0,1936,,,2024/01/15,to-read,to-read (#1617),to-read,,,,0,0
79644,Johann Sebastian Bach: The Learned Musician,Christoph Wolff,"Wolff, Christoph",,"=""0393322564""","=""9780393322569""",0,W. W. Norton & Company,Paperback,640,2001,2000,,2024/01/15,to-read,to-read (#1616),to-read,,,,0,0
138144,Paradise Regained,John Milton,"Milton, John",,"=""1603120270""","=""9781603120272""",0,Alan Rodgers Books,Paperback,108,2007,1671,,2024/01/14,to-read,to-read (#1615),to-read,,,,0,0
36373283,"God, War, and Providence: The Epic Struggle of Roger Williams and the Narragansett Indians against the Puritans of New England",James A. Warren,"Warren, James A.",,"=""150118041X""","=""9781501180415""",0,Scribner,Hardcover,288,2018,2018,,2024/01/14,to-read,to-read (#1614),to-read,,,,0,0
1161742,The Tailor-King: The Rise and Fall of the Anabaptist Kingdom of Muenster,Anthony Arthur,"Arthur, Anthony",,"=""0312267835""","=""9780312267834""",0,St. Martin's Griffin,Paperback,256,2000,1999,,2024/01/11,to-read,to-read (#1613),to-read,,,,0,0
37946419,"Sixteen Ways to Defend a Walled City (The Siege, #1)",K.J. Parker,"Parker, K.J.",,"=""0316270792""","=""9780316270793""",0,Orbit US,Trade Paperback,350,2019,2019,,2024/01/09,"to-read, fictional-series","to-read (#1612), fictional-series (#43)",to-read,,,,0,0
1280015,"Great Basin Kingdom: An Economic History of the Latter-day Saints, 1830-1900",Leonard J. Arrington,"Arrington, Leonard J.",Ronald W. Walker,"=""0252072839""","=""9780252072833""",0,University of Illinois Press,Paperback,576,2004,1958,,2024/01/09,"to-read, provo","to-read (#1611), provo (#606)",to-read,,,,0,0
77711,"A Fire Upon the Deep (Zones of Thought, #1)",Vernor Vinge,"Vinge, Vernor",,"=""0812515285""","=""9780812515282""",0,Tor Science Fiction,Mass Market Paperback,613,1993,1992,,2024/01/08,to-read,to-read (#1609),to-read,,,,0,0
95558,Solaris,Stanisław Lem,"Lem, Stanisław","Steve Cox, Joanna Kilmartin","=""""","=""""",0,Harcourt,Paperback,204,2002,1961,,2024/01/08,to-read,to-read (#1608),to-read,,,,0,0
340819,Blood Music,Greg Bear,"Bear, Greg",,"=""1596871067""","=""9781596871069""",0,Ibooks,Paperback,344,2002,1985,,2024/01/08,to-read,to-read (#1607),to-read,,,,0,0
100365,"The Mote in God's Eye (Moties, #1)",Larry Niven,"Niven, Larry",Jerry Pournelle,"=""156865054X""","=""9781568650548""",0,Spectrum Literary Agency,ebook,596,2011,1974,,2024/01/08,"to-read, fictional-series","to-read (#1606), fictional-series (#42)",to-read,,,,0,0
34927445,"Creators, Conquerors, and Citizens: A History of Ancient Greece",Robin Waterfield,"Waterfield, Robin",,"=""019023430X""","=""9780190234300""",0,Oxford University Press,Hardcover,511,2018,2018,,2024/01/07,to-read,to-read (#1605),to-read,,,,0,0
319473,"The Coming of the Third Reich (The History of the Third Reich, #1)",Richard J. Evans,"Evans, Richard J.",,"=""0143034693""","=""9780143034698""",0,Penguin Books,Paperback,622,2005,2003,,2024/01/06,to-read,to-read (#1604),to-read,,,,0,0
68542,"The History of Rome, Books 1-5: The Early History of Rome",Livy,"Livy, Livy","Aubrey de Sélincourt, Robert Maxwell Ogilvie, Stephen P. Oakley","=""0140448098""","=""9780140448092""",0,Penguin Classics,Paperback,488,2002,-29,,2024/01/06,to-read,to-read (#1603),to-read,,,,0,0
433697,"The King's Peace, 1637-1641 (The Great Rebellion)",C.V. Wedgwood,"Wedgwood, C.V.",,"=""0140069909""","=""9780140069907""",0,Penguin UK,Paperback,512,1983,1955,,2024/01/06,to-read,to-read (#1602),to-read,,,,0,0
572299,A Coffin for King Charles: The Trial and Execution of Charles I,C.V. Wedgwood,"Wedgwood, C.V.",,"=""1585790338""","=""9781585790333""",0,Akadine Press,Paperback,307,2001,1964,,2024/01/06,to-read,to-read (#1601),to-read,,,,0,0
287542,The Thirty Years War,C.V. Wedgwood,"Wedgwood, C.V.",Anthony Grafton,"=""1590171462""","=""9781590171462""",0,NYRB Classics,Paperback,520,2005,1938,,2024/01/06,to-read,to-read (#1600),to-read,,,,0,0
9969571,"Ready Player One (Ready Player One, #1)",Ernest Cline,"Cline, Ernest",,"=""030788743X""","=""9780307887436""",0,Crown Publishers,Hardcover,480,2011,2011,,2024/01/03,"to-read, library-audio","to-read (#1599), library-audio (#175)",to-read,,,,0,0
60656605,One Jump at a Time: My Story,Nathan Chen,"Chen, Nathan",,"=""006328054X""","=""9780063280540""",0,Harper,Kindle Edition,260,2022,2022,,2024/01/03,"to-read, library-audio","to-read (#1598), library-audio (#174)",to-read,,,,0,0
58721072,"A Brief History of Timekeeping: The Science of Marking Time, from Stonehenge to Atomic Clocks",Chad Orzel,"Orzel, Chad",,"=""1953295606""","=""9781953295606""",0,BenBella Books,Paperback,324,2022,2022,,2024/01/03,"to-read, library-audio","to-read (#1597), library-audio (#173)",to-read,,,,0,0
62585956,Daughter of the Dragon: Anna May Wong's Rendezvous with American History,Yunte Huang,"Huang, Yunte",,"=""1631495801""","=""9781631495809""",0,Liveright,Hardcover,400,2023,2023,,2024/01/03,"to-read, library-audio","to-read (#1596), library-audio (#172)",to-read,,,,0,0
58209420,The Dumb Money: The GameStop Short Squeeze and the Ragtag Group of Amateur Traders That Brought Wall Street to Its Knees (Previously Published as The Antisocial Network),Ben Mezrich,"Mezrich, Ben",,"=""1538707586""","=""9781538707586""",0,Grand Central Publishing,Kindle Edition,305,2021,2021,,2024/01/03,"to-read, library-audio","to-read (#1595), library-audio (#171)",to-read,,,,0,0
101160634,Making It So,Patrick   Stewart,"Stewart, Patrick",,"=""1982167734""","=""9781982167738""",0,Gallery Books,Hardcover,469,2023,2023,,2024/01/03,"to-read, library-audio","to-read (#1594), library-audio (#170)",to-read,,,,0,0
16184825,"C. S. Lewis: A Life: Eccentric Genius, Reluctant Prophet",Alister E. McGrath,"McGrath, Alister E.",,"=""1414339356""","=""9781414339351""",0,Tyndale House Publishers,Hardcover,448,2013,2012,,2024/01/03,"to-read, library-audio","to-read (#1593), library-audio (#169)",to-read,,,,0,0
830502,It,Stephen  King,"King, Stephen",,"=""0450411435""","=""9780450411434""",0,New English Library,Paperback,1184,1987,1986,,2022/01/30,"to-read, library-audio","to-read (#623), library-audio (#168)",to-read,,,,0,0
77264987,MCU: The Reign of Marvel Studios,Joanna  Robinson,"Robinson, Joanna","Dave Gonzales, Gavin Edwards","=""1631497510""","=""9781631497513""",0,Liveright,Hardcover,528,2023,2023,,2024/01/03,"to-read, library-audio","to-read (#1592), library-audio (#167)",to-read,,,,0,0
8546532,"The Good, the Bad, and the Barbie: A Doll's History and Her Impact on Us",Tanya Lee Stone,"Stone, Tanya Lee",,"=""0670011878""","=""9780670011872""",0,Viking Books for Young Readers,Hardcover,130,2010,2010,,2024/01/03,"to-read, library-audio","to-read (#1591), library-audio (#166)",to-read,,,,0,0
101160707,"The Mysterious Case of Rudolf Diesel: Genius, Power, and Deception on the Eve of World War I",Douglas Brunt,"Brunt, Douglas",,"=""1982169907""","=""9781982169909""",0,Atria Books,Kindle Edition,384,2023,2023,,2024/01/03,"to-read, library-audio","to-read (#1590), library-audio (#165)",to-read,,,,0,0
75303314,"Two Roads Home: Hitler, Stalin, and the Miraculous Survival of My Family",Daniel Finkelstein,"Finkelstein, Daniel",,"=""0385548559""","=""9780385548557""",0,Doubleday,Hardcover,400,2023,2023,,2024/01/03,"to-read, library-audio","to-read (#1589), library-audio (#164)",to-read,,,,0,0
66088900,"The Wingmen: The Unlikely, Unusual, Unbreakable Friendship Between John Glenn and Ted Williams",Adam    Lazarus,"Lazarus, Adam",,"=""0806542500""","=""9780806542508""",0,Citadel,Hardcover,304,2023,2023,,2024/01/03,"to-read, library-audio","to-read (#1588), library-audio (#163)",to-read,,,,0,0
18490752,Duty: Memoirs of a Secretary at War,Robert M. Gates,"Gates, Robert M.",,"=""0307959473""","=""9780307959478""",0,Knopf,Hardcover,640,2014,2014,,2019/01/09,"to-read, library-audio","to-read (#431), library-audio (#161)",to-read,,,,0,0
41161346,"LeBron, Inc.: The Making of a Billion-Dollar Athlete",Brian Windhorst,"Windhorst, Brian",,"=""1538730871""","=""9781538730874""",0,Grand Central Publishing,Hardcover,256,2019,2019,,2024/01/03,"to-read, library-audio","to-read (#1587), library-audio (#160)",to-read,,,,0,0
75593835,Do Not Comply: Taking Power Back from America’s Corrupt Elite,Will Witt,"Witt, Will",,"=""1546005587""","=""9781546005582""",0,Center Street,Hardcover,256,2023,2023,,2024/01/03,"to-read, library-audio","to-read (#1586), library-audio (#159)",to-read,,,,0,0
11468377,"Thinking, Fast and Slow",Daniel Kahneman,"Kahneman, Daniel",,"=""0374275637""","=""9780374275631""",0,"Farrar, Straus and Giroux",Hardcover,499,2011,2011,,2023/09/11,"to-read, library-audio","to-read (#1455), library-audio (#158)",to-read,,,,0,0
6402364,"SuperFreakonomics: Global Cooling, Patriotic Prostitutes And Why Suicide Bombers Should Buy Life Insurance",Steven D. Levitt,"Levitt, Steven D.",Stephen J. Dubner,"=""0060889578""","=""9780060889579""",0,William Morrow,Hardcover,270,2009,2009,,2024/01/03,"to-read, library-audio","to-read (#1585), library-audio (#157)",to-read,,,,0,0
76171,We,Yevgeny Zamyatin,"Zamyatin, Yevgeny",Clarence Brown,"=""0140185852""","=""9780140185850""",0,Penguin Books,Paperback,256,1993,1924,,2016/02/26,"to-read, library-audio","to-read (#345), library-audio (#156)",to-read,,,,0,0
6952423,I Am Ozzy,Ozzy Osbourne,"Osbourne, Ozzy",Chris Ayres,"=""0446569895""","=""9780446569897""",0,Grand Central Publishing,Hardcover,391,2010,2009,,2024/01/03,"to-read, library-audio","to-read (#1584), library-audio (#155)",to-read,,,,0,0
63946905,The Search: Finding Meaningful Work in a Post-Career World,Bruce Feiler,"Feiler, Bruce",,"=""0593298918""","=""9780593298916""",0,Penguin Press,Hardcover,352,2023,2023,,2024/01/03,"to-read, library-audio","to-read (#1583), library-audio (#153)",to-read,,,,0,0
55990730,Fault Lines: The Social Justice Movement and Evangelicalism's Looming Catastrophe,Voddie T. Baucham Jr.,"Jr., Voddie T. Baucham",,"=""1684512018""","=""9781684512010""",0,Salem Books,Kindle Edition,271,2021,2021,,2024/01/03,"to-read, library-audio","to-read (#1582), library-audio (#152)",to-read,,,,0,0
61612252,"Fatherland: A Memoir of War, Conscience, and Family Secrets",Burkhard Bilger,"Bilger, Burkhard",,"=""0385353987""","=""9780385353984""",0,Random House,Hardcover,336,2023,2023,,2024/01/03,"to-read, library-audio","to-read (#1581), library-audio (#151)",to-read,,,,0,0
742882,Grant,Jean Edward Smith,"Smith, Jean Edward",,"=""0684849275""","=""9780684849270""",0,Simon & Schuster,Paperback,784,2002,2001,,2024/01/03,"to-read, library-audio","to-read (#1580), library-audio (#150)",to-read,,,,0,0
61121586,"The Possibility of Life: Science, Imagination and Our Quest for Kinship in the Cosmos",Jaime Green,"Green, Jaime",,"=""0369700015""","=""9780369700018""",0,Hanover Square Press,Kindle Edition,288,2023,2023,,2024/01/03,"to-read, library-audio","to-read (#1579), library-audio (#149)",to-read,,,,0,0
24611623,In Order to Live: A North Korean Girl's Journey to Freedom,Yeonmi Park,"Park, Yeonmi",Maryanne Vollers,"=""1594206791""","=""9781594206795""",0,Penguin Press,Hardcover,273,2015,2015,,2024/01/03,"to-read, library-audio","to-read (#1578), library-audio (#148)",to-read,,,,0,0
817791,The Blind Side,Michael   Lewis,"Lewis, Michael",,"=""0393330478""","=""9780393330472""",0,W. W. Norton & Company,Hardcover,339,2006,2006,,2024/01/03,"to-read, library-audio","to-read (#1577), library-audio (#147)",to-read,,,,0,0
75812,The Closing of the American Mind,Allan Bloom,"Bloom, Allan",Saul Bellow,"=""0671657151""","=""9780671657154""",0,Simon & Schuster,Paperback,392,1988,1987,,2024/01/03,"to-read, library-audio","to-read (#1575), library-audio (#145)",to-read,,,,0,0
2715,Salt: A World History,Mark Kurlansky,"Kurlansky, Mark",,"=""0142001619""","=""9780142001615""",0,Penguin Books,Paperback,484,2003,2002,,2024/01/03,"to-read, library-audio","to-read (#1574), library-audio (#144)",to-read,,,,0,0
5632446,Columbine,Dave Cullen,"Cullen, Dave",,"=""0446546933""","=""9780446546935""",0,Twelve,Hardcover,417,2009,2009,,2024/01/03,"to-read, library-audio","to-read (#1573), library-audio (#143)",to-read,,,,0,0
136342747,The Last Politician: Inside Joe Biden's White House and the Struggle for America's Future,Franklin Foer,"Foer, Franklin",,"=""1101981148""","=""9781101981146""",0,Penguin Press,Hardcover,432,2023,2023,,2024/01/03,"to-read, library-audio","to-read (#1572), library-audio (#142)",to-read,,,,0,0
6314717,My Remarkable Journey,Larry King,"King, Larry",,"=""1602860866""","=""9781602860865""",0,Weinstein Books,Hardcover,304,2009,2006,,2018/12/01,"to-read, library-audio","to-read (#426), library-audio (#141)",to-read,,,,0,0
18774964,A Man Called Ove,Fredrik Backman,"Backman, Fredrik",Henning Koch,"=""1476738017""","=""9781476738017""",0,Atria Books,Hardcover,337,2014,2012,,2024/01/03,"to-read, library-audio","to-read (#1571), library-audio (#140)",to-read,,,,0,0
123890991,Unwoke: How to Defeat Cultural Marxism in America,Ted Cruz,"Cruz, Ted",,"=""1684514770""","=""9781684514779""",0,Regnery,Kindle Edition,383,2023,,,2024/01/03,"to-read, library-audio","to-read (#1570), library-audio (#138)",to-read,,,,0,0
11516299,"West by West: My Charmed, Tormented Life",Jerry     West,"West, Jerry",Jonathan Coleman,"=""031605349X""","=""9780316053495""",0,"Little, Brown and Company",Hardcover,338,2011,2011,,2024/01/03,"to-read, library-audio","to-read (#1569), library-audio (#137)",to-read,,,,0,0
125298594,People's Justice: Clarence Thomas and the Constitutional Stories that Define Him,Amul Thapar,"Thapar, Amul",,"=""1684514525""","=""9781684514526""",0,Gateway Editions,Hardcover,306,2023,,,2023/12/30,to-read,to-read (#1568),to-read,,,,0,0
445338,"The Lion and the Throne: The Life and Times of Sir Edward Coke, 1552-1634",Catherine Drinker Bowen,"Bowen, Catherine Drinker",,"=""0316103934""","=""9780316103930""",0,Little Brown & Co,Paperback,672,1990,1957,,2023/12/29,to-read,to-read (#1567),to-read,,,,0,0
795591,Francis Bacon: The Temper of a Man,Catherine Drinker Bowen,"Bowen, Catherine Drinker",,"=""0823215377""","=""9780823215379""",0,Fordham University Press,Hardcover,245,1993,1963,,2023/12/29,to-read,to-read (#1566),to-read,,,,0,0
61635985,Baseball: The Turbulent Midcentury Years,Steven P. Gietschier,"Gietschier, Steven P.",,"=""1496235371""","=""9781496235374""",0,University of Nebraska Press,Hardcover,624,2023,,,2023/12/26,"to-read, provo","to-read (#1564), provo (#604)",to-read,,,,0,0
609035,Foxe's Book of Martyrs,John Foxe,"Foxe, John",W. Grinton Berry,"=""0800786645""","=""9780800786649""",0,Fleming H. Revell,Paperback,416,1999,1563,,2023/12/27,to-read,to-read (#1565),to-read,,,,0,0
7743175,"A Memory of Light (The Wheel of Time, #14)",Robert Jordan,"Jordan, Robert",Brandon Sanderson,"=""0765325950""","=""9780765325952""",5.0,Tor Books,Hardcover,912,2013,2013,2023/12/27,2023/05/21,provo,provo (#239),read,,,,1,0
59151,Chess Story,Stefan Zweig,"Zweig, Stefan","Peter Gay, Joel Rotenberg, Стефан Цвайг","=""1590171691""","=""9781590171691""",0,NYRB Classics,Paperback,104,2005,1942,,2023/12/23,to-read,to-read (#1563),to-read,,,,0,0
65650219,Why We Love Baseball: A History in 50 Moments,Joe Posnanski,"Posnanski, Joe",,"=""0593472675""","=""9780593472675""",0,Dutton,Hardcover,377,2023,2023,,2023/12/22,to-read,to-read (#1562),to-read,,,,0,0
83823070,"The Cutting-Off Way: Indigenous Warfare in Eastern North America, 1500–1800",Wayne E. Lee,"Lee, Wayne E.",,"=""1469673789""","=""9781469673783""",0,The University of North Carolina Press,Paperback,300,2023,2023,,2023/12/22,to-read,to-read (#1561),to-read,,,,0,0
102189681,King Hancock: The Radical Influence of a Moderate Founding Father,Brooke Barbier,"Barbier, Brooke",,"=""""","=""""",0,Harvard University Press,Hardcover,320,2023,,,2023/12/22,to-read,to-read (#1560),to-read,,,,0,0
91357,The Devil's Arithmetic,Jane Yolen,"Yolen, Jane",,"=""0142401099""","=""9780142401095""",0,Puffin Books,Paperback,170,2004,1988,,2023/12/21,to-read,to-read (#1559),to-read,,,,0,0
408668,The Medieval Siege,Jim Bradbury,"Bradbury, Jim",,"=""0851153577""","=""9780851153575""",0,BOYE6,Paperback,378,1992,1998,,2023/12/21,to-read,to-read (#1558),to-read,,,,0,0
766740,The Capetians: Kings of France 987-1328,Jim Bradbury,"Bradbury, Jim",,"=""""","=""""",0,Bloomsbury Academic,Hardcover,362,2007,2007,,2023/12/21,to-read,to-read (#1557),to-read,,,,0,0
171740,The Medieval Archer.,Jim Bradbury,"Bradbury, Jim",,"=""0851156754""","=""9780851156750""",0,"Woodbridge: The Boydell Press, 1998.",Paperback,206,1998,1985,,2023/12/21,to-read,to-read (#1556),to-read,,,,0,0
6088007,"Neuromancer (Sprawl, #1)",William Gibson,"Gibson, William",Jack Womack,"=""""","=""""",0,Ace,Kindle Edition,268,2018,1984,,2023/12/18,"to-read, fictional-series","to-read (#1555), fictional-series (#41)",to-read,,,,0,0
23522,Mythology,Edith Hamilton,"Hamilton, Edith",Steele Savage,"=""0316341517""","=""9780316341516""",0,"Little, Brown and Company",Paperback,497,1998,1942,,2023/12/17,to-read,to-read (#1554),to-read,,,,0,0
2175,Madame Bovary,Gustave Flaubert,"Flaubert, Gustave","Mark Overstall, Malcolm Bowie, Margaret Mauldon","=""0192840398""","=""9780192840394""",0,Oxford University Press,Paperback,329,2004,1856,,2023/12/17,to-read,to-read (#1553),to-read,,,,0,0
59801798,Blood in the Machine: The Origins of the Rebellion Against Big Tech,Brian Merchant,"Merchant, Brian",,"=""0316487740""","=""9780316487740""",0,"Little, Brown and Company",Hardcover,416,2023,2023,,2023/12/17,to-read,to-read (#1552),to-read,,,,0,0
350418,Prophets of Regulation: Charles Francis Adams; Louis D. Brandeis; James M. Landis; Alfred E. Kahn,Thomas K. McCraw,"McCraw, Thomas K.",,"=""0674716086""","=""9780674716087""",0,Belknap Press,Paperback,416,1986,1984,,2023/12/16,to-read,to-read (#1551),to-read,,,,0,0
658355,Antitrust Paradox,Robert H. Bork,"Bork, Robert H.",,"=""0029044561""","=""9780029044568""",0,Free Press,Paperback,479,1993,1978,,2023/12/16,to-read,to-read (#1550),to-read,,,,0,0
60905368,Tudor England: A History,Lucy Wooding,"Wooding, Lucy",,"=""0300162723""","=""9780300162721""",0,Yale University Press,Hardcover,720,2023,,,2023/12/16,to-read,to-read (#1549),to-read,,,,0,0
198834,The Rise of Western Christendom: Triumph & Diversity 200–1000,Peter         Brown,"Brown, Peter",,"=""0631221387""","=""9780631221388""",0,Wiley-Blackwell,Paperback,712,2003,1995,,2023/12/16,to-read,to-read (#1548),to-read,,,,0,0
59785460,The Posthumous Papers of the Manuscripts Club,Christopher de Hamel,"Hamel, Christopher de",,"=""0241304377""","=""9780241304372""",0,Allen Lane,Hardcover,512,2022,2022,,2023/12/16,to-read,to-read (#1547),to-read,,,,0,0
62217087,Bismarck's War: The Franco-Prussian War and the Making of Modern Europe,Rachel Chrastil,"Chrastil, Rachel",,"=""0241419190""","=""9780241419199""",0,Allen Lane,Hardcover,485,2023,2023,,2023/12/16,to-read,to-read (#1546),to-read,,,,0,0
731103,The little book of Etiquette: Tips on socially correct dining,Sheila M. Long,"Long, Sheila M.",,"=""0760720193""","=""9780760720196""",3.0,Barnes & Nobles,Hardcover,78,2000,2000,2023/12/15,2023/08/04,,,read,,,,1,0
55148,The Punic Wars,Adrian Goldsworthy,"Goldsworthy, Adrian",,"=""0304352845""","=""9780304352845""",0,Cassell & Co. Ltd./Orion Publishing Group,Hardcover,412,2001,2000,,2023/12/15,to-read,to-read (#1545),to-read,,,,0,0
10133950,Carthage Must Be Destroyed: The Rise and Fall of an Ancient Civilization,Richard Miles,"Miles, Richard",,"=""0670022667""","=""9780670022663""",0,Viking,Hardcover,521,2011,2011,,2023/12/15,to-read,to-read (#1544),to-read,,,,0,0
27574,A Tale of Love and Darkness,Amos Oz,"Oz, Amos",,"=""015603252X""","=""9780156032520""",0,Harvest / Harcourt,Paperback,560,2005,2002,,2023/12/12,to-read,to-read (#1543),to-read,,,,0,0
61885029,Starter Villain,John Scalzi,"Scalzi, John",,"=""""","=""""",0,Tor Books,Hardcover,264,2023,2023,,2023/12/12,to-read,to-read (#1542),to-read,,,,0,0
60769900,"How to Clean Everything: A practical, down to earth guide for anyone who doesn’t know where to start",Ann     Russell,"Russell, Ann",,"=""1472296230""","=""9781472296238""",0,Headline Home,Hardcover,144,2023,,,2023/12/10,to-read,to-read (#1541),to-read,,,,0,0
24611910,"Kissinger: Vol 1: The Idealist, 1923-1968",Niall Ferguson,"Ferguson, Niall",,"=""1594206538""","=""9781594206535""",0,Penguin Press (NY),Hardcover,1008,2015,2015,,2023/12/08,to-read,to-read (#1540),to-read,,,,0,0
18911865,"The Story of the Volsungs, (Volsunga Saga) With Excerpts from the Poetic Edda",Anonymous,"Anonymous, Anonymous","Eiríkur Magnússon, William Morris","=""""","=""""",0,,Kindle Edition,119,2012,,,2023/12/03,"to-read, tolkien","to-read (#1539), tolkien (#10)",to-read,,,,0,0
400869,The Kalevala,Elias Lönnrot,"Lönnrot, Elias",Keith Bosley,"=""019283570X""","=""9780192835703""",0,Oxford University Press,Paperback,679,1999,1835,,2023/12/03,"to-read, tolkien","to-read (#1538), tolkien (#9)",to-read,,,,0,0
498116,The Book of Wonder,Lord Dunsany,"Dunsany, Lord",,"=""1587156377""","=""9781587156373""",0,Wildside Press,Paperback,116,2003,1912,,2023/12/03,"to-read, tolkien","to-read (#1537), tolkien (#8)",to-read,,,,0,0
23814,"King Solomon's Mines (Allan Quatermain, #1)",H. Rider Haggard,"Haggard, H. Rider",Alexandra Fuller,"=""0812966295""","=""9780812966299""",0,Random House Publishing Group,Paperback,264,2002,1885,,2023/12/03,"to-read, tolkien","to-read (#1536), tolkien (#7)",to-read,,,,0,0
331029,The Marvellous Land of Snergs (Dover Children's Classics),E.A. Wyke-Smith,"Wyke-Smith, E.A.",George Morrow,"=""0486452557""","=""9780486452555""",0,Dover Publications,Paperback,224,2006,1927,,2023/12/03,"to-read, tolkien","to-read (#1535), tolkien (#6)",to-read,,,,0,0
42495123,Stories for My Children,E.H. Knatchbull-Hugessen,"Knatchbull-Hugessen, E.H.",,"=""0341828300""","=""9780341828303""",0,Franklin Classics,Paperback,464,2018,1869,,2023/12/03,"to-read, tolkien","to-read (#1534), tolkien (#5)",to-read,,,,0,0
682742,The Golden Key,George MacDonald,"MacDonald, George",Maurice Sendak,"=""0374425906""","=""9780374425906""",0,"Farrar, Straus and Giroux (BYR)",Paperback,96,1984,1867,,2023/12/03,"to-read, tolkien","to-read (#1533), tolkien (#4)",to-read,,,,0,0
774544,The Red Fairy Book,Andrew  Lang,"Lang, Andrew",Leonora Blanche Alleyne Lang,"=""048621673X""","=""9780486216737""",0,Dover Publications,Paperback,367,1966,1890,,2023/12/03,"to-read, tolkien","to-read (#1532), tolkien (#2)",to-read,,,,0,0
36820,The Roots of the Mountains,William Morris,"Morris, William",Michael W. Perry,"=""1587420279""","=""9781587420276""",0,Inkling Books,Paperback,288,2003,1890,,2023/12/03,"to-read, tolkien","to-read (#1531), tolkien (#1)",to-read,,,,0,0
15792558,Fresh Off the Boat,Eddie Huang,"Huang, Eddie",,"=""0679644881""","=""9780679644880""",1.0,Spiegel & Grau,Hardcover,288,2013,2013,2023/12/01,2023/04/17,library-audio,library-audio (#68),read,,,,1,0
53447003,The Burger King: A Whopper of a Story on Life and Leadership (For Fans of Company History Books like My Warren Buffett Bible or Elon Musk),Jim McLamore,"McLamore, Jim",,"=""1642502820""","=""9781642502824""",3.0,TMA Press,Hardcover,304,2020,1997,2021/06/09,2021/06/02,,,read,,,,1,0
8253920,"Towers of Midnight (The Wheel of Time, #13)",Robert Jordan,"Jordan, Robert",Brandon Sanderson,"=""0765325942""","=""9780765325945""",5.0,Tom Doherty Associates TOR Fantasy,Hardcover,863,2010,2010,2023/11/28,2023/05/21,provo,provo (#238),read,,,,1,0
30036,"Elric of Melniboné (The Elric Saga, #1)",Michael Moorcock,"Moorcock, Michael",,"=""0441203981""","=""9780441203987""",0,Ace Books,Mass Market Paperback,181,1987,1972,,2023/11/23,to-read,to-read (#1530),to-read,,,,0,0
513985,Satan’s Silence: Ritual Abuse and the Making of a Modern American Witch Hunt,Debbie Nathan,"Nathan, Debbie",Michael Snedeker,"=""0595189555""","=""9780595189557""",0,iUniverse,Paperback,336,2001,1995,,2023/11/21,to-read,to-read (#1529),to-read,,,,0,0
36099978,"Season of Storms (The Witcher, #0.2)",Andrzej Sapkowski,"Sapkowski, Andrzej",David   French,"=""""","=""9780316441636""",0,Orbit,Hardcover,419,2018,2013,,2023/11/18,"to-read, provo","to-read (#1528), provo (#603)",to-read,,,,0,0
68452,"Pani Jeziora (Saga o Wiedźminie, #5)",Andrzej Sapkowski,"Sapkowski, Andrzej",,"=""8370541291""","=""9788370541293""",0,superNOWA,Paperback,520,2001,1999,,2023/11/18,"to-read, provo","to-read (#1527), provo (#602)",to-read,,,,0,0
18247597,"The Tower of the Swallow (The Witcher, #4)",Andrzej Sapkowski,"Sapkowski, Andrzej",David   French,"=""1473211565""","=""9781473211568""",0,Gollancz,Paperback,448,2016,1997,,2023/11/18,"to-read, provo","to-read (#1526), provo (#601)",to-read,,,,0,0
25454056,"Sword of Destiny (The Witcher, #0.7)",Andrzej Sapkowski,"Sapkowski, Andrzej",David   French,"=""""","=""""",0,Orbit,Kindle Edition,405,2015,1992,,2023/11/18,"to-read, provo","to-read (#1525), provo (#600)",to-read,,,,0,0
40603587,"The Last Wish (The Witcher, #0.5)",Andrzej Sapkowski,"Sapkowski, Andrzej",Danusia Stok,"=""""","=""""",0,Orbit,ebook,400,2008,1993,,2023/08/11,"to-read, provo","to-read (#1383), provo (#599)",to-read,,,,0,0
30231808,Goethe: Life as a Work of Art,Rüdiger Safranski,"Safranski, Rüdiger",David Dollenmayer,"=""0871404907""","=""9780871404909""",0,Liveright,Hardcover,688,2017,2013,,2023/11/18,"to-read, provo","to-read (#1524), provo (#598)",to-read,,,,0,0
20687043,Goebbels: A Biography,Peter Longerich,"Longerich, Peter","Alan Bance, Jeremy Noakes, Lesley Sharpe","=""1400067510""","=""9781400067510""",0,Random House,Hardcover,964,2015,2010,,2023/11/18,"to-read, provo","to-read (#1523), provo (#597)",to-read,,,,0,0
18656031,"Baptism of Fire (The Witcher, #3)",Andrzej Sapkowski,"Sapkowski, Andrzej",David   French,"=""0316219185""","=""9780316219181""",0,Orbit,Paperback,400,2014,1996,,2023/11/17,"to-read, provo","to-read (#1522), provo (#596)",to-read,,,,0,0
14781491,"The Time of Contempt (The Witcher, #2)",Andrzej Sapkowski,"Sapkowski, Andrzej",David   French,"=""0316219134""","=""9780316219136""",0,Orbit,Paperback,352,2013,1995,,2023/11/17,"to-read, provo","to-read (#1521), provo (#595)",to-read,,,,0,0
6043781,"Blood of Elves (The Witcher, #1)",Andrzej Sapkowski,"Sapkowski, Andrzej",Danusia Stok,"=""""","=""""",0,Hachette Book Group,Mass Market Paperback,398,2009,1994,,2023/08/11,"to-read, provo","to-read (#1382), provo (#594)",to-read,,,,0,0
368298,"The Big Three in Economics: Adam Smith, Karl Marx, and John Maynard Keynes",Mark Skousen,"Skousen, Mark",,"=""0765616947""","=""9780765616944""",4.0,Routledge,Hardcover,264,2007,2007,2023/11/14,2023/04/17,library-audio,library-audio (#29),read,,,,1,0
144187,Rome: The Biography of a City,Christopher Hibbert,"Hibbert, Christopher",,"=""""","=""""",0,Penguin,Paperback,400,1987,1985,,2023/11/14,to-read,to-read (#1520),to-read,,,,0,0
292110,"Tintenherz (Tintenwelt, #1)",Cornelia Funke,"Funke, Cornelia",,"=""3791504657""","=""9783791504650""",0,Cecilie Dressler Verlag,Hardcover,564,2003,2003,,2022/06/09,"to-read, provo","to-read (#657), provo (#593)",to-read,,,,0,0
109309144,Maria Theresia: Ein Kaiserleben (German Edition),Richard Suchenwirth,"Suchenwirth, Richard",,"=""3806106908""","=""9783806106909""",0,Druffel,Hardcover,359,1975,,,2023/11/11,"to-read, provo","to-read (#1519), provo (#592)",to-read,,,,0,0
125077752,"Tschechische Märchen: ""Drei Haselnüsse für Aschenbrödel"" und andere Märchen. Reich illustrierte Märchensammlung mit Texten von Karel Jaromír Erben und Božena Němcová (German Edition)",Erich Ackermann,"Ackermann, Erich",,"=""3641307309""","=""9783641307301""",0,Anaconda Verlag,Kindle Edition,321,2023,,,2023/11/11,"to-read, provo","to-read (#1518), provo (#591)",to-read,,,,0,0
1509478,Das Schloß,Franz Kafka,"Kafka, Franz",,"=""3866471068""","=""9783866471061""",0,Anaconda ,Hardcover,416,2007,1926,,2023/11/11,"to-read, provo","to-read (#1517), provo (#590)",to-read,,,,0,0
836230,Der Prozess,Franz Kafka,"Kafka, Franz",,"=""""","=""""",0,Anaconda,Hardcover,208,2006,1925,,2023/11/11,"to-read, provo","to-read (#1516), provo (#589)",to-read,,,,0,0
22911,Amerika,Franz Kafka,"Kafka, Franz","Willa Muir, Edwin Muir, Klaus Mann, E.L. Doctorow","=""0805210644""","=""9780805210644""",0,Schocken,Paperback,336,1996,1927,,2023/11/11,"to-read, provo","to-read (#1515), provo (#588)",to-read,,,,0,0
23803285,Mozart: Genius und Eros,Eva Gesine Baur,"Baur, Eva Gesine",,"=""""","=""""",0,C.H.Beck,Kindle Edition,565,2014,2014,,2023/11/11,"to-read, provo","to-read (#1514), provo (#587)",to-read,,,,0,0
617465,Knopf Guide: Prague (Knopf Guides),Alfred A. Knopf Publishing,"Publishing, Alfred A. Knopf",,"=""0375711112""","=""9780375711114""",0,Knopf,Paperback,372,2007,1994,,2023/11/11,"to-read, provo","to-read (#1513), provo (#586)",to-read,,,,0,0
44443837,Opičák Fips má narozeniny,Harald Salfellner,"Salfellner, Harald",,"=""8085938871""","=""9788085938876""",0,Vitalis,Hardcover,,1998,,,2023/11/11,"to-read, provo","to-read (#1512), provo (#585)",to-read,,,,0,0
1508972,Die Welt von Gestern. Erinnerungen eines Europäers,Stefan Zweig,"Zweig, Stefan",,"=""3596211522""","=""9783596211524""",0,Fischer Taschenbuch Verlag,Paperback,496,1985,1942,,2023/11/11,"to-read, provo","to-read (#1511), provo (#584)",to-read,,,,0,0
17334800,Dreizehnlinden,Friedrich Wilhelm Weber,"Weber, Friedrich Wilhelm",,"=""""","=""""",0,Agrippina-Bücherei,Hardcover,179,1960,1878,,2023/11/11,"to-read, provo","to-read (#1510), provo (#583)",to-read,,,,0,0
9663645,Salzburg: Die ganze Geschichte der Stadt,Heinz Dopsch,"Dopsch, Heinz",,"=""3702505989""","=""9783702505981""",0,Pustet Anton,Hardcover,828,2008,,,2023/10/31,"to-read, provo","to-read (#1495), provo (#582)",to-read,,,,0,0
100138932,Wien,Johannes Sachslehner,"Sachslehner, Johannes",,"=""3222150737""","=""9783222150739""",0,,Hardcover,496,2021,,,2023/11/11,"to-read, provo","to-read (#1509), provo (#581)",to-read,,,,0,0
31145672,Wien für Anfänger: Vorläufige Bruchstücke zum Entwurf einer Skizze über Land und Leute (HAYMON TASCHENBUCH) (German Edition),Jörg Mauthe,"Mauthe, Jörg",,"=""3709937582""","=""9783709937587""",0,Haymon Verlag,Kindle Edition,114,2016,,,2023/11/11,"to-read, provo","to-read (#1508), provo (#580)",to-read,,,,0,0
60276941,Colonialism: A Moral Reckoning,Nigel Biggar,"Biggar, Nigel",,"=""0008511632""","=""9780008511630""",0,William Collins,Hardcover,480,2023,2023,,2023/11/11,to-read,to-read (#1507),to-read,,,,0,0
9121382,An Essay on Economic Theory,Richard Cantillon,"Cantillon, Richard","Chantal Saucier, Mark Thornton","=""1610160010""","=""9781610160018""",0,Ludwig von Mises Institute,Paperback,251,2010,1755,,2023/11/10,to-read,to-read (#1506),to-read,,,,0,0
625094,The Leopard,Giuseppe Tomasi di Lampedusa,"Lampedusa, Giuseppe Tomasi di",Archibald Colquhoun,"=""0679731210""","=""9780679731214""",0,Pantheon,Paperback,319,1991,1958,,2023/11/10,to-read,to-read (#1505),to-read,,,,0,0
82896,The Education of Henry Adams,Henry Adams,"Adams, Henry",,"=""1406802786""","=""9781406802788""",0,Echo Library,Paperback,320,2006,1918,,2023/11/10,to-read,to-read (#1504),to-read,,,,0,0
62217089,France on Trial: The Case of Marshal Pétain,Julian T. Jackson,"Jackson, Julian T.",,"=""024145025X""","=""9780241450253""",0,PENGUIN UK,Hardcover,432,2023,2023,,2023/11/10,to-read,to-read (#1503),to-read,,,,0,0
149777,"Vienna & Chicago, Friends or Foes?: A Tale of Two Schools of Free-Market Economics",Mark Skousen,"Skousen, Mark",,"=""0895260298""","=""9780895260291""",0,Regnery Capital,Paperback,306,2005,2005,,2023/11/09,to-read,to-read (#1502),to-read,,,,0,0
25063614,1920: The Year that Made the Decade Roar,Eric Burns,"Burns, Eric",,"=""1605987727""","=""9781605987729""",3.0,Pegasus Books,Hardcover,400,2015,2015,2023/10/19,2023/04/17,library-audio,library-audio (#94),read,,,,1,0
31420725,"Move Fast and Break Things: How Facebook, Google, and Amazon Cornered Culture and Undermined Democracy",Jonathan Taplin,"Taplin, Jonathan",,"=""0316275778""","=""9780316275774""",1.0,"Little, Brown and Company",Hardcover,320,2017,2017,2023/11/09,2023/04/17,library-audio,library-audio (#52),read,,,,1,0
7186,La dame aux camélias,Alexandre Dumas fils,"fils, Alexandre Dumas",David Coward,"=""0192836382""","=""9780192836380""",0,Oxford University Press,Paperback,256,2000,1848,,2023/11/08,to-read,to-read (#1501),to-read,,,,0,0
34427035,"The Infidel and the Professor: David Hume, Adam Smith, and the Friendship that Shaped Modern Thought",Dennis C. Rasmussen,"Rasmussen, Dennis C.",,"=""0691177015""","=""9780691177014""",0,Princeton University Press,Hardcover,336,2017,2017,,2023/04/17,"library-audio, to-read","library-audio (#23), to-read (#1500)",to-read,,,,0,0
1203093,The Man Behind the Microchip: Robert Noyce and the Invention of Silicon Valley,Leslie Berlin,"Berlin, Leslie",,"=""0195163435""","=""9780195163438""",0,Oxford University Press,Hardcover,440,2005,2005,,2023/11/02,to-read,to-read (#1499),to-read,,,,0,0
1148778,The Universal History of Numbers: From Prehistory to the Invention of the Computer,Georges Ifrah,"Ifrah, Georges","David Bellos, E.F. Harding, Sophie Wood, Ian Monk","=""0471393401""","=""9780471393405""",0,John Wiley & Sons,Paperback,656,2000,1981,,2023/11/02,to-read,to-read (#1498),to-read,,,,0,0
1752567,Computing Before Computers,William Aspray,"Aspray, William",,"=""0813800471""","=""9780813800479""",0,Iowa State Pr,Hardcover,266,1990,1990,,2023/11/02,to-read,to-read (#1497),to-read,,,,0,0
72114452,"Goodbye, Eastern Europe: An Intimate History of a Divided Land",Jacob Mikanowski,"Mikanowski, Jacob",,"=""1524748501""","=""9781524748500""",0,Pantheon,Hardcover,400,2023,2023,,2023/11/01,to-read,to-read (#1496),to-read,,,,0,0
1166599,"The Gathering Storm (The Wheel of Time, #12)",Robert Jordan,"Jordan, Robert",Brandon Sanderson,"=""0765302306""","=""9780765302304""",5.0,Tor Books,Hardcover,824,2009,2009,2023/10/23,2023/05/21,provo,provo (#237),read,,,,1,0
653128,"Ragged Dick (Ragged Dick, #1)",Horatio Alger Jr.,"Jr., Horatio Alger",,"=""1406806714""","=""9781406806717""",0,Echo Library,Paperback,120,2006,1868,,2023/10/22,to-read,to-read (#1494),to-read,,,,0,0
10789,Hemingway: A Biography,Jeffrey Meyers,"Meyers, Jeffrey",,"=""0306808900""","=""9780306808906""",0,Grand Central Publishing,Paperback,644,1999,1982,,2023/10/17,to-read,to-read (#1493),to-read,,,,0,0
22693086,The Invention of Science: A New History of the Scientific Revolution,David Wootton,"Wootton, David",,"=""006175952X""","=""9780061759529""",0,Harper,Hardcover,784,2015,2015,,2023/10/17,to-read,to-read (#1492),to-read,,,,0,0
36449535,"Columbus Day (Expeditionary Force, #1)",Craig Alanson,"Alanson, Craig",,"=""1520126247""","=""9781520126241""",0,Independently published,Paperback,299,2017,2016,,2023/10/17,to-read,to-read (#1491),to-read,,,,0,0
21704,"The Black Dahlia (L.A. Quartet, #1)",James Ellroy,"Ellroy, James",,"=""0446698873""","=""9780446698870""",0,Mysterious Press,Paperback,348,2006,1987,,2023/10/17,to-read,to-read (#1490),to-read,,,,0,0
256008,"Lonesome Dove (Lonesome Dove, #1)",Larry McMurtry,"McMurtry, Larry",,"=""067168390X""","=""9780671683900""",0,Pocket Books,Mass Market Paperback,960,1999,1985,,2023/10/17,"to-read, fictional-series","to-read (#1489), fictional-series (#40)",to-read,,,,0,0
41886271,The Sword of Kaigen,M.L. Wang,"Wang, M.L.",,"=""""","=""""",0,Amazon Digital Services,Kindle Edition,651,2019,2019,,2023/10/16,"to-read, fictional-series","to-read (#1488), fictional-series (#39)",to-read,,,,0,0
7779696,Son of Hamas,Mosab Hassan Yousef,"Yousef, Mosab Hassan","مصعب حسن يوسف, Ron Brackin","=""1414333072""","=""9781414333076""",0,SaltRiver,Hardcover,265,2010,2011,,2023/10/16,to-read,to-read (#1487),to-read,,,,0,0
12973638,"The History of the Hobbit, One-Volume Edition",John D. Rateliff,"Rateliff, John D.",J.R.R. Tolkien,"=""""","=""""",0,HarperCollins,Hardcover,992,2011,2007,,2023/10/15,to-read,to-read (#1486),to-read,,,,0,0
63968763,The Battle of Maldon together with The Homecoming of Beorhtnoth Beorhthelm's Son and 'The Tradition of Versification in Old English',J.R.R. Tolkien,"Tolkien, J.R.R.",Peter Grybauskas,"=""0008465827""","=""9780008465827""",0,HarperCollinsPublishers,Hardcover,188,2023,2023,,2023/10/15,to-read,to-read (#1485),to-read,,,,0,0
30919,Scoop,Evelyn Waugh,"Waugh, Evelyn",,"=""0141187492""","=""9780141187495""",0,Penguin Books UK,Paperback,222,2003,1938,,2023/10/13,to-read,to-read (#1484),to-read,,,,0,0
41033158,"The Wandering Inn (The Wandering Inn, #1)",Pirateaba,"Pirateaba, Pirateaba",,"=""""","=""""",0,,Kindle Edition,1362,2018,2018,,2023/10/13,"to-read, fictional-series","to-read (#1483), fictional-series (#38)",to-read,,,,0,0
15790883,"Promise of Blood (Powder Mage, #1)",Brian  McClellan,"McClellan, Brian",,"=""0316219037""","=""9780316219037""",0,Orbit,Hardcover,545,2013,2013,,2022/10/29,"to-read, fictional-series, provo","to-read (#781), fictional-series (#23), provo (#578)",to-read,,,,0,0
24100,The Golden Notebook,Doris Lessing,"Lessing, Doris",,"=""006093140X""","=""9780060931407""",0,Harper Perennial Modern Classics,Paperback,640,1999,1962,,2023/10/09,to-read,to-read (#1482),to-read,,,,0,0
6452731,Justice: What's the Right Thing to Do?,Michael J. Sandel,"Sandel, Michael J.",,"=""0374180652""","=""9780374180652""",0,"Farrar, Straus and Giroux",Hardcover,308,2009,2009,,2016/01/13,to-read,to-read (#282),to-read,,,,0,0
455519,The Kalām Cosmological Argument,William Lane Craig,"Craig, William Lane",,"=""157910438X""","=""9781579104382""",0,Wipf and Stock,Paperback,224,2000,1977,,2023/10/06,to-read,to-read (#1481),to-read,,,,0,0
50890053,Charles Ponzi and the Ponzi Scheme: The History and Legacy of 20th Century America’s Most Famous Con Artist,Charles River Editors,"Editors, Charles River",,"=""""","=""""",0,Charles River Editors,Kindle Edition,44,2019,,,2023/10/05,to-read,to-read (#1480),to-read,,,,0,0
74646216,And None Shall Make Them Afraid: Eight Stories of the Modern State of Israel,Rick Richman,"Richman, Rick",,"=""1641772751""","=""9781641772754""",0,Encounter Books,Kindle Edition,367,2023,,,2023/10/05,to-read,to-read (#1479),to-read,,,,0,0
177539,The History of Jazz,Ted Gioia,"Gioia, Ted",,"=""019512653X""","=""9780195126532""",0,Oxford University Press,Paperback,471,1998,1997,,2023/10/04,to-read,to-read (#1478),to-read,,,,0,0
58586407,"God of Neverland (Defender of Lore, #1)",Gama Ray Martinez,"Martinez, Gama Ray",,"=""0063014637""","=""9780063014633""",0,Harper Voyager,Hardcover,352,2022,2022,,2023/08/26,"to-read, fictional-series","to-read (#1420), fictional-series (#37)",to-read,,,,0,0
24019183,RFK Jr.: Robert F. Kennedy Jr. and the Dark Side of the Dream,Jerry Oppenheimer,"Oppenheimer, Jerry",,"=""1250032954""","=""9781250032959""",3.0,St. Martin's Press,Hardcover,416,2015,2015,2023/09/28,2023/04/17,library-audio,library-audio (#39),read,,,,1,0
13588421,The Patriarch: The Remarkable Life and Turbulent Times of Joseph P. Kennedy,David Nasaw,"Nasaw, David",,"=""1594203768""","=""9781594203763""",0,The Penguin Press,Hardcover,868,2012,2012,,2023/09/28,to-read,to-read (#1477),to-read,,,,0,0
60310722,Doom Guy: Life in First Person: Building DOOM and a Gaming Revolution,John Romero,"Romero, John",,"=""141975811X""","=""9781419758119""",0,Harry N. Abrams,Hardcover,384,2023,2023,,2023/09/27,to-read,to-read (#1476),to-read,,,,0,0
62649131,Virtuous Bankers: A Day in the Life of the Eighteenth-Century Bank of England,Anne Murphy,"Murphy, Anne",,"=""0691194742""","=""9780691194745""",0,Princeton University Press,Hardcover,288,2023,,,2023/09/20,to-read,to-read (#1475),to-read,,,,0,0
13888,"Knife of Dreams (The Wheel of Time, #11)",Robert Jordan,"Jordan, Robert",,"=""0812577566""","=""9780812577563""",5.0,Tom Doherty Associates,Mass Market Paperback,860,2006,2005,2023/09/18,2023/05/21,provo,provo (#236),read,,,,1,0
41552080,Ballpark: Baseball in the American City,Paul Goldberger,"Goldberger, Paul",,"=""0307701549""","=""9780307701541""",0,Knopf,Hardcover,384,2019,2019,,2023/09/17,to-read,to-read (#1474),to-read,,,,0,0
17182126,"Steelheart (The Reckoners, #1)",Brandon Sanderson,"Sanderson, Brandon",,"=""0385743564""","=""9780385743563""",0,Delacorte Press,Hardcover,400,2013,2013,,2023/09/17,"to-read, fictional-series","to-read (#1473), fictional-series (#36)",to-read,,,,0,0
23492735,The Epic Adventures of Lydia Bennet,Kate Rorick,"Rorick, Kate",Rachel Kiley,"=""1476763232""","=""9781476763231""",0,Gallery Books,Paperback,336,2015,2015,,2023/09/15,"to-read, provo","to-read (#1471), provo (#577)",to-read,,,,0,0
1499952,"Daddy-Long-Legs (Daddy-Long-Legs, #1)",Jean Webster,"Webster, Jean","Dagnija Dreika, Džīna Vebstere, Aigars Truhins, Antra Vagnere","=""""","=""""",0,Hodder & Stoughton,Hardcover,249,1912,1912,,2023/09/15,"to-read, provo","to-read (#1470), provo (#576)",to-read,,,,0,0
1051519,Roald Dahl Omnibus: Charlie and the Chocolate Factory / James and the Giant Peach / Fantastic Mr Fox,Roald Dahl,"Dahl, Roald",,"=""0141311630""","=""9780141311630""",0,Puffin Books,Paperback,448,2000,1970,,2023/09/15,"to-read, provo","to-read (#1469), provo (#575)",to-read,,,,0,0
4461127,Poker is the Name of the Game,Walter B. Gibson,"Gibson, Walter B.",,"=""0824103955""","=""9780824103958""",0,Halo Pr,Paperback,144,1974,,,2023/09/15,"to-read, provo","to-read (#1468), provo (#574)",to-read,,,,0,0
1319590,The Magical Chorus: A History of Russian Culture from Tolstoy to Solzhenitsyn,Solomon Volkov,"Volkov, Solomon",Antonina W. Bouis,"=""1400042720""","=""9781400042722""",0,Knopf,Hardcover,333,2008,2008,,2023/09/15,"to-read, provo","to-read (#1467), provo (#573)",to-read,,,,0,0
142091,The Friendship: Wordsworth and Coleridge,Adam Sisman,"Sisman, Adam",,"=""0670038229""","=""9780670038220""",0,Viking Adult,Hardcover,512,2007,2006,,2023/09/15,"to-read, provo","to-read (#1466), provo (#572)",to-read,,,,0,0
23526522,"The Fellowship: The Literary Lives of the Inklings: J.R.R. Tolkien, C.S. Lewis, Owen Barfield, Charles Williams",Philip Zaleski,"Zaleski, Philip",Carol Zaleski,"=""0374713790""","=""9780374713799""",0,"Farrar, Straus and Giroux",Kindle Edition,656,2015,2015,,2022/11/30,"to-read, provo, lotr","to-read (#807), provo (#571), lotr (#26)",to-read,,,,0,0
122765395,Elon Musk,Walter Isaacson,"Isaacson, Walter",,"=""1982181281""","=""9781982181284""",0,Simon & Schuster,Hardcover,688,2023,2023,,2023/09/14,to-read,to-read (#1465),to-read,,,,0,0
23019295,When to Rob a Bank: ...And 131 More Warped Suggestions and Well-Intended Rants,Steven D. Levitt,"Levitt, Steven D.",Stephen J. Dubner,"=""0062385321""","=""9780062385321""",2.0,William Morrow ,Hardcover,387,2015,2015,2023/09/14,2023/04/17,library-audio,library-audio (#4),read,,,,1,0
61871743,The Rediscovery of America: Native Peoples and the Unmaking of U.S. History,Ned Blackhawk,"Blackhawk, Ned",,"=""0300244053""","=""9780300244052""",0,Yale University Press,Hardcover,596,2023,2023,,2023/09/13,to-read,to-read (#1464),to-read,,,,0,0
418998,The Origins of American Constitutionalism (Bibliographies in the History of),Donald S. Lutz,"Lutz, Donald S.",,"=""0807115061""","=""9780807115060""",0,LSU Press,Paperback,178,1988,1988,,2023/09/13,to-read,to-read (#1463),to-read,,,,0,0
3417488,Law and Letters in American Culture,Robert A. Ferguson,"Ferguson, Robert A.",,"=""0674514653""","=""9780674514652""",0,Harvard University Press,Hardcover,432,1984,1984,,2023/09/13,to-read,to-read (#1462),to-read,,,,0,0
7841680,"Ratification: The People Debate the Constitution, 1787-1788",Pauline Maier,"Maier, Pauline",,"=""0684868547""","=""9780684868547""",0,Simon & Schuster,Hardcover,472,2010,2010,,2023/09/13,to-read,to-read (#1461),to-read,,,,0,0
20643502,"The Road to Serfdom / Text and Documents, The Definitive Edition",Friedrich A. Hayek,"Hayek, Friedrich A.",Bruce Caldwell,"=""""","=""""",4.0,"University of Chicago Press, 2007",Paperback,283,,1944,2018/04/12,2018/03/29,provo,provo (#570),read,,,,1,0
23005460,The Naked Socialist: Socialism Taught with The 5000 Year Leap Principles (The Naked Series #3),Paul B. Skousen,"Skousen, Paul B.",Arnold Friberg,"=""0910558728""","=""""",0,Izzard Ink,Kindle Edition,749,2014,2014,,2023/09/13,"to-read, provo","to-read (#1460), provo (#569)",to-read,,,,0,0
7285385,Intellectuals and Society,Thomas Sowell,"Sowell, Thomas",,"=""046501948X""","=""9780465019489""",0,Basic Books,Hardcover,416,2010,2009,,2023/09/13,"to-read, provo","to-read (#1459), provo (#568)",to-read,,,,0,0
2732513,The Revolution: A Manifesto,Ron Paul,"Paul, Ron",,"=""0446537519""","=""9780446537513""",0,Grand Central Publishing,Hardcover,173,2008,2008,,2015/08/06,"to-read, provo","to-read (#84), provo (#567)",to-read,,,,0,0
22445583,The Basic Works of Aristotle,Aristotle,"Aristotle, Aristotle",Richard Peter McKeon,"=""""","=""""",0,Random House,Hardcover,1487,,-322,,2020/07/22,"to-read, provo","to-read (#556), provo (#566)",to-read,,,,0,0
35755947,Unified: How Our Unlikely Friendship Gives Us Hope for a Divided Country,Tim     Scott,"Scott, Tim",Trey Gowdy,"=""1496430417""","=""9781496430410""",0,Tyndale Momentum,Hardcover,240,2018,,,2018/04/21,"to-read, on-the-shelf, provo","to-read (#357), on-the-shelf (#44), provo (#565)",to-read,,,,0,0
30736,The Complete Essays of Montaigne,Michel de Montaigne,"Montaigne, Michel de",Donald M. Frame,"=""0804704864""","=""9780804704861""",0,Stanford University Press,Paperback,908,1958,1580,,2023/09/13,"to-read, provo","to-read (#1457), provo (#564)",to-read,,,,0,0
39706735,Rising Out of Hatred: The Awakening of a Former White Nationalist,Eli Saslow,"Saslow, Eli",,"=""0385542879""","=""9780385542876""",0,Anchor,Kindle Edition,291,2018,2018,,2018/07/11,"to-read, on-the-shelf, provo","to-read (#403), on-the-shelf (#43), provo (#563)",to-read,,,,0,0
27161156,Hillbilly Elegy: A Memoir of a Family and Culture in Crisis,J.D. Vance,"Vance, J.D.",,"=""""","=""""",0,Harper,Hardcover,264,2016,2016,,2023/09/11,to-read,to-read (#1456),to-read,,,,0,0
67482,Third Wave,Alvin Toffler,"Toffler, Alvin",,"=""0688035973""","=""9780688035976""",0,Morrow,Hardcover,544,1980,1980,,2023/09/10,to-read,to-read (#1454),to-read,,,,0,0
19380,Candide,Voltaire,"Voltaire, Voltaire","Rockwell Kent, Walter Jerrold, Don Hagen, Sara Gioacchino Corcos","=""0486266893""","=""9780486266893""",0,"Dover Publications, Incorporated",Paperback,129,1991,1759,,2023/09/10,"to-read, provo","to-read (#1453), provo (#562)",to-read,,,,0,0
34890015,Factfulness: Ten Reasons We're Wrong About the World – and Why Things Are Better Than You Think,Hans Rosling,"Rosling, Hans","Ola Rosling, Anna Rosling Rönnlund","=""1473637465""","=""9781473637467""",0,Sceptre,Hardcover,342,2018,2018,,2023/09/10,"to-read, provo","to-read (#1452), provo (#561)",to-read,,,,0,0
24458,On Duties,Marcus Tullius Cicero,"Cicero, Marcus Tullius","M.T. Griffin, E.M. Atkins","=""0521348358""","=""9780521348355""",0,Cambridge University Press,Paperback,243,,-44,,2022/07/28,"to-read, provo","to-read (#692), provo (#560)",to-read,,,,0,0
35539,The Beatles: The Biography,Bob Spitz,"Spitz, Bob",,"=""0316013315""","=""9780316013314""",0,Little Brown,Paperback,983,2005,2005,,2023/01/31,"to-read, provo","to-read (#914), provo (#559)",to-read,,,,0,0
35238,John,Cynthia Lennon,"Lennon, Cynthia",,"=""0307338568""","=""9780307338563""",0,Crown Pub,Paperback,306,2006,2005,,2023/09/10,"to-read, provo","to-read (#1451), provo (#558)",to-read,,,,0,0
176354,Chanel: A Woman of Her Own,Axel Madsen,"Madsen, Axel",,"=""0805016392""","=""9780805016390""",0,Holt Paperbacks,Paperback,400,1991,1990,,2023/09/10,"to-read, provo","to-read (#1450), provo (#557)",to-read,,,,0,0
5642290,Great Tales of the West,Bill Pronzini,"Pronzini, Bill",,"=""0883657023""","=""9780883657027""",0,Galahad Books,Hardcover,445,1994,1994,,2023/09/10,"to-read, provo","to-read (#1448), provo (#555)",to-read,,,,0,0
1447800,The Story of Cinema: A Complete Narrative History from the Beginnings to the Present,David Shipman,"Shipman, David",,"=""0312762801""","=""9780312762803""",0,St Martins Pr,Paperback,1280,1986,1982,,2023/09/10,"to-read, provo","to-read (#1447), provo (#554)",to-read,,,,0,0
95819,The Poetry of Robert Frost,Robert Frost,"Frost, Robert","Edward Connery Lathem, Edward Connery Latham","=""0805005013""","=""9780805005011""",0,Henry Holt & Company,Paperback,607,1979,1969,,2023/09/10,"to-read, provo","to-read (#1446), provo (#553)",to-read,,,,0,0
12540735,The Bastiat Collection,Frédéric Bastiat,"Bastiat, Frédéric",,"=""""","=""""",0,ReadCycle,Nook,1065,2011,2007,,2023/03/01,"to-read, provo","to-read (#953), provo (#552)",to-read,,,,0,0
306399,The Good War: An Oral History of World War II,Studs Terkel,"Terkel, Studs",,"=""1565843436""","=""9781565843431""",0,The New Press,Paperback,589,2004,1984,,2023/09/09,to-read,to-read (#1445),to-read,,,,0,0
61981181,Journeys of the Mind: A Life in History,Peter Brown,"Brown, Peter",,"=""0691242283""","=""9780691242286""",0,Princeton University Press,Hardcover,736,2023,2023,,2023/09/02,to-read,to-read (#1444),to-read,,,,0,0
1686,Augustine of Hippo: A Biography,Peter         Brown,"Brown, Peter",,"=""0520227573""","=""9780520227576""",0,University of California Press,Paperback,576,2000,1967,,2023/09/02,to-read,to-read (#1443),to-read,,,,0,0
63092727,Social Justice Fallacies,Thomas Sowell,"Sowell, Thomas",,"=""1541603923""","=""9781541603929""",0,Basic Books,Hardcover,224,2023,2023,,2023/09/01,to-read,to-read (#1442),to-read,,,,0,0
31457232,Unscripted: The Unpredictable Moments That Make Life Extraordinary,Ernie Johnson Jr.,"Jr., Ernie Johnson",John Smoltz,"=""080107410X""","=""9780801074103""",4.0,Baker Books,Paperback,224,2017,2017,2023/08/31,2023/04/18,library-audio,library-audio (#98),read,,,,1,0
26889785,The Story of Egypt: The Civilization that Shaped the World,Joann Fletcher,"Fletcher, Joann",,"=""1681771349""","=""9781681771342""",0,Pegasus Books,Hardcover,496,2016,2015,,2023/08/30,to-read,to-read (#1441),to-read,,,,0,0
25539031,Heart of Europe: A History of the Holy Roman Empire,Peter H. Wilson,"Wilson, Peter H.",,"=""0674058097""","=""9780674058095""",0,Belknap Press: An Imprint of Harvard University Press,Hardcover,1008,2016,2016,,2023/08/30,to-read,to-read (#1440),to-read,,,,0,0
460583,Legends of the Samurai,Hiroaki Sato,"Sato, Hiroaki",,"=""0879516194""","=""9780879516192""",0,Overlook Books,Hardcover,432,1995,1995,,2023/08/30,to-read,to-read (#1439),to-read,,,,0,0
17910055,Danubia: A Personal History of Habsburg Europe,Simon Winder,"Winder, Simon",,"=""0374175292""","=""9780374175290""",0,"Farrar, Straus and Giroux",Hardcover,576,2014,2013,,2023/08/30,to-read,to-read (#1438),to-read,,,,0,0
13586877,The Making of Middle-Earth: A New Look Inside the World of J.R.R. Tolkien,Christopher A. Snyder,"Snyder, Christopher A.",,"=""1402784767""","=""9781402784767""",0,Union Square & Co.,Hardcover,337,2013,2013,,2023/08/30,to-read,to-read (#1437),to-read,,,,0,0
43521682,"The Bone Ships (The Tide Child, #1)",R.J.  Barker,"Barker, R.J.",,"=""0316487961""","=""9780316487962""",0,Orbit,Paperback,471,2019,2019,,2023/08/30,to-read,to-read (#1436),to-read,,,,0,0
63242149,When the Game Was War: The NBA's Greatest Season,Rich Cohen,"Cohen, Rich",,"=""0593229541""","=""9780593229545""",0,Random House,Hardcover,265,2023,2023,,2023/08/30,to-read,to-read (#1435),to-read,,,,0,0
18222670,Beethoven: Anguish and Triumph,Jan Swafford,"Swafford, Jan",,"=""061805474X""","=""9780618054749""",0,Mariner Books,Hardcover,1077,2014,2014,,2023/08/29,to-read,to-read (#1434),to-read,,,,0,0
479146,Johannes Brahms: A Biography,Jan Swafford,"Swafford, Jan",,"=""0679745823""","=""9780679745822""",0,Vintage,Paperback,699,1999,1997,,2023/08/29,to-read,to-read (#1433),to-read,,,,0,0
42117280,Mozart: The Reign of Love,Jan Swafford,"Swafford, Jan",,"=""0062433598""","=""9780062433596""",0,Harper,Kindle Edition,827,2020,2020,,2023/08/29,to-read,to-read (#1432),to-read,,,,0,0
18756821,Mozart: A Life,Paul  Johnson,"Johnson, Paul",,"=""1101638125""","=""""",0,Penguin Group USA,Kindle Edition,176,2013,2013,,2023/08/29,to-read,to-read (#1431),to-read,,,,0,0
27494,Leaves of Grass,Walt Whitman,"Whitman, Walt",,"=""""","=""""",0,Simon  Schuster,Paperback,624,2006,1855,,2023/08/27,"to-read, provo","to-read (#1430), provo (#551)",to-read,,,,0,0
8909,The War of the Worlds,H.G. Wells,"Wells, H.G.",Arthur C. Clarke,"=""0375759239""","=""9780375759239""",0,Random House Publishing Group,Paperback,192,2002,1898,,2015/08/06,"to-read, provo","to-read (#85), provo (#550)",to-read,,,,0,0
953787,The Food of the Gods,H.G. Wells,"Wells, H.G.",,"=""1570020159""","=""9781570020155""",0,Univ Pub House,Paperback,200,1903,1904,,2023/08/27,"to-read, provo","to-read (#1429), provo (#549)",to-read,,,,0,0
27636460,The First Man in the Moon,H.G. Wells,"Wells, H.G.",,"=""1507855362""","=""9781507855362""",0,CreateSpace Independent Publishing Platform,Paperback,248,2015,1901,,2023/08/27,"to-read, provo","to-read (#1428), provo (#548)",to-read,,,,0,0
17184,The Invisible Man,H.G. Wells,"Wells, H.G.",Scott Westerfeld,"=""0451528522""","=""9780451528520""",0,New American Library/Penguin Books,Mass Market Paperback,192,2002,1897,,2023/08/27,"to-read, provo","to-read (#1427), provo (#547)",to-read,,,,0,0
29981,The Island of Dr. Moreau,H.G. Wells,"Wells, H.G.",Alan Lightman,"=""0553214322""","=""9780553214321""",0,Bantam Classic & Loveswept,Unknown Binding,160,1999,1896,,2023/08/27,"to-read, provo","to-read (#1426), provo (#546)",to-read,,,,0,0
2493,The Time Machine,H.G. Wells,"Wells, H.G.","Greg Bear, Carlo Pagetti","=""""","=""""",0,Signet Classics,Paperback,118,2002,1895,,2023/08/27,"to-read, provo","to-read (#1425), provo (#545)",to-read,,,,0,0
387749,Ben-Hur: A Tale of the Christ,Lew Wallace,"Wallace, Lew",,"=""1934648205""","=""9781934648209""",0,Norilana Books,Hardcover,620,2007,1880,,2023/08/27,"to-read, provo","to-read (#1424), provo (#544)",to-read,,,,0,0
53414344,Virgil's Aenid: The Original Text with a Literal Interlinear Translation,Virgil,"Virgil, Virgil",Frederick Holland Dewey,"=""""","=""""",0,"Translation Publishing Company, Inc.",Hardcover,315,1917,-19,,2023/08/27,"to-read, provo","to-read (#1423), provo (#543)",to-read,,,,0,0
33507,Twenty Thousand Leagues Under the Sea,Jules Verne,"Verne, Jules",Anthony Bonner,"=""076072850X""","=""9780760728505""",0,Barnes & Noble,Hardcover,269,2002,1869,,2023/08/27,"to-read, provo","to-read (#1422), provo (#542)",to-read,,,,0,0
2956,"The Adventures of Huckleberry Finn (Adventures of Tom and Huck, #2)",Mark Twain,"Twain, Mark","Guy Cardwell, E.W. Kemble, John Seelye, Walter Trier, Tom Wilson, William Little Hughes","=""0142437174""","=""9780142437179""",4.0,Penguin Classics,Paperback,327,2002,1885,2021/06/24,2015/08/21,provo,provo (#541),read,,,,1,0
19117,Fathers and Sons,Ivan Turgenev,"Turgenev, Ivan","Jane Costlow, George Reavy","=""""","=""""",0,Signet,Mass Market Paperback,244,2005,1862,,2022/10/27,"to-read, provo","to-read (#778), provo (#540)",to-read,,,,0,0
152,Anna Karenina,Leo Tolstoy,"Tolstoy, Leo","David Magarshack, Priscilla Meyer","=""""","=""""",4.0,Signet,Mass Market Paperback,960,2002,1878,2020/06/21,2016/02/26,provo,provo (#539),read,,,,1,0
656,War and Peace,Leo Tolstoy,"Tolstoy, Leo","Aylmer Maude, Louise Maude","=""0192833987""","=""9780192833983""",5.0,Oxford University Press,Paperback,1392,1998,1868,2022/12/19,2015/07/24,provo,provo (#538),read,,,,1,0
16902,"Walden or, Life in the Woods",Henry David Thoreau,"Thoreau, Henry David",Bill McKibben,"=""""","=""""",0,Princeton University Press,Paperback,352,2004,1854,,2022/10/10,"to-read, provo","to-read (#757), provo (#537)",to-read,,,,0,0
7733,Gulliver’s Travels,Jonathan Swift,"Swift, Jonathan",,"=""0141439491""","=""9780141439495""",0,Penguin,Paperback,306,2017,1726,,2015/07/24,"to-read, on-the-shelf, provo","to-read (#4), on-the-shelf (#17), provo (#536)",to-read,,,,0,0
4395,The Grapes of Wrath,John Steinbeck,"Steinbeck, John",,"=""""","=""""",3.0,Penguin Books,Paperback,455,2002,1939,,2015/07/26,provo,provo (#535),read,,,,1,0
14761003,William Shakespeare: Complete Plays,William Shakespeare,"Shakespeare, William",,"=""1435141830""","=""9781435141834""",0,Sterling,Hardcover,1200,2012,1595,,2023/08/27,"to-read, provo","to-read (#1421), provo (#534)",to-read,,,,0,0
37526,Henry V,William Shakespeare,"Shakespeare, William","Michael Neill, Paul Werstine, Barbara A. Mowat","=""0743484878""","=""9780743484879""",0,Washington Square Press,Paperback,294,2004,1599,,2020/03/28,"to-read, fictional-series, provo","to-read (#523), fictional-series (#16), provo (#533)",to-read,,,,0,0
5107,The Catcher in the Rye,J.D. Salinger,"Salinger, J.D.",,"=""0316769177""","=""9780316769174""",0,Back Bay Books,Paperback,277,2001,1951,,2018/05/20,"to-read, on-the-shelf, provo","to-read (#370), on-the-shelf (#15), provo (#532)",to-read,,,,0,0
1996889,Glenarvon,Caroline Lamb,"Lamb, Caroline",,"=""0460874683""","=""9780460874687""",0,Everymans Library,Paperback,409,1995,1816,,2023/08/25,to-read,to-read (#1419),to-read,,,,0,0
62192405,"Revolutionary Spring: Europe Aflame and the Fight for a New World, 1848-1849",Christopher   Clark,"Clark, Christopher",,"=""0525575200""","=""9780525575207""",0,Crown,Hardcover,1152,2023,2023,,2023/08/24,to-read,to-read (#1418),to-read,,,,0,0
18669169,The Sleepwalkers: How Europe Went to War in 1914,Christopher   Clark,"Clark, Christopher",,"=""""","=""""",0,Penguin,Kindle Edition,706,2012,2012,,2023/08/24,to-read,to-read (#1417),to-read,,,,0,0
7775702,Robert Morris: Financier of the American Revolution,Charles Rappleye,"Rappleye, Charles",,"=""1416570918""","=""9781416570912""",0,Simon & Schuster,Hardcover,640,2010,2010,,2023/08/24,to-read,to-read (#1416),to-read,,,,0,0
13456414,A Short Stay in Hell,Steven L. Peck,"Peck, Steven L.",,"=""098374842X""","=""9780983748427""",0,Strange Violin Editions,Paperback,108,2012,2011,,2023/08/24,to-read,to-read (#1415),to-read,,,,0,0
2086132,What It Is,Lynda Barry,"Barry, Lynda",,"=""1897299354""","=""9781897299357""",0,Drawn and Quarterly,Hardcover,210,2008,2008,,2023/08/24,to-read,to-read (#1414),to-read,,,,0,0
129972,"Mrs. Bridge (Mrs and Mr Bridge, #1)",Evan S. Connell,"Connell, Evan S.",,"=""0865470561""","=""9780865470569""",0,North Point Press,Paperback,246,1981,1959,,2023/08/24,to-read,to-read (#1413),to-read,,,,0,0
235892,The Austrians: A Thousand-Year Odyssey,Gordon Brook-Shepard,"Brook-Shepard, Gordon",,"=""0786711027""","=""9780786711024""",0,Basic Books,Paperback,512,2002,1996,,2023/08/23,to-read,to-read (#1412),to-read,,,,0,0
1617,Night,Elie Wiesel,"Wiesel, Elie","Marion Wiesel, François Mauriac","=""0374500010""","=""9780374500016""",0,Hill & Wang,Paperback,120,2006,1956,,2023/08/23,to-read,to-read (#1411),to-read,,,,0,0
31451009,It's All a Game: The History of Board Games from Monopoly to Settlers of Catan,Tristan Donovan,"Donovan, Tristan",,"=""1250082722""","=""9781250082725""",0,Thomas Dunne Books,Hardcover,304,2017,2017,,2023/08/23,to-read,to-read (#1410),to-read,,,,0,0
1611657,"On the Edge of the Dark Sea of Darkness (The Wingfeather Saga, #1)",Andrew       Peterson,"Peterson, Andrew",,"=""1400073847""","=""9781400073849""",0,WaterBrook,Paperback,290,2008,2008,,2023/08/22,"to-read, fictional-series","to-read (#1409), fictional-series (#34)",to-read,,,,0,0
20518872,"The Three-Body Problem (Remembrance of Earth’s Past, #1)",Liu Cixin,"Cixin, Liu",Ken Liu,"=""""","=""""",0,Tor Books,Hardcover,472,2014,2006,,2023/08/22,"to-read, fictional-series","to-read (#1408), fictional-series (#33)",to-read,,,,0,0
714380,The Discoverers: A History of Man's Search to Know His World and Himself,Daniel J. Boorstin,"Boorstin, Daniel J.",,"=""0394726251""","=""9780394726250""",0,Vintage,Paperback,745,1985,1983,,2023/08/21,to-read,to-read (#1407),to-read,,,,0,0
60784368,Once Upon a Prime: The Wondrous Connections Between Mathematics and Literature,Sarah  Hart,"Hart, Sarah",,"=""1250850886""","=""9781250850881""",0,Flatiron Books,Hardcover,304,2023,2023,,2023/08/19,to-read,to-read (#1406),to-read,,,,0,0
61272648,Magisteria: The Entangled Histories of Science & Religion,Nicholas Spencer,"Spencer, Nicholas",,"=""0861544617""","=""9780861544615""",0,Oneworld Publications,Hardcover,480,2023,,,2023/08/19,to-read,to-read (#1405),to-read,,,,0,0
82120,The Worldly Philosophers,Robert L. Heilbroner,"Heilbroner, Robert L.",,"=""068486214X""","=""9780684862149""",0,Touchstone/Simon & Schuster (NY),Paperback,368,1999,1953,,2023/08/19,to-read,to-read (#1404),to-read,,,,0,0
61062194,Beyond the Wand: The Magic & Mayhem of Growing Up a Wizard,Tom Felton,"Felton, Tom",,"=""1538741369""","=""9781538741368""",3.0,Grand Central Publishing,Hardcover,288,2022,2022,2023/08/18,2023/04/17,library-audio,library-audio (#78),read,,,,1,0
13330922,"The Black Count: Glory, Revolution, Betrayal, and the Real Count of Monte Cristo",Tom Reiss,"Reiss, Tom",,"=""030738246X""","=""9780307382467""",0,Crown,Hardcover,414,2012,2012,,2023/08/17,to-read,to-read (#1403),to-read,,,,0,0
11047892,The Travels,Marco Polo,"Polo, Marco",Milton Rugoff,"=""0451517172""","=""9780451517173""",0,Signet Classics,Mass Market Paperback,302,1961,1298,,2022/07/28,"to-read, provo","to-read (#695), provo (#531)",to-read,,,,0,0
39889155,Plutarch’s Lives (Volumes I and II),Plutarch,"Plutarch, Plutarch",Arthur Hugh Clough,"=""1420957406""","=""9781420957402""",0,Digireads.com Publishing,Kindle Edition,2156,2018,,,2023/08/17,"to-read, provo","to-read (#1402), provo (#530)",to-read,,,,0,0
130440,Doctor Zhivago,Boris Pasternak,"Pasternak, Boris","John Bayley, Max Hayward, Manya Harari","=""0679774386""","=""9780679774389""",0,Pantheon,Paperback,592,1997,1957,,2015/08/18,"to-read, on-the-shelf, provo","to-read (#122), on-the-shelf (#14), provo (#529)",to-read,,,,0,0
18414,Utopia,Thomas More,"More, Thomas",Paul  Turner,"=""0140449108""","=""9780140449105""",3.0,Penguin Classics,Paperback,135,2003,1516,2021/06/13,2021/06/08,provo,provo (#528),read,,,,1,0
8127,"Anne of Green Gables (Anne of Green Gables, #1)",L.M. Montgomery,"Montgomery, L.M.",Jennifer Lee Carrell,"=""0451528824""","=""9780451528827""",0,Signet,Mass Market Paperback,320,2003,1908,,2023/08/17,"to-read, provo","to-read (#1401), provo (#527)",to-read,,,,0,0
2657,To Kill a Mockingbird,Harper Lee,"Lee, Harper",,"=""0060935464""","=""9780060935467""",4.0,Harper Perennial Modern Classics ,Paperback,323,2006,1960,,2015/07/24,provo,provo (#526),read,,,,1,0
103086,The Man Who Would Be King,Rudyard Kipling,"Kipling, Rudyard",,"=""0976140705""","=""9780976140702""",0,Melville House,Paperback,96,2005,1888,,2023/08/17,"to-read, provo","to-read (#1400), provo (#525)",to-read,,,,0,0
24280,Les Misérables,Victor Hugo,"Hugo, Victor","Norman MacAfee, Charles E. Wilbour, Lee Fahnestock, Isabel Florence Hapgood","=""0451525264""","=""9780451525260""",5.0,Signet Classics,Mass Market Paperback,1488,1987,1862,2015/08/15,2015/07/24,provo,provo (#524),read,,,,1,0
4823586,The Iliad & The Odyssey,Homer,"Homer, Homer",Samuel Butler,"=""1435110439""","=""9781435110434""",0,Barnes & Noble,Leather Bound,731,2008,-800,,2020/03/28,"to-read, provo","to-read (#528), provo (#523)",to-read,,,,0,0
2141488,Autocrat of the Breakfast Table,Oliver Wendell Holmes Sr.,"Sr., Oliver Wendell Holmes",,"=""1426403135""","=""9781426403132""",0,BiblioBazaar,Paperback,240,2001,1857,,2022/01/30,"to-read, provo","to-read (#622), provo (#522)",to-read,,,,0,0
2165,The Old Man and the Sea,Ernest Hemingway,"Hemingway, Ernest",,"=""0684830493""","=""9780684830490""",4.0,Scribner,Hardcover,96,1996,1952,2020/03/11,2015/08/21,provo,provo (#521),read,,,,1,0
4671,The Great Gatsby,F. Scott Fitzgerald,"Fitzgerald, F. Scott",,"=""0743273567""","=""9780743273565""",4.0,Scribner,Paperback,180,2025,1925,2022/08/27,2015/07/24,provo,provo (#520),read,,,,1,0
10975,The Sound and the Fury,William Faulkner,"Faulkner, William",,"=""""","=""""",0,Vintage International,Paperback,366,1990,1929,,2015/08/18,"to-read, on-the-shelf, provo","to-read (#120), on-the-shelf (#13), provo (#519)",to-read,,,,0,0
20567,Scenes of Clerical Life,George Eliot,"Eliot, George",Thomas A. Noble,"=""019283780X""","=""9780192837806""",0,Oxford University Press,Paperback,336,2002,1857,,2022/07/28,"to-read, provo","to-read (#694), provo (#518)",to-read,,,,0,0
19089,Middlemarch,George Eliot,"Eliot, George",Michel Faber,"=""0451529170""","=""9780451529176""",0,Signet,Mass Market Paperback,912,2003,1872,,2020/07/02,"to-read, provo","to-read (#551), provo (#517)",to-read,,,,0,0
7126,The Count of Monte Cristo,Alexandre Dumas,"Dumas, Alexandre",Robin Buss,"=""0140449264""","=""9780140449266""",5.0,Penguin Classics,Paperback,1276,2003,1846,2015/12/13,2015/07/24,provo,provo (#516),read,,,,1,0
102868,"A Study in Scarlet (Sherlock Holmes, #1)",Arthur Conan Doyle,"Doyle, Arthur Conan",,"=""1420925539""","=""9781420925531""",0,Digireads.com,Paperback,123,2005,1887,,2023/08/17,"to-read, provo","to-read (#1399), provo (#515)",to-read,,,,0,0
125107160,How to Win at Chess: The Ultimate Guide for Beginners and Beyond,Levy Rozman,"Rozman, Levy",,"=""1984862081""","=""9781984862082""",0,Ten Speed Press,Kindle Edition,260,2023,2023,,2023/08/14,to-read,to-read (#1398),to-read,,,,0,0
36510196,"Old Man's War (Old Man's War, #1)",John Scalzi,"Scalzi, John",,"=""""","=""""",0,Tor Books,Kindle Edition,318,2007,2005,,2023/08/14,to-read,to-read (#1397),to-read,,,,0,0
63895410,In Sardinia: An Unexpected Journey in Italy,Jeff   Biggers,"Biggers, Jeff",,"=""1685890261""","=""9781685890261""",0,Melville House,Hardcover,354,2023,2023,,2023/08/13,to-read,to-read (#1396),to-read,,,,0,0
318742,The Souls of Black Folk,W.E.B. Du Bois,"Bois, W.E.B. Du","Donald B. Gibson, Monica W. Elbert","=""""","=""""",0,Penguin Classics,Paperback,288,1996,1903,,2020/06/16,"to-read, provo","to-read (#537), provo (#514)",to-read,,,,0,0
7144,Crime and Punishment,Fyodor Dostoevsky,"Dostoevsky, Fyodor","David McDuff, Joseph Frank, Fyodor Dostoyevsky","=""""","=""""",4.0,Penguin,Paperback,671,2002,1866,2019/12/22,2015/07/24,provo,provo (#513),read,,,,1,0
58696,David Copperfield,Charles Dickens,"Dickens, Charles","Edward Killoran Brown, Jeremy Tambling, Phiz","=""""","=""""",0,Penguin ,Paperback,882,2004,1850,,2018/07/11,"to-read, on-the-shelf, provo","to-read (#391), on-the-shelf (#30), provo (#512)",to-read,,,,0,0
1953,A Tale of Two Cities,Charles Dickens,"Dickens, Charles",,"=""0141439602""","=""9780141439600""",0,Penguin Books,Paperback,489,2003,1859,,2015/07/24,"to-read, on-the-shelf, provo","to-read (#6), on-the-shelf (#29), provo (#511)",to-read,,,,0,0
5326,A Christmas Carol,Charles Dickens,"Dickens, Charles",Joe L. Wheeler,"=""1561797464""","=""9781561797462""",0,Bethany House Publishers ,Paperback,184,1999,1843,,2023/08/12,"to-read, provo","to-read (#1395), provo (#510)",to-read,,,,0,0
2623,Great Expectations,Charles Dickens,"Dickens, Charles","Kate Flint, Margaret Cardwell","=""0192833596""","=""9780192833594""",0,Oxford University Press,Paperback,544,1998,1861,,2015/07/24,"to-read, on-the-shelf, provo","to-read (#35), on-the-shelf (#31), provo (#509)",to-read,,,,0,0
18254,Oliver Twist,Charles Dickens,"Dickens, Charles",Philip Horne,"=""""","=""""",4.0,Penguin Books,Paperback,608,2003,1838,,2015/07/24,provo,provo (#508),read,,,,1,0
38296,"The Last of the Mohicans (The Leatherstocking Tales, #2)",James Fenimore Cooper,"Cooper, James Fenimore",,"=""0553213296""","=""9780553213294""",0,Bantam,Paperback,410,1981,1826,,2023/08/12,"to-read, provo","to-read (#1394), provo (#507)",to-read,,,,0,0
108553317,"Anton Chekhov Plays, Franklin Library","Julien's Auctions,","Auctions,, Julien's",,"=""""","=""""",0,"Julien's Auctions,",Paperback,0,2011,1934,,2023/08/12,"to-read, provo","to-read (#1393), provo (#506)",to-read,,,,0,0
3836,Don Quixote,Miguel de Cervantes Saavedra,"Saavedra, Miguel de Cervantes","Roberto González Echevarría, John Rutherford","=""""","=""""",0,Penguin Books,Paperback,1023,2003,1605,,2023/08/12,"to-read, provo","to-read (#1392), provo (#505)",to-read,,,,0,0
29797,The Pilgrim's Progress,John Bunyan,"Bunyan, John",,"=""""","=""""",0,Dover Publications,Paperback,324,2003,1678,,2023/08/12,"to-read, provo","to-read (#1391), provo (#504)",to-read,,,,0,0
57183585,The Poetry of Lord Byron,Lord Byron,"Byron, Lord",,"=""1789509696""","=""9781789509694""",0,Arcturus,Paperback,224,2020,1816,,2022/05/18,"to-read, provo","to-read (#652), provo (#503)",to-read,,,,0,0
133256591,The story of King Arthur and the knights of the table round; for boys and girls 1900 [Leather Bound],Edward Brooks,"Brooks, Edward",,"=""""","=""""",0,Generic,Leather Bound,424,2023,,,2023/08/12,"to-read, provo, king-arthur","to-read (#1390), provo (#502), king-arthur (#16)",to-read,,,,0,0
588147,Bulfinch's Mythology,Thomas Bulfinch,"Bulfinch, Thomas",Alberto Manguel,"=""0375751475""","=""9780375751479""",0,Modern Library,Paperback,862,1998,1855,,2023/08/12,"to-read, provo","to-read (#1388), provo (#500)",to-read,,,,0,0
6050398,English Fairy Tales and Legends,Rosalind Kerven,"Kerven, Rosalind",,"=""1905400659""","=""9781905400652""",0,National Trust Books,Hardcover,200,2008,2008,,2023/08/12,"to-read, provo","to-read (#1387), provo (#499)",to-read,,,,0,0
57310881,The Thousand and One Nights (The Harvard Classics),Anonymous,"Anonymous, Anonymous",Charles William Eliot,"=""""","=""""",0,Grolier,Hardcover,441,1987,1909,,2023/08/12,"to-read, provo","to-read (#1386), provo (#498)",to-read,,,,0,0
167771320,The Worlds Best Poems,Mark van Doren,"Doren, Mark van",,"=""""","=""""",0,The World Publishing Company,Unknown Binding,672,,,,2023/08/12,"to-read, provo","to-read (#1385), provo (#497)",to-read,,,,0,0
622147,French and English Philosophers: Descartes/Rousseau/Voltaire/Hobbes (Harvard Classics 34),Charles William Eliot,"Eliot, Charles William","René Descartes, Voltaire, Jean-Jacques Rousseau, Thomas Hobbes","=""0766181871""","=""9780766181878""",0,Kessinger Publishing,paper,440,2004,1909,,2023/08/12,"to-read, provo","to-read (#1384), provo (#496)",to-read,,,,0,0
80950130,"Piercing the Veil (The Veil Saga, #1)",Steven A. Guglich,"Guglich, Steven A.",,"=""""","=""9798987591604""",0,Your Wildest Dreams Publishing LLC ,Paperback,614,2023,,,2023/08/10,to-read,to-read (#1381),to-read,,,,0,0
5137686,Discourses Concerning Government (Liberty Fund Studies in Political Theory),Algernon Sidney,"Sidney, Algernon",Thomas G. West,"=""0865971412""","=""9780865971417""",0,Liberty Fund,Hardcover,645,1996,1680,,2023/08/09,to-read,to-read (#1380),to-read,,,,0,0
6969,Emma,Jane Austen,"Austen, Jane",Fiona Stafford,"=""""","=""""",0,Penguin Books,Paperback,474,2003,1815,,2022/04/17,"to-read, provo","to-read (#640), provo (#495)",to-read,,,,0,0
14935,Sense and Sensibility,Jane Austen,"Austen, Jane","Ros Ballaster, Джейн Остин","=""0141439661""","=""9780141439662""",0,Penguin Books,Paperback,409,2003,1811,,2022/10/27,"to-read, provo","to-read (#776), provo (#494)",to-read,,,,0,0
1885,Pride and Prejudice,Jane Austen,"Austen, Jane",Anna Quindlen,"=""1441341706""","=""9781441341709""",3.0,Modern Library,Paperback,279,2023,1813,2020/06/07,2015/12/17,provo,provo (#493),read,,,,1,0
2156,Persuasion,Jane Austen,"Austen, Jane","Deidre Shauna Lynch, James Kinsley","=""0192802631""","=""9780192802637""",0,Oxford University Press,Paperback,249,2004,1817,,2022/04/21,"to-read, provo","to-read (#643), provo (#492)",to-read,,,,0,0
50398,Northanger Abbey,Jane Austen,"Austen, Jane",Alfred Mac Adam,"=""1593082649""","=""9781593082642""",0,Barnes & Noble Classics,Paperback,260,2005,1817,,2023/08/07,"to-read, provo","to-read (#1379), provo (#491)",to-read,,,,0,0
6656,The Divine Comedy: Inferno - Purgatorio - Paradiso,Dante Alighieri,"Alighieri, Dante","Allen Mandelbaum, Eugenio Montale, Peter Armour, Sandro Botticelli","=""0679433139""","=""9780679433132""",0,Everyman's Library,Hardcover,798,1995,1320,,2019/08/15,"to-read, provo","to-read (#478), provo (#488)",to-read,,,,0,0
1934,"Little Women (Little Women, #1)",Louisa May Alcott,"Alcott, Louisa May","Regina Barreca, Grzegorz Komerski, Marta Fihel","=""""","=""""",0,Signet Classics,Mass Market Paperback,449,2004,1868,,2015/08/21,"to-read, provo","to-read (#129), provo (#487)",to-read,,,,0,0
17383917,The Screwtape Letters,C.S. Lewis,"Lewis, C.S.",,"=""0062023179""","=""9780062023179""",5.0,HarperOne,Hardcover,223,2013,1942,2026/04/03,2015/07/24,provo,provo (#485),read,,,,1,0
11857214,Lives of Saints with Excepts from their Writings (#1),Thomas Plaßmann,"Plaßmann, Thomas",Joseph Vann,"=""""","=""""",0,"John J. Crawley & Co., Inc.",Hardcover,527,1954,1954,,2023/08/07,"to-read, provo","to-read (#1378), provo (#484)",to-read,,,,0,0
34066798,A Gentleman in Moscow,Amor Towles,"Towles, Amor",,"=""""","=""""",0,Penguin Books,Paperback,495,2019,2016,,2023/08/07,to-read,to-read (#1377),to-read,,,,0,0
31449002,Rising Star: The Making of Barack Obama – The Definitive Biography of the Formative Years and Forces Behind the 44th President,David J. Garrow,"Garrow, David J.",,"=""0062641859""","=""9780062641854""",0,William Morrow,Kindle Edition,2661,2017,2017,,2023/08/07,to-read,to-read (#1376),to-read,,,,0,0
61827405,Mott Street: A Chinese American Family's Story of Exclusion and Homecoming,Ava Chin,"Chin, Ava",,"=""0525557377""","=""9780525557371""",0,Penguin Press,Hardcover,400,2023,2023,,2023/08/06,to-read,to-read (#1375),to-read,,,,0,0
147487,George Orwell: A Life,Bernard Crick,"Crick, Bernard",,"=""0140058567""","=""9780140058567""",0,Penguin Books,Paperback,672,1982,1980,,2023/08/06,to-read,to-read (#1374),to-read,,,,0,0
113435,"Crossroads of Twilight (The Wheel of Time, #10)",Robert Jordan,"Jordan, Robert",,"=""0312864590""","=""9780312864590""",4.0,Tor Fantasy,Hardcover,704,2003,2003,2023/08/06,2023/05/21,provo,provo (#235),read,,,,1,0
944073,"The Blade Itself (The First Law, #1)",Joe Abercrombie,"Abercrombie, Joe",,"=""0575079797""","=""9780575079793""",0,Gollancz,Paperback,515,2007,2006,,2022/08/12,"to-read, fictional-series, provo","to-read (#706), fictional-series (#3), provo (#483)",to-read,,,,0,0
31134465,The Short Stories of Ernest Hemingway,Ernest Hemingway,"Hemingway, Ernest",,"=""""","=""""",0,Charles Scribner's Sons,Paperback,512,,1938,,2023/08/05,"to-read, provo","to-read (#1373), provo (#482)",to-read,,,,0,0
233637,"The Hidden Staircase (Nancy Drew Mystery Stories, #2)",Carolyn Keene,"Keene, Carolyn",,"=""0448095025""","=""9780448095028""",0,Grosset & Dunlap,Hardcover,182,1996,1930,,2023/08/05,"to-read, provo","to-read (#1372), provo (#480)",to-read,,,,0,0
32979,"The Secret of the Old Clock (Nancy Drew Mystery Stories, #1)",Carolyn Keene,"Keene, Carolyn","Russell H. Tandy, Sara Paretsky","=""1557091552""","=""9781557091550""",0,Applewood Books,Hardcover,210,1991,1930,,2023/08/05,"to-read, provo","to-read (#1371), provo (#479)",to-read,,,,0,0
7648269,"Empire of the Summer Moon: Quanah Parker and the Rise and Fall of the Comanches, the Most Powerful Indian Tribe in American History",S.C. Gwynne,"Gwynne, S.C.",,"=""1416591052""","=""9781416591054""",0,Scribner,Hardcover,371,2010,2010,,2023/08/04,to-read,to-read (#1370),to-read,,,,0,0
184419,The Man Who Was Thursday: A Nightmare,G.K. Chesterton,"Chesterton, G.K.",Jonathan Lethem,"=""0375757910""","=""9780375757914""",0,Modern Library,Paperback,182,2001,1908,,2023/08/04,to-read,to-read (#1369),to-read,,,,0,0
321329,Great Physicists: The Life and Times of Leading Physicists from Galileo to Hawking,William H. Cropper,"Cropper, William H.",,"=""0195173244""","=""9780195173246""",0,Oxford University Press,Paperback,512,2004,2001,,2023/08/04,to-read,to-read (#1368),to-read,,,,0,0
2338692,The challenge of our times,W. Cleon Skousen,"Skousen, W. Cleon",,"=""0601195310""","=""9780601195312""",0,Bookcraft,Hardcover,184,1953,2011,,2023/08/04,"to-read, provo","to-read (#1367), provo (#478)",to-read,,,,0,0
20361717,"The Joseph Smith Papers, Documents, Volume 1: July 1828-June 1831",Michael Hubbard MacKay,"MacKay, Michael Hubbard","Gerrit J. Dirkmaat, Grant Underwood, Robert J. Woodford, William G. Hartley","=""1609075773""","=""9781609075774""",0,The Church Historian's Press,Hardcover,608,2013,2013,,2023/08/04,"to-read, provo","to-read (#1366), provo (#477)",to-read,,,,0,0
24898205,"FIFTY ESSAYS. From Hitler, Franco & the Atomic Bomb; to Tolstoi, Ghandi, Dickens & Twain",George Orwell,"Orwell, George",,"=""""","=""""",0,Business and Leadership Publishing,Kindle Edition,645,2014,,,2023/08/02,to-read,to-read (#1365),to-read,,,,0,0
21064740,The Road to Wigan Pier,George Orwell,"Orwell, George",,"=""0141395451""","=""9780141395456""",0,Penguin Books,Paperback,240,2014,1937,,2023/08/01,to-read,to-read (#1364),to-read,,,,0,0
62586098,Red Memory: The Afterlives of China's Cultural Revolution,Tania Branigan,"Branigan, Tania",,"=""1324051957""","=""9781324051954""",0,W. W. Norton & Company,Hardcover,304,2023,2023,,2023/07/31,to-read,to-read (#1362),to-read,,,,0,0
608947,The Complete Dead Sea Scrolls in English,Géza Vermes,"Vermes, Géza",Anonymous,"=""0140449523""","=""9780140449525""",0,Penguin Classics,Paperback,648,2004,-200,,2021/05/09,"to-read, provo","to-read (#596), provo (#123)",to-read,,,,0,0
54810079,"The Spotify Play: How Daniel Ek Beat Apple, Google, and Amazon in the Race for Audio Dominance",Sven   Carlsson,"Carlsson, Sven",Jonas Leijonhufvud,"=""1635767458""","=""9781635767445""",3.0,Diversion Books,Hardcover,305,2021,2019,2023/07/26,2023/04/19,library-audio,library-audio (#120),read,,,,1,0
29101491,The Tetris Effect: The Game that Hypnotized the World,Dan Ackerman,"Ackerman, Dan",,"=""1610396111""","=""9781610396110""",0,PublicAffairs,Hardcover,272,2016,2016,,2023/07/26,to-read,to-read (#1361),to-read,,,,0,0
62121793,Wonder Confronts Certainty: Russian Writers on the Timeless Questions and Why Their Answers Matter,Gary Saul Morson,"Morson, Gary Saul",,"=""0674971809""","=""9780674971806""",0,Belknap Press: An Imprint of Harvard University Press,Hardcover,512,2023,2023,,2023/07/25,to-read,to-read (#1360),to-read,,,,0,0
80571,American Prometheus: The Triumph and Tragedy of J. Robert Oppenheimer,Kai Bird,"Bird, Kai",Martin J. Sherwin,"=""""","=""""",0,Vintage Books,Paperback,721,2007,2005,,2023/07/25,to-read,to-read (#1359),to-read,,,,0,0
61233580,George VI and Elizabeth: The Marriage That Saved the Monarchy,Sally Bedell Smith,"Smith, Sally Bedell",,"=""0525511636""","=""9780525511632""",0,Random House,Hardcover,736,2023,2023,,2023/07/25,to-read,to-read (#1358),to-read,,,,0,0
61871736,Maimonides: Faith in Reason (Jewish Lives),Alberto Manguel,"Manguel, Alberto",,"=""0300217897""","=""9780300217896""",0,Yale University Press,Hardcover,256,2023,2023,,2023/07/25,to-read,to-read (#1357),to-read,,,,0,0
52048189,Collision of Worlds: A Deep History of the Fall of Aztec Mexico and the Forging of New Spain,David M. Carballo,"Carballo, David M.",,"=""0190864354""","=""9780190864354""",0,"Oxford University Press, USA",Hardcover,360,2020,2020,,2023/01/24,to-read,to-read (#907),to-read,,,,0,0
139069,Endurance: Shackleton's Incredible Voyage,Alfred Lansing,"Lansing, Alfred",,"=""""","=""""",5.0,Carroll & Graf Publishers,Hardcover,282,1999,1959,2020/12/29,2020/06/16,provo,provo (#475),read,,,,1,0
31951503,Power-Up: Unlocking the Hidden Mathematics in Video Games,Matthew Lane,"Lane, Matthew",,"=""0691161518""","=""9780691161518""",0,Princeton University Press,Hardcover,264,2017,,,2023/07/24,"to-read, provo","to-read (#1356), provo (#474)",to-read,,,,0,0
593181,The Musical Ascent of Herman Being: A How-To Novel,Robert Danziger,"Danziger, Robert",,"=""0961342781""","=""9780961342784""",0,Jordan Pr,Paperback,105,1995,1984,,2023/07/24,"to-read, provo","to-read (#1355), provo (#473)",to-read,,,,0,0
829182,Computer Systems: A Programmer's Perspective,Randal E. Bryant,"Bryant, Randal E.",David Richard O'Hallaron,"=""013034074X""","=""9780130340740""",0,Prentice Hall,Hardcover,978,2002,2002,,2023/07/24,"to-read, provo","to-read (#1354), provo (#472)",to-read,,,,0,0
22609391,The Wright Brothers,David McCullough,"McCullough, David",,"=""""","=""""",0,Simon & Schuster,Hardcover,320,2015,2015,,2015/07/25,"to-read, provo","to-read (#53), provo (#471)",to-read,,,,0,0
22232,"Stargirl (Stargirl, #1)",Jerry Spinelli,"Spinelli, Jerry",,"=""0439488400""","=""9780439488402""",0,Scholastic,Paperback,186,2002,2000,,2023/07/24,"to-read, provo","to-read (#1353), provo (#470)",to-read,,,,0,0
7841672,For the Love of Physics: From the End of the Rainbow to the Edge of Time - A Journey Through the Wonders of Physics,Walter Lewin,"Lewin, Walter",Warren Goldstein,"=""1439108277""","=""9781439108277""",0,Free Press,Hardcover,320,2011,2011,,2023/07/24,"to-read, provo","to-read (#1352), provo (#469)",to-read,,,,0,0
6114328,Stargazer's Guide,winterburn-emily,"winterburn-emily, winterburn-emily",,"=""1845297245""","=""9781845297244""",0,Constable,Hardcover,256,2008,2008,,2022/07/16,"to-read, provo","to-read (#801), provo (#468)",to-read,,,,0,0
8958951,Signature of Controversy: Responses to Critics of Signature in the Cell (Signature in the Cell #2),David Klinghoffer,"Klinghoffer, David",,"=""0979014182""","=""9780979014185""",0,Discovery Institute Press,Paperback,143,2011,2010,,2023/07/24,to-read,to-read (#1351),to-read,,,,0,0
51288426,Magnificent Minds: Seventeen Pioneering Women in Science and Medicine,Pendred E. Noyce,"Noyce, Pendred E.",,"=""1943431647""","=""9781943431649""",0,Tumblehome Pr,Paperback,150,2021,,,2023/07/24,"to-read, provo","to-read (#1350), provo (#467)",to-read,,,,0,0
25953369,Hidden Figures,Margot Lee Shetterly,"Shetterly, Margot Lee",,"=""""","=""""",0,William Morrow Paperbacks,Paperback,349,2016,2016,,2023/07/24,"to-read, provo","to-read (#1349), provo (#466)",to-read,,,,0,0
6501998,Grace Hopper and the Invention of the Information Age,Kurt W. Beyer,"Beyer, Kurt W.",,"=""026201310X""","=""9780262013109""",0,Mit Pr,Hardcover,389,2009,2009,,2023/07/24,"to-read, provo","to-read (#1348), provo (#465)",to-read,,,,0,0
35098345,"30-Second Classical Music: The 50 most significant genres, composers and innovations, each explained in half a minute [Hardcover] [Mar 02, 2017] Joanne Cormac",Joanne Cormac,"Cormac, Joanne",,"=""1782404252""","=""9781782404255""",4.0,IVY PRESS,Hardcover,160,2017,,2022/07/13,2021/07/28,provo,provo (#464),read,,,,1,0
23359881,Remarkable Minds: Seventeen More Pioneering Women in Science and Medicine,Pendred Noyce,"Noyce, Pendred",,"=""0990782905""","=""9780990782902""",0,Tumblehome Pr,Hardcover,183,2015,2015,,2023/07/24,"to-read, provo","to-read (#1346), provo (#462)",to-read,,,,0,0
415052,The Colossal Book of Mathematics,Martin Gardner,"Gardner, Martin",,"=""0393020231""","=""9780393020236""",0,W. W. Norton & Company,Hardcover,736,2001,2001,,2023/07/24,"to-read, provo","to-read (#1345), provo (#461)",to-read,,,,0,0
2096,God Created the Integers: The Mathematical Breakthroughs That Changed History,Stephen W. Hawking,"Hawking, Stephen W.",,"=""0762419229""","=""9780762419227""",0,Running Press Book Publishers,Hardcover,1176,2005,2005,,2023/07/24,"to-read, provo","to-read (#1344), provo (#460)",to-read,,,,0,0
6638332,"Fundamental Planetary Science: Physics, Chemistry and Habitability",Jack J. Lissauer,"Lissauer, Jack J.",Imke de Pater,"=""052161855X""","=""9780521618557""",0,Cambridge University Press,Paperback,616,2013,,,2023/07/24,"to-read, provo","to-read (#1343), provo (#459)",to-read,,,,0,0
21523668,The Science Book: Big Ideas Simply Explained,Rob Scott Colson,"Colson, Rob Scott","John Farndon, Camilla Hallinan, Dan Green, David John, Adam Hart-Davis","=""1465419659""","=""9781465419651""",0,DK Publishing,Paperback,352,2014,2014,,2023/07/24,"to-read, provo","to-read (#1342), provo (#458)",to-read,,,,0,0
40406806,Coders: The Making of a New Tribe and the Remaking of the World,Clive Thompson,"Thompson, Clive",,"=""0735220565""","=""9780735220560""",0,Penguin Press,Hardcover,448,2019,2019,,2023/07/24,"to-read, provo","to-read (#1341), provo (#457)",to-read,,,,0,0
21413662,What If?: Serious Scientific Answers to Absurd Hypothetical Questions,Randall Munroe,"Munroe, Randall",,"=""0544272994""","=""9780544272996""",0,Dey Street Books,Hardcover,303,2014,2014,,2019/04/12,"to-read, provo","to-read (#442), provo (#456)",to-read,,,,0,0
133430,Centennial,James A. Michener,"Michener, James A.",,"=""""","=""""",0,Fawcett,Paperback,1056,1987,1974,,2022/07/13,"to-read, provo","to-read (#680), provo (#455)",to-read,,,,0,0
37442,"Wicked: The Life and Times of the Wicked Witch of the West (The Wicked Years, #1)",Gregory Maguire,"Maguire, Gregory",Douglas Smith,"=""""","=""""",0,ReganBooks,Paperback,406,2000,1995,,2023/07/23,"to-read, provo","to-read (#1339), provo (#454)",to-read,,,,0,0
100464,"Dragon Rider (Dragon Rider, #1)",Cornelia Funke,"Funke, Cornelia",,"=""190444248X""","=""9781904442486""",0,Chicken House,Paperback,527,2005,1997,,2023/07/23,"to-read, provo","to-read (#1338), provo (#453)",to-read,,,,0,0
50659467,"A Court of Thorns and Roses (A Court of Thorns and Roses, #1)",Sarah J. Maas,"Maas, Sarah J.",,"=""1635575567""","=""9781635575569""",0,Bloomsbury Publishing,Paperback,419,2020,2015,,2022/12/27,"to-read, fictional-series","to-read (#861), fictional-series (#32)",to-read,,,,0,0
13642,A Wizard of Earthsea,Ursula K. Le Guin,"Guin, Ursula K. Le",,"=""""","=""""",0,,Paperback,183,2004,1968,,2023/07/19,"to-read, fictional-series","to-read (#1336), fictional-series (#31)",to-read,,,,0,0
51579752,The Origins of You: How Childhood Shapes Later Life,Jay Belsky,"Belsky, Jay","Avshalom Caspi, Terrie E. Moffitt, Richie Poulton","=""0674983459""","=""9780674983458""",0,Harvard University Press,Hardcover,400,2020,2020,,2023/07/19,to-read,to-read (#1335),to-read,,,,0,0
10660230,Super Mario: How Nintendo Conquered America,Jeff   Ryan,"Ryan, Jeff",,"=""1591844053""","=""9781591844051""",0,Portfolio,Hardcover,292,2011,2011,,2023/07/17,"to-read, provo","to-read (#1334), provo (#451)",to-read,,,,0,0
29947651,"Endurance: A Year in Space, A Lifetime of Discovery",Scott    Kelly,"Kelly, Scott",Margaret Lazarus Dean,"=""1524731595""","=""9781524731595""",0,Alfred A. Knopf,Hardcover,400,2017,2017,,2023/07/17,"to-read, provo","to-read (#1333), provo (#450)",to-read,,,,0,0
507952,"Empires of Light: Edison, Tesla, Westinghouse, and the Race to Electrify the World",Jill Jonnes,"Jonnes, Jill",,"=""0375758844""","=""9780375758843""",0,Random House Trade Paperbacks,Paperback,464,2004,2003,,2023/07/17,"to-read, provo","to-read (#1332), provo (#449)",to-read,,,,0,0
17934528,The Life of the Automobile: The Complete History of the Motor Car,Steven Parissien,"Parissien, Steven",,"=""1250040639""","=""9781250040633""",0,Thomas Dunne Books,Hardcover,448,2014,2013,,2023/07/17,"to-read, provo","to-read (#1331), provo (#448)",to-read,,,,0,0
43984882,Edison,Edmund  Morris,"Morris, Edmund",,"=""081299311X""","=""9780812993110""",0,Random House,Hardcover,800,2019,2019,,2023/07/17,"to-read, provo","to-read (#1330), provo (#447)",to-read,,,,0,0
42352427,64 Geeks: The Brains Who Shaped Our World,Chas Newkey-Burden,"Newkey-Burden, Chas",,"=""""","=""""",0,Ilex Press,Kindle Edition,144,2018,,,2023/07/17,"to-read, provo","to-read (#1329), provo (#446)",to-read,,,,0,0
2350129,Preach My Gospel: A Guide To Missionary Service,The Church of Jesus Christ of Latter-day Saints,"Saints, The Church of Jesus Christ of Latter-day",,"=""0402366174""","=""9780402366171""",5.0,The Church of Jesus Christ of Latter-day Saints,Spiral-bound,228,2004,2004,,2015/07/24,provo,provo (#445),read,,,,1,0
25845273,The Great Divorce,C.S. Lewis,"Lewis, C.S.",,"=""""","=""""",0,HarperCollins,Paperback,146,2015,1946,,2020/08/18,"to-read, provo","to-read (#561), provo (#444)",to-read,,,,0,0
49221,A Grief Observed,C.S. Lewis,"Lewis, C.S.",Madeleine L'Engle,"=""0060652381""","=""9780060652388""",0,HarperOne,Paperback,76,2001,1961,,2015/12/19,"to-read, provo","to-read (#253), provo (#443)",to-read,,,,0,0
52036,Siddhartha,Hermann Hesse,"Hesse, Hermann",Hilda Rosner,"=""""","=""""",0,Bantam Books,Mass Market Paperback,152,1981,1922,,2018/07/11,"to-read, on-the-shelf, provo","to-read (#392), on-the-shelf (#32), provo (#442)",to-read,,,,0,0
20178265,"Pillar of Light (The Work and the Glory, #1)",Gerald N. Lund,"Lund, Gerald N.",,"=""1606417363""","=""9781606417362""",0,Deseret Book,Kindle Edition,441,2010,1994,,2023/07/17,"to-read, provo","to-read (#1326), provo (#441)",to-read,,,,0,0
50975575,The Holy Quran: English Translation,Anonymous,"Anonymous, Anonymous",,"=""""","=""""",0,,Kindle Edition,546,2019,632,,2020/03/28,"to-read, provo","to-read (#522), provo (#440)",to-read,,,,0,0
81227,Infidel,Ayaan Hirsi Ali,"Ali, Ayaan Hirsi",,"=""0743289684""","=""9780743289689""",0,Free Press,Hardcover,353,2007,2006,,2023/07/17,to-read,to-read (#1325),to-read,,,,0,0
27037,Confessions,Augustine of Hippo,"Hippo, Augustine of","Henry Chadwick, Albert Cook Outler, Temple Scott","=""0192833723""","=""9780192833723""",0,Oxford University Press,Paperback,341,1998,400,,2022/01/25,"to-read, provo","to-read (#620), provo (#439)",to-read,,,,0,0
914223,"The Gulag Archipelago, 1918-1956: An Experiment in Literary Investigation, Books V-VII",Aleksandr Solzhenitsyn,"Solzhenitsyn, Aleksandr",,"=""0813332915""","=""9780813332918""",0,Basic Books,Paperback,576,1997,1973,,2023/07/15,"to-read, provo","to-read (#1324), provo (#438)",to-read,,,,0,0
70562,"The Gulag Archipelago, 1918-1956: An Experiment in Literary Investigation, Books III-IV",Aleksandr Solzhenitsyn,"Solzhenitsyn, Aleksandr",,"=""006092103X""","=""9780060921033""",0,Perennial,Paperback,720,1992,1973,,2023/07/15,"to-read, provo","to-read (#1323), provo (#437)",to-read,,,,0,0
54511405,The Gulag Archipelago [Volume 1]: An Experiment in Literary Investigation,Aleksandr Solzhenitsyn,"Solzhenitsyn, Aleksandr",,"=""0062941631""","=""9780062941633""",0,Harper Perennial,Kindle Edition,701,2020,1973,,2023/01/08,"to-read, provo","to-read (#882), provo (#436)",to-read,,,,0,0
59568763,"Boldly, Nobly, and Independent: 1893–1955 (Saints, #3)",The Church of Jesus Christ of Latter-day Saints,"Saints, The Church of Jesus Christ of Latter-day",,"=""1629726494""","=""9781629726496""",4.0,The Church of Jesus Christ of Latter-day Saints,Paperback,757,2022,,2022/08/02,2022/05/02,provo,provo (#435),read,,,,1,0
2424720,Audacious Women: Early British Mormon Immigrants,Rebecca Bartholomew,"Bartholomew, Rebecca",,"=""1560850663""","=""9781560850663""",0,Signature Books,Paperback,304,1995,1995,,2023/07/15,"to-read, provo","to-read (#1322), provo (#434)",to-read,,,,0,0
328075,Pioneer Women: Voices from the Kansas Frontier,Joanna L. Stratton,"Stratton, Joanna L.",Arthur M. Schlesinger Jr.,"=""0671447483""","=""9780671447489""",0,Touchstone,Paperback,320,1982,1981,,2023/07/15,"to-read, provo","to-read (#1321), provo (#433)",to-read,,,,0,0
336895,Mormon Doctrine,Bruce R. McConkie,"McConkie, Bruce R.",,"=""0884940624""","=""9780884940623""",0,Bookcraft,Hardcover,856,1966,1958,,2023/07/15,"to-read, provo","to-read (#1320), provo (#432)",to-read,,,,0,0
656295,Understanding Isaiah,Donald W. Parry,"Parry, Donald W.","Jay A. Parry, Tina M. Peterson","=""1573453617""","=""9781573453615""",0,Deseret Book Co,Hardcover,659,1998,1998,,2023/07/15,"to-read, provo","to-read (#1319), provo (#431)",to-read,,,,0,0
236609,Joseph Smith: Rough Stone Rolling,Richard L. Bushman,"Bushman, Richard L.",,"=""1400077532""","=""9781400077533""",0,Vintage,Paperback,740,2007,2005,,2018/11/15,"to-read, provo","to-read (#419), provo (#430)",to-read,,,,0,0
58231672,"The Spiritual Physics of Light: How We See, Feel, and Know Truth",Aaron D. Franklin,"Franklin, Aaron D.",,"=""1649330510""","=""9781649330512""",0,Religious Studies Center,Kindle Edition,202,2021,,,2023/07/15,"to-read, provo","to-read (#1318), provo (#429)",to-read,,,,0,0
7167582,Articles of Faith,James E. Talmage,"Talmage, James E.",,"=""1606410059""","=""9781606410059""",5.0,Deseret Book Company,Leather Bound,496,2009,1899,2019/06/04,2015/07/24,"on-the-shelf, provo","on-the-shelf (#18), provo (#428)",read,,,,1,0
6358596,The Women of Mormondom,Edward W. Tullidge,"Tullidge, Edward W.",,"=""""","=""""",0,,,552,1975,1877,,2023/07/15,"to-read, provo","to-read (#1317), provo (#427)",to-read,,,,0,0
767062,Jerusalem: The Eternal City,D. Kelly Ogden,"Ogden, D. Kelly","Andrew C. Skinner, David B. Galbraith","=""1573450529""","=""9781573450522""",0,Deseret Book Co,Hardcover,592,1996,1996,,2023/07/15,"to-read, provo","to-read (#1316), provo (#426)",to-read,,,,0,0
481749,"Jesus the Christ: A Study of the Messiah and His Mission According to Holy Scriptures, Both Ancient and Modern",James E. Talmage,"Talmage, James E.",,"=""0875793266""","=""9780875793269""",5.0,Deseret Book Co,Paperback,747,2001,1915,2018/03/23,2016/01/12,provo,provo (#425),read,,,,1,0
1055617,The Miracle of Forgiveness,Spencer W. Kimball,"Kimball, Spencer W.",,"=""0884944441""","=""9780884944447""",0,Bookcraft Pubs,Paperback,376,1997,1969,,2019/08/03,"to-read, provo","to-read (#474), provo (#424)",to-read,,,,0,0
22680,American Sphinx: The Character of Thomas Jefferson,Joseph J. Ellis,"Ellis, Joseph J.",,"=""0679764410""","=""9780679764410""",3.0,Vintage Books,Paperback,440,1998,1997,2023/07/14,2023/04/17,library-audio,library-audio (#85),read,,,,1,0
61469398,An Ordinary Man:  The Surprising Life and Historic Presidency of Gerald R. Ford,Richard Norton Smith,"Smith, Richard Norton",,"=""0062684167""","=""9780062684165""",0,Harper ,Hardcover,992,2023,2023,,2023/07/13,to-read,to-read (#1315),to-read,,,,0,0
15791994,Chronic Condition: Why Canada's Health Care System Needs To Be Dragged Into The 21c,Jeffrey Simpson,"Simpson, Jeffrey",,"=""0670065897""","=""9780670065899""",0,Allen Lane,Hardcover,400,2012,2012,,2023/07/13,to-read,to-read (#1314),to-read,,,,0,0
1797842,"Nauvoo: A Place of Peace, a People of Promise",Glen M. Leonard,"Leonard, Glen M.",,"=""1570087466""","=""9781570087462""",0,Deseret Book Co,Hardcover,828,2002,2002,,2022/11/29,"to-read, provo","to-read (#806), provo (#423)",to-read,,,,0,0
24113,"Gödel, Escher, Bach: An Eternal Golden Braid",Douglas R. Hofstadter,"Hofstadter, Douglas R.",,"=""0465026567""","=""9780465026562""",0,Basic Books,Paperback,777,1999,1979,,2023/07/11,"to-read, provo","to-read (#1313), provo (#422)",to-read,,,,0,0
483400,The Life of Christ,Frederic W. Farrar,"Farrar, Frederic W.",,"=""0884949397""","=""9780884949398""",0,Bookcraft,Hardcover,744,1994,1896,,2022/03/31,"to-read, provo","to-read (#638), provo (#421)",to-read,,,,0,0
27204972,Mother-Daughter Book Camp,Heather Vogel Frederick,"Frederick, Heather Vogel",,"=""1442471832""","=""9781442471832""",0,Simon & Schuster Books for Young Readers,Hardcover,336,2016,2016,,2023/07/11,"to-read, provo","to-read (#1312), provo (#420)",to-read,,,,0,0
13406413,Wish You Were Eyre,Heather Vogel Frederick,"Frederick, Heather Vogel",,"=""1442430648""","=""9781442430648""",0,Simon & Schuster Books For Young Readers ,Hardcover,442,2012,2012,,2023/07/11,"to-read, provo","to-read (#1311), provo (#419)",to-read,,,,0,0
10799807,Home for the Holidays,Heather Vogel Frederick,"Frederick, Heather Vogel",,"=""1442406852""","=""9781442406858""",0,Simon & Schuster Books for Young Readers,Hardcover,352,2011,2011,,2023/07/11,"to-read, provo","to-read (#1310), provo (#418)",to-read,,,,0,0
7597710,Pies & Prejudice,Heather Vogel Frederick,"Frederick, Heather Vogel",,"=""1416974318""","=""9781416974314""",0,Simon & Schuster Books for Young Readers,Hardcover,378,2010,2010,,2023/07/11,"to-read, provo","to-read (#1309), provo (#417)",to-read,,,,0,0
6517357,Dear Pen Pal,Heather Vogel Frederick,"Frederick, Heather Vogel",,"=""141697430X""","=""9781416974307""",0,Simon & Schuster Books for Young Readers,Hardcover,416,2009,2009,,2023/07/11,"to-read, provo","to-read (#1308), provo (#416)",to-read,,,,0,0
2841694,Much Ado About Anne,Heather Vogel Frederick,"Frederick, Heather Vogel",,"=""0689855664""","=""9780689855665""",0,Simon & Schuster Books for Young Readers,Hardcover,336,2008,2008,,2023/07/11,"to-read, provo","to-read (#1307), provo (#415)",to-read,,,,0,0
318016,The Mother-Daughter Book Club,Heather Vogel Frederick,"Frederick, Heather Vogel",,"=""0689864124""","=""9780689864124""",0,Simon & Schuster Books for Young Readers,Hardcover,245,2007,2007,,2023/07/11,"to-read, provo","to-read (#1306), provo (#414)",to-read,,,,0,0
13891,"Winter's Heart (The Wheel of Time, #9)",Robert Jordan,"Jordan, Robert",,"=""081257558X""","=""9780812575583""",4.0,Tor Fantasy,Mass Market Paperback,780,2002,2000,2023/07/10,2023/05/21,provo,provo (#234),read,,,,1,0
865,The Alchemist,Paulo Coelho,"Coelho, Paulo",Alan R. Clarke,"=""0061122416""","=""9780061122415""",0,HarperCollins,Paperback,197,1993,1988,,2019/06/20,"to-read, provo","to-read (#451), provo (#413)",to-read,,,,0,0
573022,The Third Reich: A New History,Michael Burleigh,"Burleigh, Michael",,"=""080909326X""","=""9780809093267""",0,Hill and Wang,Paperback,992,2001,2000,,2023/07/08,"to-read, provo","to-read (#1288), provo (#412)",to-read,,,,0,0
639197,The Princess and the Hound (The Hound Saga #1),Mette Ivie Harrison,"Harrison, Mette Ivie",,"=""0061131873""","=""9780061131875""",0,HarperTeen,Hardcover,410,2007,2007,,2023/07/09,"to-read, provo","to-read (#1305), provo (#411)",to-read,,,,0,0
10453,"Skating Shoes (Shoes, #7)",Noel Streatfeild,"Streatfeild, Noel",,"=""044047731X""","=""9780440477310""",0,Yearling,Paperback,304,1982,1951,,2023/07/09,"to-read, provo","to-read (#1304), provo (#410)",to-read,,,,0,0
1271487,A Christmas Thief: A Novel,Carol Lynn Pearson,"Pearson, Carol Lynn",,"=""0829417648""","=""9780829417647""",0,Loyola Pr,Hardcover,72,2003,1995,,2023/07/09,"to-read, provo","to-read (#1303), provo (#409)",to-read,,,,0,0
161361,"The Christmas Box (The Christmas Box, #1)",Richard Paul Evans,"Evans, Richard Paul",,"=""0684832356""","=""9780684832357""",0,Simon & Schuster,Hardcover,128,1996,1993,,2023/07/09,to-read,to-read (#1302),to-read,,,,0,0
923935,Christmas Jars,Jason F. Wright,"Wright, Jason F.",,"=""1590384814""","=""9781590384817""",0,Shadow Mountain,Paperback,122,2005,2005,,2023/07/09,"to-read, provo","to-read (#1301), provo (#408)",to-read,,,,0,0
2998,The Secret Garden,Frances Hodgson Burnett,"Burnett, Frances Hodgson",,"=""0517189607""","=""9780517189603""",0,Children's Classics,Hardcover,331,1998,1911,,2023/07/09,"to-read, provo","to-read (#1300), provo (#407)",to-read,,,,0,0
8431116,"The Romeo and Juliet Code (Felicity Bathburn, #1)",Phoebe Stone,"Stone, Phoebe",,"=""0545215110""","=""9780545215114""",0,Arthur A. Levine Books,Hardcover,304,2011,2011,,2023/07/09,"to-read, provo","to-read (#1299), provo (#406)",to-read,,,,0,0
42046112,Recursion,Blake Crouch,"Crouch, Blake",,"=""1524759783""","=""9781524759780""",0,Crown,Hardcover,329,2019,2019,,2023/07/09,"to-read, provo","to-read (#1298), provo (#405)",to-read,,,,0,0
149267,The Stand,Stephen  King,"King, Stephen",Bernie Wrightson,"=""""","=""""",3.0,Doubleday Books,Hardcover,1152,1990,1978,2018/07/17,2015/11/29,provo,provo (#404),read,,,,1,0
36307853,The Fluttering of Angels,Darrell Egbert,"Egbert, Darrell",,"=""137091413X""","=""9781370914135""",0,Publisher's Place,ebook,,2017,,,2023/07/09,"to-read, provo","to-read (#1297), provo (#402)",to-read,,,,0,0
7426140,The Ravensbruck Legacy: An Historic Novel,Darrell Egbert,"Egbert, Darrell",,"=""097544607X""","=""9780975446072""",0,"publishers place, St.George UT",Paperback,351,2007,2007,,2023/07/09,"to-read, provo","to-read (#1296), provo (#401)",to-read,,,,0,0
6202556,"The Evolution of Calpurnia Tate (Calpurnia Tate, #1)",Jacqueline Kelly,"Kelly, Jacqueline",,"=""0805088415""","=""9780805088410""",0,Henry Holt and Company,Hardcover,344,2009,2009,,2023/07/09,to-read,to-read (#1295),to-read,,,,0,0
6439641,"Luv Ya Bunches (Flower Power, #1)",Lauren Myracle,"Myracle, Lauren",,"=""0810942119""","=""9780810942110""",0,Harry N. Abrams,Hardcover,338,2009,2009,,2023/07/09,"to-read, provo","to-read (#1294), provo (#400)",to-read,,,,0,0
875643,Across the Wide and Lonesome Prairie: The Oregon Trail Diary of Hattie Campbell (Dear America),Kristiana Gregory,"Gregory, Kristiana",,"=""0590226517""","=""9780590226516""",0,Scholastic Inc.,Hardcover,140,1997,1997,,2023/07/09,"to-read, provo","to-read (#1293), provo (#399)",to-read,,,,0,0
11962848,The Boy on Cinnamon Street,Phoebe Stone,"Stone, Phoebe",,"=""0545215129""","=""9780545215121""",0,Arthur A. Levine Books,Hardcover,240,2012,2012,,2023/07/09,"to-read, provo","to-read (#1292), provo (#398)",to-read,,,,0,0
2266079,The Green Mile,Stephen  King,"King, Stephen",,"=""""","=""""",4.0,Pocket Books,Mass Market Paperback,536,1999,1996,2019/02/18,2018/07/28,,,read,,,,1,0
19288043,Gone Girl,Gillian Flynn,"Flynn, Gillian",,"=""0307588378""","=""9780307588371""",3.0,Ballantine Books,Paperback,415,2014,2012,2022/08/31,2022/08/26,provo,provo (#397),read,,,,1,0
93743,"Princess Lessons (The Princess Diaries, #4.1)",Meg Cabot,"Cabot, Meg",Chesley McLaren,"=""0060526777""","=""9780060526771""",0,HarperCollins,Hardcover,128,2003,2003,,2023/07/09,"to-read, provo","to-read (#1291), provo (#396)",to-read,,,,0,0
469571,"All the Pretty Horses (The Border Trilogy, #1)",Cormac McCarthy,"McCarthy, Cormac",,"=""0679744398""","=""9780679744399""",0,Vintage,Paperback,302,1993,1992,,2023/07/09,"to-read, provo","to-read (#1290), provo (#395)",to-read,,,,0,0
853510,"Murder on the Orient Express (Hercule Poirot, #10)",Agatha Christie,"Christie, Agatha",,"=""0007119313""","=""9780007119318""",0,HarperCollins,Paperback,347,2007,1934,,2023/07/09,"to-read, provo","to-read (#1289), provo (#393)",to-read,,,,0,0
1156149,Self-Esteem and the Physical You,Anita Canfield,"Canfield, Anita",,"=""0934126216""","=""9780934126212""",0,Cedar Fort,Hardcover,293,1983,1983,,2023/07/06,"to-read, provo","to-read (#1287), provo (#392)",to-read,,,,0,0
15986086,The Complete Book of Insult,Nancy McPhee,"McPhee, Nancy",,"=""""","=""""",0,Book Club Associates,Hardcover,121,1982,1982,,2023/07/06,"to-read, provo","to-read (#1286), provo (#391)",to-read,,,,0,0
2208767,"Palace of Mirrors (The Palace Chronicles, #2)",Margaret Peterson Haddix,"Haddix, Margaret Peterson",,"=""1416939156""","=""9781416939153""",0,Simon & Schuster Books for Young Readers,Hardcover,297,2008,2008,,2023/07/06,"to-read, provo","to-read (#1285), provo (#390)",to-read,,,,0,0
1210754,"Sun and Moon, Ice and Snow",Jessica Day George,"George, Jessica Day",,"=""1599901099""","=""9781599901091""",0,Bloomsbury USA Childrens,Hardcover,336,2008,2008,,2023/07/06,"to-read, provo","to-read (#1284), provo (#389)",to-read,,,,0,0
3223761,Every Soul a Star,Wendy Mass,"Mass, Wendy",,"=""0316002569""","=""9780316002561""",0,"Little, Brown Books for Young Readers",Hardcover,322,2008,2008,,2023/07/06,"to-read, provo","to-read (#1283), provo (#388)",to-read,,,,0,0
183660,Fairest,Gail Carson Levine,"Levine, Gail Carson",,"=""0060734086""","=""9780060734084""",0,HarperColl,Hardcover,326,2006,2006,,2023/07/06,"to-read, provo","to-read (#1282), provo (#387)",to-read,,,,0,0
41150484,The Father of All Dad Guides: From (A)doring to (Z)addy,Madeleine Davies,"Davies, Madeleine",Tara Jacoby,"=""1250192064""","=""9781250192066""",0,St. Martin's Griffin,Hardcover,128,2019,,,2023/07/06,"to-read, provo","to-read (#1281), provo (#386)",to-read,,,,0,0
25480369,The Anatomy of Peace: Resolving the Heart of Conflict,The Arbinger Institute,"Institute, The Arbinger",,"=""1626564310""","=""9781626564312""",0,Berrett-Koehler Publishers,Paperback,288,2015,2015,,2023/07/06,"to-read, provo","to-read (#1280), provo (#385)",to-read,,,,0,0
712807,Ruby Holler: The Carnegie Medal-Winning Tale of Two Orphans Finding Home for children (Ages 8-12),Sharon Creech,"Creech, Sharon",,"=""0060560150""","=""9780060560157""",0,HarperCollins,Paperback,310,2003,2002,,2023/07/06,"to-read, provo","to-read (#1279), provo (#384)",to-read,,,,0,0
85990,"Princess Academy (Princess Academy, #1)",Shannon Hale,"Hale, Shannon",,"=""1599900734""","=""9781599900735""",0,Bloomsbury Children's Books,Paperback,314,2007,2005,,2023/06/04,"to-read, provo","to-read (#1194), provo (#383)",to-read,,,,0,0
19063,The Book Thief,Markus Zusak,"Zusak, Markus",,"=""""","=""""",5.0,Alfred A. Knopf,Kindle Edition,592,2006,2005,2015/01/01,2015/07/24,provo,provo (#382),read,,,,1,0
566744,They Say / I Say: The Moves That Matter in Academic Writing,Gerald Graff,"Graff, Gerald",Cathy Birkenstein,"=""0393924092""","=""9780393924091""",3.0,W W Norton & Co Inc,Paperback,181,2006,2006,2019/03/10,2019/02/27,provo,provo (#381),read,,,,1,0
162719,"Just Ella (The Palace Chronicles, #1)",Margaret Peterson Haddix,"Haddix, Margaret Peterson",,"=""1416936491""","=""9781416936497""",0,Simon Pulse,Mass Market Paperback,240,2007,1999,,2023/07/06,"to-read, provo","to-read (#1278), provo (#380)",to-read,,,,0,0
40957,The Vanishing Hitchhiker: American Urban Legends and Their Meanings,Jan Harold Brunvand,"Brunvand, Jan Harold",,"=""0393951693""","=""9780393951691""",0,W. W. Norton & Company,Paperback,226,2003,1981,,2023/07/06,"to-read, provo","to-read (#1277), provo (#379)",to-read,,,,0,0
2210839,Waiting for Normal,Leslie Connor,"Connor, Leslie",,"=""0060890886""","=""9780060890889""",0,HarperCollins,Hardcover,290,2008,2008,,2023/07/06,"to-read, provo","to-read (#1276), provo (#378)",to-read,,,,0,0
6319,The BFG,Roald Dahl,"Dahl, Roald",Quentin Blake,"=""0141311371""","=""9780141311371""",0,Puffin Books,Paperback,199,2001,1982,,2023/07/06,"to-read, provo","to-read (#1275), provo (#377)",to-read,,,,0,0
36693771,"A Beautiful Mind, A Beautiful Life: The Bubz Guide to Being Unstoppable",Lindy Tsang,"Tsang, Lindy",,"=""""","=""""",0,Adaptive Books,Kindle Edition,231,2017,2017,,2023/07/06,"to-read, provo","to-read (#1274), provo (#376)",to-read,,,,0,0
37761,"Here's to You, Rachel Robinson",Judy Blume,"Blume, Judy",,"=""0330398067""","=""9780330398060""",0,Pan MacMillan,Paperback,196,2001,1993,,2023/07/06,"to-read, provo","to-read (#1273), provo (#375)",to-read,,,,0,0
37190,The Tale of Despereaux,Kate DiCamillo,"DiCamillo, Kate",Timothy Basil Ering,"=""0763625299""","=""9780763625290""",0,Candlewick Press,Paperback,272,2008,2003,,2023/07/06,"to-read, provo","to-read (#1272), provo (#374)",to-read,,,,0,0
51931,Jungle,Yossi Ghinsberg,"Ghinsberg, Yossi",,"=""0977171906""","=""9780977171903""",0,Boomerang New Media,Hardcover,241,2005,1985,,2023/07/06,to-read,to-read (#1271),to-read,,,,0,0
25774,The Book of Virtues,William J. Bennett,"Bennett, William J.",,"=""0684835770""","=""9780684835778""",0,Simon & Schuster,Paperback,832,1996,1993,,2023/07/06,"to-read, provo","to-read (#1270), provo (#373)",to-read,,,,0,0
37781,"Things Fall Apart (The African Trilogy, #1)",Chinua Achebe,"Achebe, Chinua",,"=""""","=""""",4.0,Anchor Books,Paperback,215,1994,1958,2021/08/23,2018/07/11,"on-the-shelf, provo","on-the-shelf (#24), provo (#372)",read,,,,1,0
32682,"Patriot Games (Jack Ryan, #1)",Tom Clancy,"Clancy, Tom",,"=""0425134350""","=""9780425134351""",0,Berkley,Mass Market Paperback,503,1992,1987,,2022/07/13,"to-read, fictional-series, provo","to-read (#684), fictional-series (#14), provo (#370)",to-read,,,,0,0
3697927,"Princess of the Midnight Ball (The Princesses of Westfalin Trilogy, #1)",Jessica Day George,"George, Jessica Day",,"=""1599903229""","=""9781599903224""",0,Bloomsbury USA Childrens,Hardcover,280,2008,2009,,2023/07/06,"to-read, provo","to-read (#1268), provo (#369)",to-read,,,,0,0
42647010,The Psychology of Zelda: Linking Our World to the Legend of Zelda Series,Anthony M. Bean,"Bean, Anthony M.",,"=""1946885347""","=""9781946885340""",0,Smart Pop,Paperback,264,2019,,,2023/07/06,to-read,to-read (#1267),to-read,,,,0,0
298185,Herr der Diebe,Cornelia Funke,"Funke, Cornelia",,"=""3791504576""","=""9783791504575""",3.0,Dressler Verlag,Hardcover,396,2000,2000,2022/09/27,2022/09/06,provo,provo (#368),read,,,,1,0
101396624,Die Bibel: Altes und Neues Testament in Einheitsübersetzung Band 8,Die Bibel: Altes und Neues Testament in Einheitsübersetzung Band 8,"8, Die Bibel: Altes und Neues Testament in Einheitsübersetzung Band",,"=""3850120430""","=""9783850120432""",0,,Hardcover,0,,,,2023/07/03,"to-read, provo","to-read (#1266), provo (#367)",to-read,,,,0,0
11850049,Die Reformation 1490-1700,Diarmaid MacCulloch,"MacCulloch, Diarmaid","Bernd Leineweber, Helke Voß-Becher, Klaus Binder","=""3423346531""","=""9783423346535""",0,DTV Deutscher Taschenbuch,Taschenbuch,1056,2010,2003,,2018/07/11,"to-read, on-the-shelf, provo","to-read (#401), on-the-shelf (#41), provo (#366)",to-read,,,,0,0
58107,Bobby Fischer Teaches Chess,Bobby Fischer,"Fischer, Bobby","Stuart Margulies, Don Mosenfelder","=""0553263153""","=""9780553263152""",0,Bantam,Paperback,352,1982,1966,,2023/01/04,"to-read, provo","to-read (#875), provo (#365)",to-read,,,,0,0
6962222,"Willie Mays: The Life, The Legend",James S. Hirsch,"Hirsch, James S.",,"=""1416547908""","=""9781416547907""",0,Scribner,Hardcover,628,2010,2010,,2023/06/24,"to-read, provo","to-read (#1265), provo (#364)",to-read,,,,0,0
30971775,"The Streak: Lou Gehrig, Cal Ripken Jr., and Baseball's Most Historic Record",John Eisenberg,"Eisenberg, John",,"=""0544107675""","=""9780544107670""",0,Mariner Books,Hardcover,320,2017,2017,,2023/06/24,"to-read, provo","to-read (#1264), provo (#363)",to-read,,,,0,0
495395,The Year of Living Biblically: One Man's Humble Quest to Follow the Bible as Literally as Possible,A.J. Jacobs,"Jacobs, A.J.",,"=""0743291476""","=""9780743291477""",3.0,Simon & Schuster,Hardcover,388,2007,2007,2023/06/24,2023/02/28,library-audio,library-audio (#12),read,,,,1,0
87665,Orthodoxy,G.K. Chesterton,"Chesterton, G.K.",,"=""160096527X""","=""9781600965272""",0,Waking Lion Press,Paperback,168,2007,1908,,2023/06/23,to-read,to-read (#1263),to-read,,,,0,0
43726556,Self-Portrait in Black and White: Unlearning Race,Thomas Chatterton Williams,"Williams, Thomas Chatterton",,"=""0393608867""","=""9780393608861""",0,W. W. Norton & Company,Hardcover,192,2019,2019,,2023/06/21,to-read,to-read (#1262),to-read,,,,0,0
2508356,The Baseball Chronicle: Year-By-Year History of Major League Baseball,Publications International,"International, Publications","Stuart Shea, Stephen Hanks","=""1412715903""","=""9781412715904""",0,"Publications International, Ltd.",Hardcover,704,2007,2000,,2023/06/21,"to-read, provo","to-read (#1261), provo (#362)",to-read,,,,0,0
40828954,K: A History of Baseball in Ten Pitches (Random House Large Print),Tyler Kepner,"Kepner, Tyler",,"=""1984883291""","=""9781984883292""",0,Random House Large Print,Paperback,512,2019,2019,,2019/05/22,"to-read, library-audio, provo","to-read (#445), library-audio (#97), provo (#360)",to-read,,,,0,0
33155772,"Ultimate Glory: Frisbee, Obsession, and My Wild Youth",David Gessner,"Gessner, David",,"=""073521056X""","=""9780735210561""",0,Penguin Publishing Group,Paperback,352,2017,2017,,2023/06/21,"to-read, provo","to-read (#1259), provo (#359)",to-read,,,,0,0
137787,The Boys of Summer,Roger Kahn,"Kahn, Roger",,"=""""","=""""",4.0,signet,Mass Market Paperback,474,1973,1972,2022/06/15,2015/07/24,"on-the-shelf, provo","on-the-shelf (#9), provo (#358)",read,,,,1,0
32970691,The Cubs Way: The Zen of Building the Best Team in Baseball and Breaking the Curse,Tom Verducci,"Verducci, Tom",,"=""0804190011""","=""9780804190015""",0,Crown Archetype,Hardcover,375,2017,2017,,2023/06/21,"to-read, provo","to-read (#1257), provo (#357)",to-read,,,,0,0
116826,King of the World: Muhammad Ali and the Rise of an American Hero,David Remnick,"Remnick, David",,"=""0330371894""","=""9780330371896""",0,Picador,Paperback,343,1999,1998,,2015/11/17,"to-read, provo","to-read (#151), provo (#356)",to-read,,,,0,0
653118,Sandy Koufax: A Lefty's Legacy,Jane Leavy,"Leavy, Jane",,"=""0060933291""","=""9780060933296""",0,Harper Perennial,Paperback,336,2003,2002,,2021/03/27,"to-read, library-audio, provo","to-read (#590), library-audio (#38), provo (#355)",to-read,,,,0,0
16131131,Chess Basics,David Levens,"Levens, David",,"=""0600626245""","=""9780600626244""",0,Hamlyn,Paperback,192,2013,2013,,2023/06/21,"to-read, provo","to-read (#1256), provo (#352)",to-read,,,,0,0
75408,Playing for Keeps: Michael Jordan and the World He Made,David Halberstam,"Halberstam, David",,"=""0767904443""","=""9780767904445""",4.0,Crown,Paperback,432,2000,1989,2015/12/07,2015/08/20,provo,provo (#351),read,,,,1,0
531034,The Little Big Book of Baseball,Hiro Clark Wakabayashi,"Wakabayashi, Hiro Clark",,"=""1932183914""","=""9781932183917""",0,Welcome Books,Hardcover,352,2006,2006,,2023/06/21,"to-read, provo","to-read (#1255), provo (#350)",to-read,,,,0,0
6239100,"Sixty Feet, Six Inches: A Hall of Fame Pitcher & a Hall of Fame Hitter Talk About How the Game Is Played",Bob Gibson,"Gibson, Bob","Reggie Jackson, Lonnie Wheeler","=""0385528698""","=""9780385528696""",0,Doubleday,Hardcover,288,2009,2009,,2023/06/21,"to-read, provo","to-read (#1254), provo (#349)",to-read,,,,0,0
17697447,The Kid: The Immortal Life of Ted Williams,Ben Bradlee Jr.,"Jr., Ben Bradlee",,"=""0316614351""","=""9780316614351""",0,"Little, Brown and Company",Hardcover,855,2013,2013,,2015/12/19,"to-read, provo","to-read (#261), provo (#348)",to-read,,,,0,0
4452257,The Book of Basketball: The NBA According to The Sports Guy,Bill Simmons,"Simmons, Bill",Malcolm Gladwell,"=""034551176X""","=""9780345511768""",0,ESPN,Hardcover,736,2009,2009,,2015/07/24,"to-read, provo","to-read (#27), provo (#347)",to-read,,,,0,0
99156,Grant and Twain: The Story of an American Friendship,Mark Perry,"Perry, Mark",,"=""0812966139""","=""9780812966138""",0,Random House Trade Paperbacks,Paperback,352,2005,2004,,2023/06/21,to-read,to-read (#1253),to-read,,,,0,0
20821430,Barefoot to Billionaire: Reflections on a Life's Work and a Promise to Cure Cancer,Jon M. Huntsman Sr.,"Sr., Jon M. Huntsman",,"=""1468309323""","=""9781468309324""",3.0,Abrams Press,Hardcover,448,2014,2014,2022/06/28,2015/07/24,provo,provo (#344),read,,,,1,0
10177621,Ethics in Motion,Justin Paperny,"Paperny, Justin",,"=""""","=""""",3.0,,Paperback,198,2010,2010,2023/03/19,2023/01/15,,,read,,,,1,0
355778,American Trade Politics,I.M. Destler,"Destler, I.M.",,"=""0881323829""","=""9780881323825""",4.0,Peterson Institute for International Economics,Paperback,390,2005,1986,2018/10/31,2018/09/07,provo,provo (#343),read,,,,1,0
33127483,Fed Up: An Insider's Take on Why the Federal Reserve is Bad for America,Danielle DiMartino Booth,"Booth, Danielle DiMartino",,"=""0735211663""","=""9780735211667""",0,Portfolio,Kindle Edition,331,2017,,,2021/07/10,"to-read, provo","to-read (#604), provo (#342)",to-read,,,,0,0
5486,Andrew Carnegie,David Nasaw,"Nasaw, David",,"=""1594201048""","=""9781594201042""",5.0,"Penguin Press HC, The",Hardcover,896,2006,2006,2015/05/01,2015/07/24,provo,provo (#341),read,,,,1,0
113576,The Smartest Guys in the Room: The Amazing Rise and Scandalous Fall of Enron,Bethany McLean,"McLean, Bethany",Peter Elkind,"=""1591840538""","=""9781591840534""",0,Portfolio Trade,Paperback,440,2004,2003,,2015/08/06,"to-read, on-the-shelf, provo","to-read (#88), on-the-shelf (#5), provo (#339)",to-read,,,,0,0
128429,Against the Gods: The Remarkable Story of Risk,Peter L. Bernstein,"Bernstein, Peter L.",,"=""0471295639""","=""9780471295631""",0,Wiley,Paperback,400,1998,1996,,2015/08/06,"to-read, on-the-shelf, provo","to-read (#87), on-the-shelf (#3), provo (#337)",to-read,,,,0,0
26192980,Breaking Rockefeller: The Incredible Story of the Ambitious Rivals Who Toppled an Oil Empire,Peter B. Doran,"Doran, Peter B.",,"=""0525427392""","=""9780525427391""",0,Viking,Hardcover,352,2016,2016,,2016/01/11,"to-read, on-the-shelf, provo","to-read (#265), on-the-shelf (#6), provo (#336)",to-read,,,,0,0
998,The Millionaire Next Door: The Surprising Secrets of America's Wealthy,Thomas J. Stanley,"Stanley, Thomas J.",William D. Danko,"=""0671015206""","=""9780671015206""",0,Gallery Books,Paperback,258,1998,1995,,2015/08/06,"to-read, on-the-shelf, provo","to-read (#76), on-the-shelf (#8), provo (#335)",to-read,,,,0,0
1032,Trump: The Art of the Deal,Donald J. Trump,"Trump, Donald J.",Tony Schwartz,"=""0345479173""","=""9780345479174""",0,Fisicalbook,Paperback,384,2004,1987,,2016/01/15,"to-read, on-the-shelf, provo","to-read (#283), on-the-shelf (#46), provo (#333)",to-read,,,,0,0
58375739,Will,Will  Smith,"Smith, Will",Mark Manson,"=""1984877925""","=""9781984877925""",3.0,Penguin Press,Hardcover,418,2021,2021,2023/06/20,2023/04/19,library-audio,library-audio (#106),read,,,,1,0
28921,The Remains of the Day,Kazuo Ishiguro,"Ishiguro, Kazuo",,"=""""","=""""",0,Faber & Faber,Paperback,258,2005,1989,,2023/06/20,to-read,to-read (#1251),to-read,,,,0,0
60531410,"The Frugal Wizard’s Handbook for Surviving Medieval England (Secret Projects, #2)",Brandon Sanderson,"Sanderson, Brandon",Steve Argyle,"=""1938570332""","=""9781938570339""",0,Dragonsteel Entertainment,Hardcover,399,2023,2023,,2023/06/20,to-read,to-read (#1250),to-read,,,,0,0
121732,Surprised by Joy: The Shape of My Early Life,C.S. Lewis,"Lewis, C.S.",,"=""0006280838""","=""9780006280835""",0,,Paperback,185,,1955,,2023/06/20,"to-read, library-audio","to-read (#1249), library-audio (#136)",to-read,,,,0,0
62039291,King: A Life,Jonathan Eig,"Eig, Jonathan",,"=""0374279292""","=""9780374279295""",0,"Farrar, Straus and Giroux",Hardcover,688,2023,2023,,2023/06/19,to-read,to-read (#1248),to-read,,,,0,0
62919358,Spies: The Epic Intelligence War Between East and West,Calder Walton,"Walton, Calder",,"=""1668000695""","=""9781668000694""",0,Simon & Schuster,Hardcover,688,2023,2023,,2023/06/19,to-read,to-read (#1247),to-read,,,,0,0
3170147,Baseball Field Guide: An In-Depth Illustrated Guide to the Complete Rules of Basebal,Dan Formosa,"Formosa, Dan",Paul Hamburger,"=""0306816539""","=""9780306816536""",0,Da Capo Press,Paperback,240,2008,2006,,2023/06/19,to-read,to-read (#1246),to-read,,,,0,0
62143524,The Middle Kingdoms: A New History of Central Europe,Martyn Rady,"Rady, Martyn",,"=""1541619781""","=""9781541619784""",0,Basic Books,Hardcover,640,2023,2023,,2023/06/19,to-read,to-read (#1245),to-read,,,,0,0
62919753,President Garfield: From Radical to Unifier,C.W. Goodyear,"Goodyear, C.W.",,"=""1982146915""","=""9781982146917""",0,Simon & Schuster,Hardcover,624,2023,2023,,2023/06/19,to-read,to-read (#1244),to-read,,,,0,0
59365050,Path Lit by Lightning: The Life of Jim Thorpe,David Maraniss,"Maraniss, David",,"=""1476748411""","=""9781476748412""",0,Simon & Schuster,Hardcover,672,2022,2022,,2023/06/19,to-read,to-read (#1243),to-read,,,,0,0
62049714,Banana Ball: The Unbelievably True Story of the Savannah Bananas,Jesse   Cole,"Cole, Jesse",Don Yaeger,"=""0593473418""","=""9780593473412""",0,Dutton,Hardcover,272,2023,,,2023/06/19,to-read,to-read (#1242),to-read,,,,0,0
137788,"Memories of Summer: When Baseball Was an Art, and Writing about It a Game (Bison Book)",Roger Kahn,"Kahn, Roger",,"=""0803278128""","=""9780803278127""",0,Bison Books,Paperback,290,2004,1997,,2023/06/19,to-read,to-read (#1241),to-read,,,,0,0
1044010,"Coleridge: Early Visions, 1772-1804",Richard  Holmes,"Holmes, Richard",,"=""0375705406""","=""9780375705403""",0,Pantheon,Paperback,448,1999,1990,,2023/06/19,to-read,to-read (#1240),to-read,,,,0,0
60126565,The House of Dudley: A New History of Tudor England,Joanne Paul,"Paul, Joanne",,"=""0241349826""","=""9780241349823""",0,Michael Joseph,Hardcover,506,2022,2022,,2023/06/18,to-read,to-read (#1239),to-read,,,,0,0
5995554,We Would Have Played Forever: The Story of the Coastal Plain Baseball League,Robert Gaunt,"Gaunt, Robert",,"=""0945164025""","=""9780945164029""",0,Baseball America,Paperback,444,1997,1997,,2023/06/18,to-read,to-read (#1238),to-read,,,,0,0
278701,Joe DiMaggio: The Hero's Life,Richard Ben Cramer,"Cramer, Richard Ben",,"=""0684865475""","=""9780684865478""",0,Simon & Schuster,Paperback,560,2001,2000,,2023/06/18,to-read,to-read (#1237),to-read,,,,0,0
820878,The Big Bam: The Life and Times of Babe Ruth,Leigh Montville,"Montville, Leigh",,"=""0385514379""","=""9780385514378""",0,Doubleday,Hardcover,400,2006,2006,,2023/06/18,to-read,to-read (#1236),to-read,,,,0,0
75410,The Teammates: A Portrait of a Friendship,David Halberstam,"Halberstam, David",,"=""0786888679""","=""9780786888672""",0,Grand Central Publishing,Paperback,224,2004,2003,,2023/06/18,to-read,to-read (#1235),to-read,,,,0,0
926989,Dodger Dogs to Fenway Franks: The Ultimate Guide to America's Top Baseball Parks,Bob Wood,"Wood, Bob",,"=""007071696X""","=""9780070716964""",0,McGraw-Hill,Hardcover,347,1988,,,2023/06/18,to-read,to-read (#1234),to-read,,,,0,0
365102,Sports Illustrated: The Baseball Book,Sports Illustrated,"Illustrated, Sports",,"=""1933405236""","=""9781933405230""",0,Sports Illustrated,Hardcover,294,2006,1960,,2023/06/17,"to-read, provo","to-read (#1233), provo (#332)",to-read,,,,0,0
18077903,"Creativity, Inc.: Overcoming the Unseen Forces That Stand in the Way of True Inspiration",Ed Catmull,"Catmull, Ed",Amy    Wallace,"=""0812993012""","=""9780812993011""",0,Random House,Hardcover,368,2014,2014,,2015/12/02,"to-read, provo","to-read (#191), provo (#331)",to-read,,,,0,0
21856367,"The Innovators: How a Group of Hackers, Geniuses and Geeks Created the Digital Revolution",Walter Isaacson,"Isaacson, Walter",,"=""147670869X""","=""9781476708690""",0,Simon & Schuster,Hardcover,542,2014,2014,,2015/08/16,"to-read, provo","to-read (#109), provo (#329)",to-read,,,,0,0
781182,Barbarians at the Gate: The Fall of RJR Nabisco,Bryan Burrough,"Burrough, Bryan",John Helyar,"=""0060536357""","=""9780060536350""",0,HarperBus,Paperback,592,2005,1989,,2015/08/18,"to-read, provo","to-read (#119), provo (#328)",to-read,,,,0,0
2156177,"Real Estate Transactions: Problems, Cases, and Materials",Robin Paul Malloy,"Malloy, Robin Paul",James Charles Smith,"=""0735562571""","=""9780735562578""",0,Wolters Kluwer Law & Business,Hardcover,581,2007,2012,,2023/06/17,"to-read, provo","to-read (#1231), provo (#327)",to-read,,,,0,0
78427,The Total Money Makeover: A Proven Plan for Financial Fitness,Dave Ramsey,"Ramsey, Dave",,"=""0785289089""","=""9780785289081""",4.0,Nelson Books,Hardcover,229,2007,1994,2021/07/20,2021/06/01,provo,provo (#326),read,,,,1,0
45722402,Ludicrous: The Unvarnished Story of Tesla Motors,Edward Niedermeyer,"Niedermeyer, Edward",,"=""1948836122""","=""9781948836128""",0,BenBella Books,Hardcover,275,2019,,,2022/11/01,"to-read, provo","to-read (#785), provo (#325)",to-read,,,,0,0
4443752,Appraising Real Property,Byrl N. Boyce,"Boyce, Byrl N.",William N. Kinnard,"=""0669830976""","=""9780669830972""",0,Lexington Books,Hardcover,532,1984,,,2023/06/17,"to-read, provo","to-read (#1230), provo (#324)",to-read,,,,0,0
11084145,Steve Jobs,Walter Isaacson,"Isaacson, Walter",,"=""1451648537""","=""9781451648539""",4.0,Simon & Schuster,Hardcover,630,2011,2011,2019/12/29,2015/07/24,provo,provo (#323),read,,,,1,0
40242274,A Random Walk Down Wall Street: The Time-Tested Strategy for Successful Investing,Burton G. Malkiel,"Malkiel, Burton G.",,"=""1324002182""","=""9781324002185""",0,W. W. Norton & Company,Hardcover,432,2019,1973,,2023/06/17,"to-read, provo","to-read (#1229), provo (#322)",to-read,,,,0,0
59808056,The Story of Russia,Orlando Figes,"Figes, Orlando",,"=""125079689X""","=""9781250796899""",0,Metropolitan Books,Hardcover,368,2022,2022,,2023/06/17,to-read,to-read (#1228),to-read,,,,0,0
140974,"The Path of Daggers (The Wheel of Time, #8)",Robert Jordan,"Jordan, Robert",,"=""0812550293""","=""9780812550290""",4.0,Tor Books,Mass Market Paperback,685,1999,1998,2023/06/15,2023/05/21,provo,provo (#233),read,,,,1,0
60093718,All In: An Autobiography,Billie Jean King,"King, Billie Jean","Johnette Howard, Maryanne Vollers","=""1101971479""","=""9781101971475""",0,Vintage,Paperback,528,2023,2021,,2023/04/20,to-read,to-read (#1084),to-read,,,,0,0
7105459,1492: The Year the World Began,Felipe Fernández-Armesto,"Fernández-Armesto, Felipe",,"=""0061132276""","=""9780061132278""",0,HarperOne,Hardcover,346,2009,2009,,2023/06/14,to-read,to-read (#1227),to-read,,,,0,0
995626,The Rise and Fall of the Soviet Empire,Brian Crozier,"Crozier, Brian",,"=""0761520570""","=""9780761520573""",0,Prima Lifestyles,Hardcover,848,1999,1999,,2023/06/12,"to-read, provo","to-read (#1226), provo (#321)",to-read,,,,0,0
854790,A History of the Arab Peoples,Albert Hourani,"Hourani, Albert",,"=""0446393924""","=""9780446393928""",0,Warner Books,Paperback,551,1992,1991,,2022/12/03,"to-read, provo","to-read (#816), provo (#320)",to-read,,,,0,0
760019,Letters and Papers from Prison,Dietrich Bonhoeffer,"Bonhoeffer, Dietrich",,"=""0684838273""","=""9780684838274""",0,Touchstone,Paperback,437,1997,1951,,2023/06/10,to-read,to-read (#1225),to-read,,,,0,0
22443261,"The Rithmatist (The Rithmatist, #1)",Brandon Sanderson,"Sanderson, Brandon",,"=""1743532806""","=""9781743532805""",0,Tor UK,Kindle Edition,386,2014,2013,,2023/06/10,"to-read, provo","to-read (#1224), provo (#319)",to-read,,,,0,0
84369,"The Last Battle (Chronicles of Narnia, #7)",C.S. Lewis,"Lewis, C.S.",,"=""0007202326""","=""9780007202324""",5.0,HarperCollins Publishers,Paperback,288,2005,1956,2020/12/15,2020/12/15,provo,provo (#318),read,,,,1,0
65605,"The Magician’s Nephew (Chronicles of Narnia, #6)",C.S. Lewis,"Lewis, C.S.",,"=""0060764902""","=""9780060764906""",5.0,HarperCollins Narnia,Mass Market Paperback,221,2005,1955,2020/09/09,2020/08/29,provo,provo (#317),read,,,,1,0
84119,"The Horse and His Boy (Chronicles of Narnia, #5)",C.S. Lewis,"Lewis, C.S.",,"=""0439861365""","=""9780439861366""",4.0,Scholastic Inc,Paperback,224,1995,1954,2020/09/24,2020/09/12,provo,provo (#316),read,,,,1,0
65641,"The Silver Chair (Chronicles of Narnia, #4)",C.S. Lewis,"Lewis, C.S.",Pauline Baynes,"=""""","=""""",4.0,HarperCollins,Paperback,243,2008,1953,2020/12/15,2020/11/23,provo,provo (#315),read,,,,1,0
140225,"The Voyage of the Dawn Treader (Chronicles of Narnia, #3)",C.S. Lewis,"Lewis, C.S.",Pauline Baynes,"=""006112527X""","=""9780061125270""",5.0,HarperCollins,Hardcover,248,2006,1952,2020/11/23,2020/11/09,provo,provo (#314),read,,,,1,0
121749,"Prince Caspian (Chronicles of Narnia, #2)",C.S. Lewis,"Lewis, C.S.",,"=""000720230X""","=""9780007202300""",4.0,HarperCollins Publishers,Hardcover,240,2005,1951,2020/10/10,2020/10/10,provo,provo (#313),read,,,,1,0
100915,"The Lion, the Witch and the Wardrobe (Chronicles of Narnia, #1)",C.S. Lewis,"Lewis, C.S.","Tormod Haugen, Per Svein Paulsen","=""""","=""""",5.0,HarperCollins Publishers,Paperback,206,2005,1950,2020/09/12,2020/09/11,provo,provo (#312),read,,,,1,0
49021976,"Rhythm of War (The Stormlight Archive, #4)",Brandon Sanderson,"Sanderson, Brandon",,"=""0765326388""","=""9780765326386""",5.0,Tor Books,Hardcover,1232,2020,2020,2021/12/22,2021/11/15,provo,provo (#311),read,,,,2,0
68427,"Elantris (Elantris, #1)",Brandon Sanderson,"Sanderson, Brandon",,"=""0765350378""","=""9780765350374""",5.0,Tor Fantasy,Mass Market Paperback,638,2006,2005,2021/12/30,2021/11/29,provo,provo (#310),read,,,,2,0
1268479,Warbreaker,Brandon Sanderson,"Sanderson, Brandon",,"=""""","=""""",4.0,Self-published,ebook,688,2009,2009,2022/07/13,2022/02/07,provo,provo (#309),read,,,,1,0
91981,"The Dragonbone Chair (Memory, Sorrow, and Thorn, #1)",Tad Williams,"Williams, Tad",,"=""0756402697""","=""9780756402693""",0,DAW,Paperback,672,2005,1988,,2023/06/09,"to-read, fictional-series","to-read (#1223), fictional-series (#30)",to-read,,,,0,0
780908,The Silmarillion,J.R.R. Tolkien,"Tolkien, J.R.R.",,"=""0808521403""","=""9780808521402""",4.0,Turtleback Books,Library Binding,480,1985,1977,2018/05/28,2015/12/04,provo,provo (#305),read,,,,1,0
23947089,"The Lost Metal (Mistborn, #7)",Brandon Sanderson,"Sanderson, Brandon",,"=""0765391198""","=""9780765391193""",4.0,Tor Books,Hardcover,507,2022,2022,2022/11/27,2022/06/30,provo,provo (#289),read,,,,1,0
18739426,"The Bands of Mourning (Mistborn, #6)",Brandon Sanderson,"Sanderson, Brandon",,"=""146686267X""","=""9781466862678""",4.0,Tor,Kindle Edition,455,2016,2016,2022/03/11,2022/02/26,provo,provo (#288),read,,,,1,0
16065004,"Shadows of Self (Mistborn, #5)",Brandon Sanderson,"Sanderson, Brandon",,"=""0765378558""","=""9780765378552""",4.0,Tor Books,Hardcover,376,2015,2015,2022/02/26,2022/02/15,provo,provo (#287),read,,,,1,0
10803121,"The Alloy of Law (Mistborn, #4)",Brandon Sanderson,"Sanderson, Brandon",,"=""0765330423""","=""9780765330420""",4.0,Tor Books,Hardcover,325,2011,2011,2022/02/15,2022/02/08,provo,provo (#286),read,,,,1,0
44002889,"The Hero of Ages (The Mistborn Saga, #3)",Brandon Sanderson,"Sanderson, Brandon",,"=""1250318629""","=""9781250318626""",5.0,Tor Books,Mass Market Paperback,758,2019,2008,2022/02/05,2022/01/24,provo,provo (#285),read,,,,1,0
41080760,"The Well of Ascension (Mistborn, #2)",Brandon Sanderson,"Sanderson, Brandon",,"=""1250318572""","=""9781250318572""",5.0,Tor Fantasy,Mass Market Paperback,792,2019,2007,2022/01/23,2022/01/13,provo,provo (#284),read,,,,1,0
53321665,"Mistborn: The Final Empire (Mistborn, #1)",Brandon Sanderson,"Sanderson, Brandon",,"=""""","=""""",4.0,Tor Books,ebook,676,2010,2006,2022/01/12,2021/05/14,provo,provo (#283),read,,,,1,0
34114466,Cnut the Great,Timothy Bolton,"Bolton, Timothy",,"=""030022625X""","=""9780300226256""",0,Yale University Press,Kindle Edition,269,2019,2017,,2023/06/07,to-read,to-read (#1207),to-read,,,,0,0
60321120,"Scalia: Rise to Greatness, 1936-1986",James Rosen,"Rosen, James",,"=""1684512271""","=""9781684512270""",0,Regnery Publishing,Hardcover,528,2023,,,2023/06/06,to-read,to-read (#1206),to-read,,,,0,0
65146137,The Courage to Be Free: Florida’s Blueprint for America’s Revival – A Political Memoir of Winning Leadership and Conservative Governance,Ron DeSantis,"DeSantis, Ron",,"=""0063276011""","=""9780063276017""",3.0,Broadside Books,Kindle Edition,282,2023,2023,2023/06/06,2023/03/07,,,read,,,,1,0
57035656,"Return of the Dragon Slayers (Dragonwatch, #5)",Brandon Mull,"Mull, Brandon",,"=""1629729302""","=""9781629729305""",0,Shadow Mountain,Hardcover,608,2021,2021,,2023/06/04,"to-read, provo","to-read (#1205), provo (#282)",to-read,,,,0,0
29563587,"Dragonwatch (Dragonwatch, #1)",Brandon Mull,"Mull, Brandon",,"=""1629722561""","=""9781629722566""",0,Shadow Mountain,Hardcover,384,2017,2017,,2023/06/04,"to-read, provo","to-read (#1204), provo (#281)",to-read,,,,0,0
1113545,"The Candy Shop War (The Candy Shop War, #1)",Brandon Mull,"Mull, Brandon",,"=""159038783X""","=""9781590387832""",0,Shadow Mountain,Hardcover,404,2007,2007,,2023/06/04,"to-read, provo","to-read (#1203), provo (#275)",to-read,,,,0,0
2208744,"Dragon Flight (Dragon Slippers, #2)",Jessica Day George,"George, Jessica Day",,"=""1599901102""","=""9781599901107""",0,Bloomsbury USA Childrens,Hardcover,262,2008,2008,,2023/06/04,"to-read, provo","to-read (#1202), provo (#274)",to-read,,,,0,0
54655849,Legend of the Dragon Slayer: The Origin Story of Dragonwatch (Dragonwatch),Brandon Mull,"Mull, Brandon",Brandon Dorman,"=""1629728497""","=""9781629728490""",0,Shadow Mountain,Hardcover,64,2021,2021,,2023/06/04,"to-read, provo","to-read (#1201), provo (#273)",to-read,,,,0,0
25205315,True Heroes: A Treasury of Modern-day Fairy Tales Written by Best-Selling Authors,Jonathan Diaz,"Diaz, Jonathan","Brandon Mull, Ally Condie, Shannon Hale, Jennifer A. Nielsen, Ilima Todd, Jess Smiley, Lehua Parker, Sharlee Glenn, Clint Johnson, Linda Gerber, Adam Sidwell, Frank L. Cole, Bobbie Pyron, Peggy Eddleman, J. Scott Savage, Chad  Morris, Tyler Whitesides, Sara B. Larson, Kristyn Crow, Stephen Reid Andrews, Liesl Shurtliff","=""1629721034""","=""9781629721033""",0,Shadow Mountain Publishing,Hardcover,199,2015,2015,,2023/06/04,"to-read, provo","to-read (#1200), provo (#272)",to-read,,,,0,0
669570,"Dragon Slippers (Dragon Slippers, #1)",Jessica Day George,"George, Jessica Day",,"=""1599900572""","=""9781599900575""",0,Bloomsbury USA Childrens,Hardcover,324,2007,2007,,2023/06/04,"to-read, provo","to-read (#1199), provo (#271)",to-read,,,,0,0
24337,"Ella Enchanted (Ella Enchanted, #1)",Gail Carson Levine,"Levine, Gail Carson",,"=""0590920685""","=""9780590920681""",0,Scholastic Books,Paperback,240,1998,1997,,2023/06/04,"to-read, provo","to-read (#1198), provo (#270)",to-read,,,,0,0
28186,"The Sea of Monsters (Percy Jackson and the Olympians, #2)",Rick Riordan,"Riordan, Rick",,"=""0786856866""","=""9780786856862""",4.0,Hyperion Books,Hardcover,279,2006,2006,,2015/11/22,provo,provo (#269),read,,,,1,0
28187,"The Lightning Thief (Percy Jackson and the Olympians, #1)",Rick Riordan,"Riordan, Rick",,"=""0786838655""","=""9780786838653""",4.0,Disney Hyperion Books,Paperback,377,2006,2005,,2015/07/24,provo,provo (#268),read,,,,1,0
60123783,The Gift of Marmidon (Aodh Generations #1),Tiffany M. Rhys,"Rhys, Tiffany M.",,"=""""","=""""",0,Amazon.com,Paperback,311,2021,,,2022/08/22,"to-read, fictional-series, provo","to-read (#713), fictional-series (#6), provo (#267)",to-read,,,,0,0
59732451,Everfont,Alexander Rob,"Rob, Alexander",,"=""194796657X""","=""9781947966574""",4.0,E. L. Marker,Paperback,278,2022,,2022/10/27,2022/10/22,provo,provo (#266),read,A great book from a budding author. I was fascinated with the world of Gritt and grew close to the characters. Some of the side characters especially popped off the page and I can't wait to see more of them as further books come out.,,,1,0
13496,"A Game of Thrones (A Song of Ice and Fire, #1)",George R.R. Martin,"Martin, George R.R.",,"=""0553588486""","=""9780553588484""",0,Bantam,Mass Market Paperback,835,2005,1996,,2023/06/04,"to-read, fictional-series, provo","to-read (#1196), fictional-series (#28), provo (#265)",to-read,,,,0,0
12926132,"Palace of Stone (Princess Academy, #2)",Shannon Hale,"Hale, Shannon",,"=""1599908735""","=""9781599908731""",0,Bloomsbury Children's Books,Hardcover,336,2012,2012,,2023/06/04,"to-read, provo","to-read (#1193), provo (#263)",to-read,,,,0,0
31140468,The Legend of Zelda: Majora's Mask / A Link to the Past -Legendary Edition-: Majora's Mask/A Link to the Past,Akira Himekawa,"Himekawa, Akira",,"=""1421589613""","=""9781421589619""",0,VIZ Media LLC,Paperback,402,2017,2017,,2023/06/04,"to-read, provo","to-read (#1192), provo (#262)",to-read,,,,0,0
712665,Last Train to Memphis: The Rise of Elvis Presley,Peter Guralnick,"Guralnick, Peter",,"=""0316332259""","=""9780316332255""",0,Back Bay Books,Hardcover,560,1995,1994,,2023/06/03,"to-read, provo","to-read (#1191), provo (#261)",to-read,,,,0,0
11365275,The Armenian Genocide: A Complete History,Raymond H. Kévorkian,"Kévorkian, Raymond H.",,"=""1848855613""","=""9781848855618""",0,I.B. Tauris,Hardcover,1008,2011,2006,,2023/06/02,to-read,to-read (#1190),to-read,,,,0,0
35133922,Educated,Tara Westover,"Westover, Tara",,"=""0399590501""","=""9780399590504""",3.0,Random House,Hardcover,352,2018,2018,2023/05/31,2019/11/07,library-audio,library-audio (#99),read,,,,1,0
87071445,Not Accountable: Rethinking the Constitutionality of Public Employee Unions,Philip K. Howard,"Howard, Philip K.",Mitch Daniels,"=""1957588144""","=""9781957588148""",0,Rodin Books,Kindle Edition,178,2023,,,2023/05/30,to-read,to-read (#1189),to-read,,,,0,0
199958,The Deal of the Century: The Breakup of AT&T,Steve Coll,"Coll, Steve",,"=""0671645927""","=""9780671645922""",0,Touchstone Books/Simon & Schuster,Paperback,400,1988,1986,,2023/05/29,to-read,to-read (#1188),to-read,,,,0,0
34506,"The Light Fantastic (Discworld, #2; Rincewind, #2)",Terry Pratchett,"Pratchett, Terry",,"=""0061020702""","=""9780061020704""",0,HarperTorch,Mass Market Paperback,277,2000,1986,,2023/05/28,"to-read, provo","to-read (#1187), provo (#259)",to-read,,,,0,0
34507,"Equal Rites (Discworld, #3; Witches, #1)",Terry Pratchett,"Pratchett, Terry",,"=""0060855908""","=""9780060855901""",0,First Harper ,Paperback,228,2005,1987,,2023/05/28,"to-read, provo","to-read (#1186), provo (#258)",to-read,,,,0,0
386372,"Mort (Discworld, #4; Death, #1)",Terry Pratchett,"Pratchett, Terry",,"=""0061020680""","=""9780061020681""",0,Harpertorch,Mass Market Paperback,243,2001,1987,,2023/05/28,"to-read, provo","to-read (#1185), provo (#257)",to-read,,,,0,0
13890,"A Crown of Swords (The Wheel of Time, #7)",Robert Jordan,"Jordan, Robert",,"=""0812550285""","=""9780812550283""",4.0,Tor Books,Mass Market Paperback,880,1997,1996,2023/05/27,2023/05/05,provo,provo (#232),read,,,,1,0
936059,The Making of Modern Economics: The Lives and Ideas of the Great Thinkers,Mark Skousen,"Skousen, Mark",,"=""0765604809""","=""9780765604804""",0,Routledge,Paperback,485,2001,2000,,2023/05/26,to-read,to-read (#1184),to-read,,,,0,0
357636,Civilization and Its Discontents,Sigmund Freud,"Freud, Sigmund","Peter Gay, James Strachey","=""0393301583""","=""9780393301588""",0,W. W. Norton  Company,Paperback,127,1989,1930,,2023/05/25,to-read,to-read (#1183),to-read,,,,0,0
34811390,"Pacific: Silicon Chips and Surfboards, Coral Reefs and Atom Bombs, Brutal Dictators, Fading Empires, and the Coming Collision of the World's Superpowers",Simon Winchester,"Winchester, Simon",,"=""""","=""""",0,Harper,Kindle Edition,512,2015,2015,,2023/05/25,"to-read, provo","to-read (#1182), provo (#254)",to-read,,,,0,0
604062,A History of the Vikings,Gwyn Jones,"Jones, Gwyn",,"=""0192801341""","=""9780192801340""",0,Oxford University Press,Paperback,504,2001,1968,,2023/05/25,"to-read, provo","to-read (#1181), provo (#253)",to-read,,,,0,0
33960639,"The History of the Decline and Fall of the Roman Empire, Vol 5: Justinian and the Roman Law",Edward Gibbon,"Gibbon, Edward",,"=""""","=""""",0,Folio Society,Hardcover,394,1998,1788,,2023/05/25,"to-read, provo","to-read (#1180), provo (#252)",to-read,,,,0,0
41728416,"The History of the Decline and Fall of the Roman Empire, Vol 8: The Fall of Constantinople and the Papacy in Rome",Edward Gibbon,"Gibbon, Edward",Felipe Fernandez Armesto,"=""""","=""""",0,Folio Society,Hardcover,363,1999,1788,,2023/05/25,"to-read, provo","to-read (#1179), provo (#251)",to-read,,,,0,0
33960650,"The History of the Decline and Fall of the Roman Empire, Vol 6; Mohammed and the Rise of the Arabs",Edward Gibbon,"Gibbon, Edward",,"=""""","=""""",0,Folio Society,Hardcover,377,1998,1788,,2023/05/25,"to-read, provo","to-read (#1178), provo (#250)",to-read,,,,0,0
33960661,"The History of the Decline and Fall of the Roman Empire, Vol 7: The Normans in Italy and the Crusades",Edward Gibbon,"Gibbon, Edward",,"=""""","=""""",0,Folio Society,Hardcover,440,1998,1788,,2023/05/25,"to-read, provo","to-read (#1177), provo (#249)",to-read,,,,0,0
55120630,"The Comfort Crisis: Embrace Discomfort To Reclaim Your Wild, Happy, Healthy Self",Michael Easter,"Easter, Michael",,"=""0593138767""","=""9780593138762""",0,Rodale Books,Hardcover,304,2021,2021,,2023/05/25,to-read,to-read (#1176),to-read,,,,0,0
36293362,The Holy Invitation: Understanding Your Sacred Temple Endowment,Anthony Sweat,"Sweat, Anthony",,"=""1629736627""","=""9781629736624""",0,Deseret Book,Kindle Edition,81,2017,2017,,2023/05/25,to-read,to-read (#1175),to-read,,,,0,0
169778,Venona: Decoding Soviet Espionage in America,John Earl Haynes,"Haynes, John Earl",Mr. Harvey Klehr,"=""0300077718""","=""9780300077711""",0,Yale University Press,Hardcover,512,1999,1999,,2023/05/25,to-read,to-read (#1174),to-read,,,,0,0
5599491,Odd Man Out: A Year on the Mound with a Minor League Misfit,Matt   McCarthy,"McCarthy, Matt",,"=""0670020702""","=""9780670020706""",0,Viking Adult,Hardcover,295,2009,2009,,2023/05/23,to-read,to-read (#1173),to-read,,,,0,0
769483,"Magyk (Septimus Heap, #1)",Angie Sage,"Sage, Angie",Mark Zug,"=""0060577312""","=""9780060577315""",0,"Katherine Tegen, Harper Collins",Hardcover,564,2005,2005,,2023/05/23,"to-read, provo, fictional-series","to-read (#1172), provo (#248), fictional-series (#26)",to-read,,,,0,0
36072,The 7 Habits of Highly Effective People: Powerful Lessons in Personal Change,Stephen R. Covey,"Covey, Stephen R.",Jim Collins,"=""0743269519""","=""9780743269513""",4.0,Free Press,Paperback,372,2004,1989,2023/05/22,2023/05/08,,,read,,,,1,0
29579,"Foundation (Foundation, #1)",Isaac Asimov,"Asimov, Isaac",,"=""0553803719""","=""9780553803716""",0,Bantam,Hardcover,244,2004,1951,,2021/09/30,"to-read, provo","to-read (#609), provo (#247)",to-read,,,,0,0
13,"The Ultimate Hitchhiker’s Guide to the Galaxy (Hitchhiker's Guide to the Galaxy, #1-5)",Douglas Adams,"Adams, Douglas",,"=""0345453743""","=""9780345453747""",0,Del Rey Books,Paperback,815,2002,1996,,2015/12/17,"to-read, provo","to-read (#226), provo (#246)",to-read,,,,0,0
18007564,The Martian,Andy Weir,"Weir, Andy",,"=""0804139024""","=""9780804139021""",0,Crown Publishers,Hardcover,369,2014,2011,,2015/12/17,"to-read, on-the-shelf, provo","to-read (#223), on-the-shelf (#45), provo (#245)",to-read,,,,0,0
31430715,Batman: The Golden Age Omnibus Vol. 3,Bill Finger,"Finger, Bill",,"=""1401269028""","=""9781401269029""",0,DC Comics,Hardcover,780,2017,1944,,2023/05/21,"to-read, provo","to-read (#1171), provo (#244)",to-read,,,,0,0
57653267,"The Amazing Spider-Man Omnibus, Vol. 5",Gerry Conway,"Conway, Gerry","Len Wein, Ross Andru","=""1302926993""","=""9781302926991""",0,Marvel ,Hardcover,880,2021,1978,,2023/05/21,"to-read, provo","to-read (#1170), provo (#243)",to-read,,,,0,0
32703727,"The Amazing Spider-Man Omnibus, Vol. 3",Stan Lee,"Lee, Stan","Roy Thomas, John Romita Sr., Gil Kane, John Buscema","=""1302904523""","=""9781302904524""",0,Marvel,Hardcover,912,2017,1972,,2023/05/21,"to-read, provo","to-read (#1169), provo (#242)",to-read,,,,0,0
59456433,"The Amazing Spider-Man Omnibus, Vol. 1",Stan Lee,"Lee, Stan","Steve Ditko, Jack Kirby","=""1302945637""","=""9781302945633""",0,Marvel,Hardcover,1152,2022,1966,,2023/01/07,"currently-reading, provo","currently-reading (#2), provo (#241)",currently-reading,,,,1,0
187065,"New Spring (The Wheel of Time, #0)",Robert Jordan,"Jordan, Robert",,"=""1841492612""","=""9781841492612""",0,Orbit,Paperback,423,2004,2004,,2023/05/21,"to-read, provo","to-read (#1168), provo (#240)",to-read,,,,0,0
35231,"Lord of Chaos (The Wheel of Time, #6)",Robert Jordan,"Jordan, Robert",,"=""0812513754""","=""9780812513752""",4.0,Tom Doherty Associates,Mass Market Paperback,1011,1995,1994,2023/05/04,2023/03/15,provo,provo (#231),read,,,,1,0
13895,"The Fires of Heaven (The Wheel of Time, #5)",Robert Jordan,"Jordan, Robert",,"=""1857232097""","=""9781857232097""",5.0,Orbit,Paperback,913,1994,1993,2023/04/06,2023/02/21,provo,provo (#230),read,,,,1,0
44322570,"The Shadow Rising (The Wheel of Time, #4)",Robert Jordan,"Jordan, Robert",,"=""1250251923""","=""9781250251923""",5.0,Tor Fantasy,Mass Market Paperback,1056,2019,1992,2023/03/14,2023/02/07,provo,provo (#229),read,,,,1,0
43782403,The Dragon Reborn (The Wheel of time #3),Robert Jordan,"Jordan, Robert",,"=""1250251494""","=""9781250251497""",4.0,Tor Fantasy,Mass Market Paperback,704,2019,1991,2023/02/20,2023/01/25,provo,provo (#228),read,,,,1,0
43782402,The Great Hunt (The Wheel of Time #2),Robert Jordan,"Jordan, Robert",,"=""1250251486""","=""9781250251480""",5.0,Tor Fantasy,Mass Market Paperback,736,2019,1990,2023/02/07,2023/01/24,provo,provo (#227),read,,,,1,0
43782401,"The Eye of the World (The Wheel of Time, #1)",Robert Jordan,"Jordan, Robert",,"=""125025146X""","=""9781250251466""",5.0,Tor Fantasy,Mass Market Paperback,864,2019,1990,2023/01/24,2021/10/21,provo,provo (#226),read,,,,1,0
17819679,Inventing Baseball: The 100 Greatest Games of the 19th Century (SABR Digital Library),Bill Felber,"Felber, Bill","John Thorn, Paul Browne, Jean-Pierre Caillault, Jerry Casway, Phil Dixon, Charles Faber, Irv Goldfarb, Terry Gottschall, Jerry Grillo, Mike Harrington, Edward Achorn, Richard Hershberger, Joanne Hulbert, John Jusman, Donald Jensen, W. Lloyd Johnson, Jimmy  Keenan, William Lamb, Peter Mancuso, Dick McBane, Patricia Millen, David Arcidiacano, Bill Nowlin, Jim Overmyer, Mark Pestana, Greg Rhodes, James Rygelski, Jeff Samoray, Lyle Spatz, Casey Tibbitts, Bob Tiemann, Bob Bailey, Kathy Torres, Frank Vaccaro, Craig Waff, John Zinn, Jon Barnes, John   Bauer, Parker Bena, Cliff Blau, Rich Bogovich","=""1933599421""","=""9781933599427""",0,Society for American Baseball Research,Paperback,308,2013,2013,,2023/05/19,to-read,to-read (#1167),to-read,,,,0,0
16043552,"The Summer of Beer and Whiskey: How Brewers, Barkeeps, Rowdies, Immigrants, and a Wild Pennant Fight Made Baseball America's Game",Edward Achorn,"Achorn, Edward",,"=""1610392604""","=""9781610392600""",0,PublicAffairs,Hardcover,336,2013,2013,,2023/05/19,to-read,to-read (#1166),to-read,,,,0,0
61469898,The Lincoln Miracle: Inside the Republican Convention That Changed History,Edward Achorn,"Achorn, Edward",,"=""080216062X""","=""9780802160621""",0,Atlantic Monthly Press,Hardcover,512,2023,2023,,2023/05/19,to-read,to-read (#1165),to-read,,,,0,0
52059932,Awake,Jonathan Alder,"Alder, Jonathan",,"=""1543158692""","=""9781543158694""",0,CreateSpace Independent Publishing Platform,Paperback,338,2017,2020,,2023/05/19,to-read,to-read (#1164),to-read,,,,0,0
1217881,The 5000 Year Leap,W. Cleon Skousen,"Skousen, W. Cleon",,"=""0880801484""","=""9780880801485""",0,National Center for Constitutional Studies,Paperback,337,2006,1981,,2020/06/28,"to-read, provo","to-read (#550), provo (#225)",to-read,,,,0,0
36149168,Pandora’s Box: A History of the First World War,Jörn Leonhard,"Leonhard, Jörn",Patrick Camiller,"=""0674545117""","=""9780674545113""",0,Belknap Press,Hardcover,1060,2018,2014,,2021/05/02,"to-read, provo","to-read (#594), provo (#224)",to-read,,,,0,0
34184217,The Second World Wars: How the First Global Conflict Was Fought and Won,Victor Davis Hanson,"Hanson, Victor Davis",,"=""0465066984""","=""9780465066988""",0,Basic Books,Hardcover,652,2017,2017,,2023/05/17,"to-read, provo","to-read (#1163), provo (#223)",to-read,,,,0,0
1674940,Simón Bolívar: A Life,John   Lynch,"Lynch, John",,"=""0300126042""","=""9780300126044""",0,Yale University Press,Paperback,384,2007,2006,,2021/03/27,"to-read, provo","to-read (#589), provo (#222)",to-read,,,,0,0
23155784,"Christopher Columbus: ""A Man Among The Gentiles""",Clark B. Hinckley,"Hinckley, Clark B.",,"=""1609079205""","=""9781609079208""",0,Deseret Book Company,Hardcover,276,2014,2014,,2023/05/17,"to-read, provo","to-read (#1162), provo (#221)",to-read,,,,0,0
1842,"Guns, Germs, and Steel: The Fates of Human Societies",Jared Diamond,"Diamond, Jared",,"=""0739467352""","=""9780739467350""",3.0,W.W. Norton & Company,Paperback,498,2005,1997,2018/05/17,2015/07/27,provo,provo (#220),read,,,,1,0
17847473,Strategy: A History,Lawrence Freedman,"Freedman, Lawrence",,"=""0199325154""","=""9780199325153""",0,Oxford University Press,Hardcover,768,2013,2013,,2015/12/02,"to-read, provo","to-read (#187), provo (#219)",to-read,,,,0,0
302022,A World at Arms: A Global History of World War II,Gerhard L. Weinberg,"Weinberg, Gerhard L.",,"=""0521618266""","=""9780521618267""",0,Cambridge University Press,Paperback,1208,2005,1994,,2021/07/24,"to-read, provo","to-read (#605), provo (#218)",to-read,,,,0,0
332980,FDR,Jean Edward Smith,"Smith, Jean Edward",,"=""1400061210""","=""9781400061211""",0,Random House,Hardcover,880,2007,2007,,2015/08/06,"to-read, provo","to-read (#79), provo (#217)",to-read,,,,0,0
22889768,"The Quartet: Orchestrating the Second American Revolution, 1783-1789",Joseph J. Ellis,"Ellis, Joseph J.",,"=""0385353405""","=""9780385353403""",0,Knopf,Hardcover,320,2015,2015,,2023/04/17,"to-read, library-audio, provo","to-read (#1004), library-audio (#14), provo (#216)",to-read,,,,0,0
61817859,Palestine 1936: The Great Revolt and the Roots of the Middle East Conflict,Oren Kessler,"Kessler, Oren",,"=""1538148811""","=""9781538148815""",0,Rowman & Littlefield Publishers,Hardcover,336,2023,2023,,2023/05/13,to-read,to-read (#1161),to-read,,,,0,0
34184069,The Storm Before the Storm: The Beginning of the End of the Roman Republic,Mike     Duncan,"Duncan, Mike",,"=""1610397215""","=""9781610397216""",0,PublicAffairs,Hardcover,327,2017,2017,,2023/05/13,to-read,to-read (#1160),to-read,,,,0,0
60049834,Iron and Blood,Peter H. Wilson,"Wilson, Peter H.",,"=""0241355567""","=""9780241355565""",0,Allen Lane,Hardcover,1040,2022,2022,,2023/05/13,to-read,to-read (#1159),to-read,,,,0,0
61281793,The Ship Beneath the Ice: The Discovery of Shackleton’s Endurance,Mensun Bound,"Bound, Mensun",,"=""0063297426""","=""9780063297425""",0,Mariner Books,Kindle Edition,409,2023,2022,,2023/05/13,to-read,to-read (#1158),to-read,,,,0,0
28814679,The Earth Is Weeping: The Epic Story of the Indian Wars for the American West,Peter Cozzens,"Cozzens, Peter",,"=""0307958043""","=""9780307958044""",0,Knopf,Hardcover,544,2016,2016,,2023/05/12,to-read,to-read (#1156),to-read,,,,0,0
76401,Bury My Heart at Wounded Knee: An Indian History of the American West,Dee Brown,"Brown, Dee",,"=""0805066691""","=""9780805066692""",0,"Henry Holt and Company, LLC",Paperback,509,2001,1970,,2023/05/12,to-read,to-read (#1155),to-read,,,,0,0
64535,God's War: A New History of the Crusades,Christopher Tyerman,"Tyerman, Christopher",,"=""""","=""""",0,Belknap Press,Hardcover,1040,2006,2006,,2023/05/10,"to-read, provo","to-read (#1154), provo (#215)",to-read,,,,0,0
93426,Genghis Khan and the Making of the Modern World,Jack Weatherford,"Weatherford, Jack",,"=""0609809644""","=""9780609809648""",0,Broadway Books,Paperback,312,2005,2004,,2015/08/06,"to-read, provo","to-read (#77), provo (#214)",to-read,,,,0,0
168048,The New Complete Works of Josephus,Flavius Josephus,"Josephus, Flavius","William Whiston, Paul L. Maier","=""0825429242""","=""9780825429248""",0,Kregel Publications,Hardcover,1144,1999,100,,2022/07/28,"to-read, provo","to-read (#693), provo (#213)",to-read,,,,0,0
27246074,Syria Burning: A Short History of a Catastrophe,Charles Glass,"Glass, Charles",Patrick Cockburn,"=""1784785164""","=""9781784785161""",0,Verso,Paperback,192,2016,2015,,2018/04/04,"to-read, on-the-shelf, provo","to-read (#353), on-the-shelf (#25), provo (#212)",to-read,,,,0,0
16003595,"The Story of the Jews: Finding the Words, 1000 BCE – 1492 CE",Simon Schama,"Schama, Simon",,"=""1847921329""","=""9781847921321""",0,Bodley Head,Hardcover,496,2013,2013,,2023/05/10,"to-read, provo","to-read (#1153), provo (#211)",to-read,,,,0,0
8907,The War of the World: Twentieth-Century Conflict and the Descent of the West,Niall Ferguson,"Ferguson, Niall",,"=""1594201005""","=""9781594201004""",0,"Penguin Press HC, The",Hardcover,808,2006,2006,,2022/09/27,"to-read, provo","to-read (#750), provo (#209)",to-read,,,,0,0
246257,The Encyclopedia of the Middle Ages,Norman F. Cantor,"Cantor, Norman F.",Harold Rabinowitz,"=""0670100110""","=""9780670100118""",0,Viking Adult,Hardcover,448,1999,1999,,2023/05/10,"to-read, provo","to-read (#1151), provo (#208)",to-read,,,,0,0
1204313,Premodern Japan: A Historical Survey,Mikiso Hane,"Hane, Mikiso",,"=""0813380650""","=""9780813380650""",0,Westview Press,Paperback,227,1990,1990,,2023/05/10,"to-read, provo","to-read (#1150), provo (#207)",to-read,,,,0,0
227354,1453: The Holy War for Constantinople and the Clash of Islam and the West,Roger Crowley,"Crowley, Roger",,"=""1401308503""","=""9781401308506""",0,Grand Central Publishing,Paperback,304,2006,2005,,2023/05/10,"to-read, provo","to-read (#1149), provo (#206)",to-read,,,,0,0
342827,"Conquest: Montezuma, Cortés and the Fall of Old Mexico",Hugh Thomas,"Thomas, Hugh",,"=""0671511041""","=""9780671511043""",0,Simon & Schuster,Paperback,832,1995,1993,,2023/05/10,"to-read, provo","to-read (#1148), provo (#205)",to-read,,,,0,0
93959,Hirohito and the Making of Modern Japan,Herbert P. Bix,"Bix, Herbert P.",,"=""0060931302""","=""9780060931308""",0,Harper Perennial,Paperback,832,2001,2000,,2023/05/10,"to-read, provo","to-read (#1147), provo (#204)",to-read,,,,0,0
191411,Israel : A History,Martin  Gilbert,"Gilbert, Martin",,"=""0552995452""","=""9780552995450""",0,Black Swan,Paperback,786,1999,1998,,2022/12/03,"to-read, provo","to-read (#817), provo (#203)",to-read,,,,0,0
47632,Born in Blood and Fire: A Concise History of Latin America,John Charles Chasteen,"Chasteen, John Charles",,"=""0393927695""","=""9780393927696""",0,W W Norton & Co Inc,Paperback,372,2005,2000,,2023/05/10,"to-read, provo","to-read (#1146), provo (#202)",to-read,,,,0,0
34736316,Crusade and Jihad: The Thousand-Year War Between the Muslim World and the Global North,William R. Polk,"Polk, William R.",,"=""0300222904""","=""9780300222906""",0,Yale University Pres,Hardcover,576,2018,2018,,2022/11/30,"to-read, provo","to-read (#808), provo (#201)",to-read,,,,0,0
44611072,Homosexuality in Ancient Greece: The Myth is Collapsing,Adonis A. Georgiades,"Georgiades, Adonis A.","Andriana Hahla, Άδωνις Α. Γεωργιάδης","=""9603162353""","=""9789603162353""",0,Εκδόσεις Γεωργιάδης,Paperback,204,2004,2002,,2023/05/10,to-read,to-read (#1145),to-read,,,,0,0
59430009,B. H. Roberts: A Life in the Public Arena,John Sillito,"Sillito, John",,"=""""","=""""",0,Signature Books,Kindle Edition,673,2021,,,2023/05/09,to-read,to-read (#1144),to-read,,,,0,0
105387593,"When Race Trumps Merit: How the Pursuit of Equity Sacrifices Excellence, Destroys Beauty, and Threatens Lives",Heather Mac Donald,"Donald, Heather Mac",,"=""1956007164""","=""9781956007169""",0,DW Books,Hardcover,320,2023,2023,,2023/05/09,to-read,to-read (#1143),to-read,,,,0,0
8938744,An Exact Exposition of the Orthodox Faith,John of Damascus,"Damascus, John of",,"=""""","=""""",0,,Kindle Edition,190,,700,,2023/05/08,to-read,to-read (#1142),to-read,,,,0,0
50930292,Blackout: How Black America Can Make Its Second Escape from the Democrat Plantation,Candace Owens,"Owens, Candace",,"=""1982133295""","=""9781982133290""",3.0,Threshold Editions,Kindle Edition,240,2020,2020,2023/05/05,2019/12/30,,,read,,,,1,0
604849,The Story of a Life,Konstantin Paustovsky,"Paustovsky, Konstantin",Joseph Barnes,"=""0394710142""","=""9780394710143""",0,Pantheon,Paperback,661,1982,1956,,2023/05/05,to-read,to-read (#1141),to-read,,,,0,0
17851885,I Am Malala: The Story of the Girl Who Stood Up for Education and Was Shot by the Taliban,Malala Yousafzai,"Yousafzai, Malala",Christina Lamb,"=""0316322407""","=""9780316322409""",0,"Little, Brown and Company",Hardcover,327,2013,2012,,2019/09/26,"to-read, provo","to-read (#492), provo (#200)",to-read,,,,0,0
17287068,Showa 1926-1939: A History of Japan,Shigeru Mizuki,"Mizuki, Shigeru",Zack Davisson,"=""1770461353""","=""9781770461352""",0,Drawn and Quarterly,Paperback,533,2013,2013,,2023/02/14,"to-read, provo","to-read (#931), provo (#199)",to-read,,,,0,0
2295316,The World Encyclopedia of Flags,Alfred Znamierowski,"Znamierowski, Alfred",,"=""0754801675""","=""9780754801672""",0,Anness,Hardcover,256,1999,1999,,2023/05/05,"to-read, provo","to-read (#1140), provo (#198)",to-read,,,,0,0
1813399,History Of The Conquest Of Peru,William Hickling Prescott,"Prescott, William Hickling",,"=""1419124145""","=""9781419124143""",0,Kessinger Publishing,Paperback,340,2004,1847,,2023/05/05,"to-read, provo","to-read (#1139), provo (#197)",to-read,,,,0,0
55780513,"A War of Empires: Japan, India, Burma and Britain: 1941–45",Robert Lyman,"Lyman, Robert",,"=""1472847148""","=""9781472847140""",0,Osprey Publishing,Hardcover,560,2021,2021,,2023/05/05,"to-read, provo","to-read (#1138), provo (#196)",to-read,,,,0,0
10414941,Catherine the Great: Portrait of a Woman,Robert K. Massie,"Massie, Robert K.",,"=""0679456724""","=""9780679456728""",0,"Random House, Inc. (NY)",Hardcover,656,2011,2011,,2023/05/05,"to-read, provo","to-read (#1137), provo (#195)",to-read,,,,0,0
137423410,"Christopher Columbus by Bjorn Landstrom Vintage 1967 Illus., Slipcase, Oversize",Björn Landström,"Landström, Björn",,"=""""","=""""",0,Generic,Hardcover,,,,,2023/05/05,"to-read, provo","to-read (#1136), provo (#194)",to-read,,,,0,0
12848315,The Landmark Arrian: The Campaigns of Alexander,Arrian,"Arrian, Arrian","Robert B. Strassler, James Romm","=""1400079675""","=""9781400079674""",0,Vintage,Paperback,560,2012,150,,2023/05/05,"to-read, provo","to-read (#1135), provo (#193)",to-read,,,,0,0
24067963,The Battlefields of England,Alfred H. Burne,"Burne, Alfred H.",,"=""1473809363""","=""9781473809369""",0,Pen & Sword Military Classics,Kindle Edition,742,2005,1952,,2023/05/05,"to-read, provo","to-read (#1134), provo (#192)",to-read,,,,0,0
235683,A Shortened History of England,George Macaulay Trevelyan,"Trevelyan, George Macaulay",,"=""0140233237""","=""9780140233230""",0,Penguin Books,Paperback,608,1988,1942,,2023/05/05,"to-read, provo","to-read (#1133), provo (#191)",to-read,,,,0,0
844096,The Crusades: A Short Story,Jonathan Riley-Smith,"Riley-Smith, Jonathan",,"=""0300047002""","=""9780300047004""",0,Yale University Press,Paperback,306,1987,1987,,2023/05/05,"to-read, provo","to-read (#1132), provo (#190)",to-read,,,,0,0
25589,Memoirs of the Second World War,Winston S. Churchill,"Churchill, Winston S.",,"=""0395599687""","=""9780395599686""",4.0,Harper Paperbacks,Paperback,1088,1991,1959,,2015/08/18,provo,provo (#189),read,,,,2,0
49609421,The Enlightenment: The Pursuit of Happiness 1680-1790,Ritchie Robertson,"Robertson, Ritchie",,"=""0062410652""","=""9780062410658""",0,Harper,Hardcover,985,2021,2020,,2021/12/27,"to-read, provo","to-read (#616), provo (#188)",to-read,,,,0,0
3045993,A Concise History of the French Revolution (Critical Issues in World and International History),Sylvia Neely,"Neely, Sylvia",,"=""0742534103""","=""9780742534100""",0,Rowman & Littlefield Publishers,Hardcover,312,2007,2007,,2023/05/05,"to-read, provo","to-read (#1131), provo (#187)",to-read,,,,0,0
89405,The Renaissance: A Short History,Paul  Johnson,"Johnson, Paul",,"=""0812966198""","=""9780812966190""",0,Random House Publishing Group,Paperback,208,2002,2000,,2023/05/05,"to-read, provo","to-read (#1130), provo (#186)",to-read,,,,0,0
24611571,Magna Carta: The Birth of Liberty,Dan Jones,"Jones, Dan",,"=""0525428291""","=""9780525428299""",0,Viking,Hardcover,272,2015,2015,,2015/08/16,"to-read, on-the-shelf, provo","to-read (#103), on-the-shelf (#4), provo (#185)",to-read,,,,0,0
34312336,The Templars: The Rise and Spectacular Fall of God's Holy Warriors,Dan Jones,"Jones, Dan",,"=""0525428305""","=""9780525428305""",0,Viking,Hardcover,448,2017,2017,,2023/05/04,"to-read, provo","to-read (#1129), provo (#184)",to-read,,,,0,0
102534,The Sagas of Icelanders,Jane Smiley,"Smiley, Jane","Robert H. Kellogg, Katrina C. Attwood, Bernard Scudder, George Clark, Anthony Maxwell, Keneva Kunz, Andrew Wawn, Terry Gunnell, Ruth C. Ellison, Martin Regal","=""0141000031""","=""9780141000039""",0,Penguin Classics,Paperback,782,2001,1997,,2023/05/04,"to-read, provo","to-read (#1128), provo (#183)",to-read,,,,0,0
24096,Leonardo's Notebooks,Leonardo da Vinci,"Vinci, Leonardo da",H. Anna Suh,"=""1579124577""","=""9781579124571""",0,Black Dog & Leventhal,Hardcover,352,2005,1519,,2023/05/04,"to-read, provo","to-read (#1127), provo (#182)",to-read,,,,0,0
43899574,Crusaders: The Epic History of the Wars for the Holy Lands,Dan Jones,"Jones, Dan",,"=""0525428313""","=""9780525428312""",0,Viking,Hardcover,464,2019,2019,,2020/11/09,"to-read, provo","to-read (#564), provo (#181)",to-read,,,,0,0
990999,Germany: A New History,Hagen Schulze,"Schulze, Hagen",,"=""0674005457""","=""9780674005457""",0,Harvard University Press,Paperback,368,2001,1986,,2023/05/04,"to-read, provo","to-read (#1126), provo (#180)",to-read,,,,0,0
647492,Ordinary Men: Reserve Police Battalion 101 and the Final Solution in Poland,Christopher R. Browning,"Browning, Christopher R.",,"=""0060995068""","=""9780060995065""",4.0,Harper Perennial,Paperback,271,1998,1992,2022/03/21,2019/07/29,provo,provo (#179),read,,,,1,0
20821092,Napoleon: A Life,Andrew Roberts,"Roberts, Andrew",,"=""0670025321""","=""9780670025329""",4.0,Viking Pr,Paperback,976,2014,2014,2016/01/19,2015/07/24,provo,provo (#178),read,,,,1,0
89457,Offshore Islanders: A History of the English People,Paul  Johnson,"Johnson, Paul",,"=""0753805383""","=""9780753805381""",0,,Paperback,431,1998,1972,,2023/05/04,"to-read, provo","to-read (#1125), provo (#177)",to-read,,,,0,0
232642,Cochrane: The Real Master and Commander,David Cordingly,"Cordingly, David",,"=""1582345341""","=""9781582345345""",0,Bloomsbury USA,Hardcover,448,2007,2004,,2023/05/04,"to-read, provo","to-read (#1124), provo (#176)",to-read,,,,0,0
111222,The Life of Elizabeth I,Alison Weir,"Weir, Alison",,"=""0345425502""","=""9780345425508""",0,Ballantine Books,Paperback,532,1999,1998,,2022/09/23,"to-read, provo","to-read (#746), provo (#175)",to-read,,,,0,0
2618856,"Hitler: Legend, Myth and Reality",Werner Maser,"Maser, Werner",,"=""0061318353""","=""9780061318351""",0,Harper Torchbooks,Paperback,433,1975,1971,,2018/05/20,"to-read, on-the-shelf, provo","to-read (#371), on-the-shelf (#19), provo (#174)",to-read,,,,0,0
24396877,Underground in Berlin: A Young Woman's Extraordinary Tale of Survival in the Heart of Nazi Germany,Marie Jalowicz Simon,"Simon, Marie Jalowicz","Hermann Simon, Anthea Bell","=""0316382094""","=""9780316382090""",0,"Little, Brown and Company",Hardcover,384,2015,2014,,2018/07/11,"to-read, on-the-shelf, provo","to-read (#393), on-the-shelf (#33), provo (#173)",to-read,,,,0,0
853201,Inside the Third Reich,Albert Speer,"Speer, Albert",,"=""0684829495""","=""9780684829494""",0,Simon & Schuster,Paperback,672,1997,1969,,2015/08/18,"to-read, provo","to-read (#121), provo (#172)",to-read,,,,0,0
1948985,"Human Smoke: The Beginnings of World War II, The End of Civilization",Nicholson Baker,"Baker, Nicholson",,"=""1416567844""","=""9781416567844""",0,Simon & Schuster,Hardcover,576,2008,2008,,2018/07/11,to-read,to-read (#399),to-read,,,,0,0
2580691,The Celtic Quest: An Anthology from Merlin to Van Morrison,Jane Lahr,"Lahr, Jane",,"=""1599620456""","=""9781599620459""",0,Welcome Books,Hardcover,240,2008,2000,,2023/05/04,"to-read, provo","to-read (#1123), provo (#171)",to-read,,,,0,0
178850,Beyond the Da Vinci Code: From the Rose Line to the Bloodline,Sangeet Duchane,"Duchane, Sangeet",Amy Ray,"=""0760766258""","=""9780760766255""",0,Sterling,Hardcover,256,2005,2005,,2023/05/04,"to-read, provo","to-read (#1122), provo (#170)",to-read,,,,0,0
55315487,"The Plot (The Book Series, #1)",Jean Hanff Korelitz,"Korelitz, Jean Hanff",,"=""125079076X""","=""9781250790767""",0,Celadon Books,Hardcover,320,2021,2021,,2023/05/04,to-read,to-read (#1121),to-read,,,,0,0
725047,The Prince of Princes: The Life of Potemkin,Simon Sebag Montefiore,"Montefiore, Simon Sebag",,"=""0312278152""","=""9780312278151""",0,Thomas Dunne Books,Hardcover,672,2001,2000,,2023/04/05,"to-read, provo","to-read (#985), provo (#169)",to-read,,,,0,0
770512,1066: The Year of the Conquest,David Howarth,"Howarth, David",,"=""""","=""""",0,Penguin Books,Paperback,208,1981,1977,,2023/05/03,"to-read, provo","to-read (#1120), provo (#168)",to-read,,,,0,0
409696,A History of Wales,John Davies,"Davies, John",,"=""0140145818""","=""9780140145816""",0,Penguin Books,Paperback,736,1995,1990,,2022/12/03,"to-read, provo","to-read (#815), provo (#167)",to-read,,,,0,0
908053,Diana: Her True Story in Her Own Words,Andrew Morton,"Morton, Andrew",,"=""0671024124""","=""9780671024123""",0,Pocket,Mass Market Paperback,432,1998,1993,,2023/05/03,"to-read, provo","to-read (#1119), provo (#166)",to-read,,,,0,0
197287,Fin-de-Siècle Vienna: Politics and Culture,Carl E. Schorske,"Schorske, Carl E.",,"=""0394744780""","=""9780394744780""",0,Vintage,Paperback,378,1981,1980,,2023/03/01,"to-read, provo","to-read (#949), provo (#164)",to-read,,,,0,0
45031867,A New World Begins: The History of the French Revolution,Jeremy D. Popkin,"Popkin, Jeremy D.",,"=""0465096662""","=""9780465096664""",0,Basic Books,Hardcover,640,2019,2019,,2023/03/01,"to-read, provo","to-read (#948), provo (#163)",to-read,,,,0,0
6634223,The Queen Mother: The Official Biography,William Shawcross,"Shawcross, William",,"=""1400043042""","=""9781400043040""",0,Alfred A. Knopf,Hardcover,1096,2009,2009,,2023/05/03,"to-read, provo","to-read (#1117), provo (#162)",to-read,,,,0,0
10104,The Six Wives of Henry VIII,Alison Weir,"Weir, Alison",,"=""0802136834""","=""9780802136831""",0,Grove Press,Paperback,643,1992,1992,,2023/05/03,"to-read, provo","to-read (#1116), provo (#161)",to-read,,,,0,0
8467526,The General: Charles De Gaulle and the France He Saved,Jonathan Fenby,"Fenby, Jonathan",,"=""1847373925""","=""9781847373922""",0,Simon & Schuster,Hardcover,720,2010,2010,,2023/05/03,"to-read, provo","to-read (#1115), provo (#160)",to-read,,,,0,0
50998117,Accidentally Wes Anderson,Wally Koval,"Koval, Wally",Wes Anderson,"=""0316492736""","=""9780316492737""",0,Voracious,Hardcover,368,2020,2020,,2023/05/03,to-read,to-read (#1114),to-read,,,,0,0
40626923,El Norte: The Epic and Forgotten Story of Hispanic North America,Carrie  Gibson,"Gibson, Carrie",,"=""0802127029""","=""9780802127020""",0,Atlantic Monthly Press,Hardcover,576,2019,2019,,2023/05/02,to-read,to-read (#1113),to-read,,,,0,0
57863475,The Confident Mind: A Battle-Tested Guide to Unshakable Performance,Nate Zinsser,"Zinsser, Nate",,"=""0063014831""","=""9780063014831""",0,Mariner Books,Hardcover,352,2022,,,2023/05/01,"to-read, library-audio","to-read (#1112), library-audio (#135)",to-read,,,,0,0
434877,"The Boys of Winter: The Untold Story of a Coach, a Dream, and the 1980 U.S. Olympic Hockey Team",Wayne Coffey,"Coffey, Wayne","Jim Craig, Ken Morrow","=""1400047668""","=""9781400047666""",0,Crown Publishers,Paperback,273,2005,2005,,2015/12/19,"to-read, library-audio","to-read (#260), library-audio (#134)",to-read,,,,0,0
96110,Vietnam: A History,Stanley Karnow,"Karnow, Stanley",,"=""0140265473""","=""9780140265477""",0,Penguin Books Ltd.,Paperback,784,1997,1983,,2023/05/01,"to-read, provo","to-read (#1111), provo (#159)",to-read,,,,0,0
10058,Flags of Our Fathers,James D. Bradley,"Bradley, James D.",Ron Powers,"=""0553384155""","=""9780553384154""",0,Bantam,Paperback,382,2006,2000,,2015/12/02,"to-read, on-the-shelf, provo","to-read (#188), on-the-shelf (#36), provo (#158)",to-read,,,,0,0
42649659,The Right Side of History: How Reason and Moral Purpose Made the West Great,Ben Shapiro,"Shapiro, Ben",,"=""0062857924""","=""9780062857927""",0,Broadside Books,Kindle Edition,277,2019,2019,,2018/12/19,"to-read, provo","to-read (#429), provo (#157)",to-read,,,,0,0
5587,"Power, Faith, and Fantasy: America in the Middle East 1776 to the Present",Michael B. Oren,"Oren, Michael B.",,"=""0393058263""","=""9780393058260""",0,W. W. Norton & Company,Hardcover,832,2007,2007,,2023/05/01,"to-read, provo","to-read (#1110), provo (#156)",to-read,,,,0,0
22318476,"Boom Town: The Fantastical Saga of Oklahoma City, Its Chaotic Founding, Its Apocalyptic Weather, Its Purloined Basketball Team, and the Dream of Becoming a World-class Metropolis",Sam Anderson,"Anderson, Sam",,"=""0804137315""","=""9780804137317""",0,Crown,Hardcover,428,2018,2018,,2018/04/10,"to-read, provo","to-read (#355), provo (#155)",to-read,,,,0,0
151887,A History of American Law,Lawrence M. Friedman,"Friedman, Lawrence M.",,"=""0684869888""","=""9780684869889""",4.0,Touchstone,Paperback,620,2005,1973,2021/12/31,2021/10/25,provo,provo (#154),read,,,,1,0
1689891,The Rise and Fall of the American Whig Party: Jacksonian Politics and the Onset of the Civil War,Michael F. Holt,"Holt, Michael F.",,"=""0195055446""","=""9780195055443""",0,Oxford University Press,Hardcover,1296,1999,1999,,2022/11/02,"to-read, provo","to-read (#786), provo (#152)",to-read,,,,0,0
16158513,The Civil War in 50 Objects,Harold Holzer,"Holzer, Harold",Eric Foner,"=""067001463X""","=""9780670014637""",0,Viking,Hardcover,380,2013,2013,,2023/05/01,"to-read, provo","to-read (#1108), provo (#151)",to-read,,,,0,0
28364004,American Ulysses: A Life of Ulysses S. Grant,Ronald C. White Jr.,"Jr., Ronald C. White",,"=""1400069025""","=""9781400069026""",0,Random House,Hardcover,864,2016,2016,,2022/05/18,"to-read, provo","to-read (#651), provo (#150)",to-read,,,,0,0
35100,Battle Cry of Freedom: The Civil War Era,James M. McPherson,"McPherson, James M.",,"=""019516895X""","=""9780195168952""",0,Oxford University Press,Paperback,867,2003,1988,,2020/06/19,"to-read, provo","to-read (#542), provo (#149)",to-read,,,,0,0
46724,"The American Plague: The Untold Story of Yellow Fever, the Epidemic that Shaped Our History",Molly Caldwell Crosby,"Crosby, Molly Caldwell",,"=""0425212025""","=""9780425212028""",0,Berkley Hardcover,Hardcover,308,2006,2006,,2023/05/01,"to-read, provo","to-read (#1107), provo (#148)",to-read,,,,0,0
76789,T.R.: The Last Romantic,H.W. Brands,"Brands, H.W.",,"=""0465069592""","=""9780465069590""",0,Basic Books,Paperback,897,1998,1997,,2022/12/14,"to-read, provo","to-read (#841), provo (#147)",to-read,,,,0,0
40923,"Theodore Rex  (Theodore Roosevelt, #2)",Edmund  Morris,"Morris, Edmund",,"=""0812966007""","=""9780812966008""",0,Random House Trade Paperbacks,Paperback,772,2002,2001,,2023/05/01,"to-read, provo","to-read (#1106), provo (#146)",to-read,,,,0,0
8664353,"Unbroken: A World War II Story of Survival, Resilience and Redemption",Laura Hillenbrand,"Hillenbrand, Laura",,"=""1400064163""","=""9781400064168""",5.0,Random House,Hardcover,475,2010,2010,,2015/08/01,provo,provo (#145),read,,,,1,0
26114462,"By Honor Bound: Two Navy SEALs, the Medal of Honor, and a Story of Extraordinary Courage",Tom Norris,"Norris, Tom","Mike Thornton, Dick Couch","=""1250070597""","=""9781250070593""",0,St. Martin's Press,Hardcover,288,2016,2016,,2018/05/17,"to-read, provo","to-read (#364), provo (#144)",to-read,,,,0,0
1289617,The Forgotten Man: A New History of the Great Depression,Amity Shlaes,"Shlaes, Amity",,"=""022406312X""","=""9780224063128""",0,Jonathan Cape,Hardcover,390,2007,2007,,2023/05/01,"to-read, provo","to-read (#1105), provo (#143)",to-read,,,,0,0
7503630,The Life of Andrew Jackson,Marquis James,"James, Marquis",,"=""""","=""""",0,Indianapolis:  Bobbs-Merrill Company,Hardcover,972,1938,1938,,2019/08/03,"to-read, provo","to-read (#471), provo (#142)",to-read,,,,0,0
101425,Andrew Jackson: His Life and Times,H.W. Brands,"Brands, H.W.",,"=""1400030722""","=""9781400030729""",0,Anchor,Paperback,656,2006,2005,,2023/05/01,"to-read, provo","to-read (#1104), provo (#141)",to-read,,,,0,0
23492826,"The First Congress: How James Madison, George Washington, and a Group of Extraordinary Men Invented the Government",Fergus M. Bordewich,"Bordewich, Fergus M.",,"=""1451691939""","=""9781451691931""",0,Simon & Schuster,Hardcover,416,2016,2015,,2023/05/01,"to-read, provo","to-read (#1103), provo (#140)",to-read,,,,0,0
175278,"The Glorious Cause: The American Revolution, 1763-1789 (Oxford History of the United States)",Robert Middlekauff,"Middlekauff, Robert",,"=""019531588X""","=""9780195315882""",0,Oxford University Press,Paperback,687,2007,1982,,2018/05/18,"to-read, provo","to-read (#366), provo (#139)",to-read,,,,0,0
2203,John Adams,David McCullough,"McCullough, David",,"=""0743223136""","=""9780743223133""",0,Simon & Schuster Paperbacks,Paperback,751,2001,2001,,2015/07/24,"to-read, provo","to-read (#1), provo (#138)",to-read,,,,0,0
8255917,Washington: A Life,Ron Chernow,"Chernow, Ron",,"=""1594202664""","=""9781594202667""",0,Penguin Press,Hardcover,904,2010,2010,,2015/07/24,to-read,to-read (#31),to-read,,,,0,0
12345967,Coolidge,Amity Shlaes,"Shlaes, Amity",,"=""0061967556""","=""9780061967559""",0,Harper,Hardcover,536,2013,2013,,2023/05/01,"to-read, provo","to-read (#1102), provo (#137)",to-read,,,,0,0
101065,"Miracle at Philadelphia: The Story of the Constitutional Convention, May to September 1787",Catherine Drinker Bowen,"Bowen, Catherine Drinker",,"=""0316103985""","=""9780316103985""",0,Back Bay Books,Paperback,346,1986,1966,,2022/03/03,"to-read, provo","to-read (#630), provo (#136)",to-read,,,,0,0
15945611,The Constitution of the United States of America and Selected Writings of the Founding Fathers,Various,"Various, Various",,"=""1435139305""","=""9781435139305""",0,"Books, Inc",Leather Bound,826,2012,2012,,2023/05/01,"to-read, provo","to-read (#1101), provo (#135)",to-read,,,,0,0
89961,The Heritage Guide to the Constitution,Edwin Meese III,"III, Edwin Meese","Matthew Spalding, David F. Forte","=""159698001X""","=""9781596980013""",0,Regnery Publishing,Hardcover,475,2005,2005,,2023/05/01,"to-read, provo","to-read (#1100), provo (#134)",to-read,,,,0,0
924316,The Confident Hope of a Miracle: The True History of the Spanish Armada,Neil Hanson,"Hanson, Neil",,"=""1400078172""","=""9781400078172""",0,Vintage Books,Paperback,489,2006,2003,,2023/05/01,"to-read, provo","to-read (#1099), provo (#133)",to-read,,,,0,0
156459,"John Paul Jones: Sailor, Hero, Father of the American Navy",Evan Thomas,"Thomas, Evan",,"=""0743258045""","=""9780743258043""",0,Simon & Schuster,Paperback,400,2004,2003,,2023/05/01,"to-read, provo","to-read (#1098), provo (#132)",to-read,,,,0,0
52309,The Autobiography of Benjamin Franklin,Benjamin Franklin,"Franklin, Benjamin",,"=""0743255062""","=""9780743255066""",4.0,Touchstone,Paperback,143,2004,1791,2020/01/16,2016/02/26,"library-audio, provo","library-audio (#31), provo (#131)",read,,,,1,0
32866871,President McKinley: Architect of the American Century,Robert W. Merry,"Merry, Robert W.",,"=""1451625448""","=""9781451625448""",0,Simon & Schuster,Hardcover,608,2017,2017,,2023/05/01,"to-read, provo","to-read (#1097), provo (#129)",to-read,,,,0,0
138809,1812: The War That Forged a Nation,Walter R. Borneman,"Borneman, Walter R.",,"=""0060531134""","=""9780060531133""",0,Harper Perennial,Paperback,392,2005,2004,,2023/05/01,"to-read, provo","to-read (#1096), provo (#128)",to-read,,,,0,0
1102243,"What Hath God Wrought: The Transformation of America, 1815 - 1848",Daniel Walker Howe,"Howe, Daniel Walker",,"=""0195078942""","=""9780195078947""",0,"Oxford University Press, USA",Hardcover,904,2007,2007,,2022/09/07,"to-read, provo","to-read (#721), provo (#127)",to-read,,,,0,0
217329,Gotham: A History of New York City to 1898,Edwin G. Burrows,"Burrows, Edwin G.",Mike  Wallace,"=""0195140494""","=""9780195140491""",0,"Oxford University Press, USA",Paperback,1383,2000,1998,,2023/05/01,"to-read, provo","to-read (#1095), provo (#126)",to-read,,,,0,0
16071719,Gettysburg: The Last Invasion,Allen C. Guelzo,"Guelzo, Allen C.",,"=""0307594084""","=""9780307594082""",0,Alfred A. Knopf,Hardcover,632,2013,2013,,2023/04/26,to-read,to-read (#1094),to-read,,,,0,0
118001,Alfred the Great,Justin Pollard,"Pollard, Justin",,"=""0719566665""","=""9780719566660""",0,John Murray,Paperback,350,2006,2005,,2023/04/25,to-read,to-read (#1093),to-read,,,,0,0
1225913,Men and Marriage,George Gilder,"Gilder, George",,"=""""","=""""",0,Pelican Publishing,Hardcover,240,1986,1986,,2023/04/25,to-read,to-read (#1092),to-read,,,,0,0
10335318,"Destiny of the Republic: A Tale of Madness, Medicine and the Murder of a President",Candice Millard,"Millard, Candice",,"=""0385526261""","=""9780385526265""",0,Doubleday,Hardcover,339,2011,2011,,2023/04/25,to-read,to-read (#1091),to-read,,,,0,0
61089457,"Culture: The Story of Us, From Cave Art to K-Pop",Martin Puchner,"Puchner, Martin",,"=""0393867994""","=""9780393867992""",0,W. W. Norton & Company,Hardcover,384,2023,2023,,2023/04/24,to-read,to-read (#1090),to-read,,,,0,0
60747397,Armada: The Spanish Enterprise and England’s Deliverance in 1588,Colin  Martin,"Martin, Colin",Geoffrey Parker,"=""0300259867""","=""9780300259865""",0,Yale University Press,Hardcover,718,2023,1988,,2023/04/23,to-read,to-read (#1089),to-read,,,,0,0
61605678,Koresh: The True Story of David Koresh and the Tragedy at Waco,Stephan Talty,"Talty, Stephan",,"=""0358581281""","=""9780358581284""",0,Mariner Books,Hardcover,446,2023,2023,,2023/04/23,"to-read, library-audio","to-read (#1088), library-audio (#133)",to-read,,,,0,0
208644,A Place Called Waco: A Survivor's Story,David Thibodeau,"Thibodeau, David",Leon Whiteson,"=""1891620428""","=""9781891620423""",0,PublicAffairs,Hardcover,384,1999,1999,,2023/04/23,"to-read, library-audio","to-read (#1087), library-audio (#132)",to-read,,,,0,0
60741802,"Waco Rising: David Koresh, the FBI, and the Birth of America's Modern Militias",Kevin Cook,"Cook, Kevin",,"=""125084052X""","=""9781250840523""",0,Henry Holt and Co.,Hardcover,288,2023,2023,,2023/04/23,"to-read, library-audio","to-read (#1086), library-audio (#131)",to-read,,,,0,0
10443589,Is This the Real Life?: The Untold Story of Queen,Mark Blake,"Blake, Mark",,"=""1845135970""","=""9781845135973""",0,Aurum Press,Hardcover,384,2011,2010,,2023/04/21,to-read,to-read (#1085),to-read,,,,0,0
101636,Room Full of Mirrors: A Biography of Jimi Hendrix,Charles R. Cross,"Cross, Charles R.",,"=""0786888415""","=""9780786888412""",3.0,Da Capo,Paperback,384,2006,2005,2023/04/21,2023/03/31,,,read,,,,1,0
59775253,Norse Mythology,Jackson  Crawford,"Crawford, Jackson",,"=""""","=""""",0,The Great Courses,Audible Audio,342,2021,,,2023/04/19,"to-read, library-audio","to-read (#1083), library-audio (#130)",to-read,,,,0,0
59604052,The Rise of Modern Japan,Mark J. Ravina,"Ravina, Mark J.",,"=""""","=""""",0,The Great Courses,Audible Audio,6,2021,,,2023/04/19,"to-read, library-audio","to-read (#1082), library-audio (#129)",to-read,,,,0,0
59472040,Communism in Power: From Stalin to Mao,Vejas Gabriel Liulevicius,"Liulevicius, Vejas Gabriel",,"=""""","=""""",0,The Great Courses,Audible Audio,6,2021,,,2023/04/19,"to-read, library-audio","to-read (#1081), library-audio (#128)",to-read,,,,0,0
7375,Lafayette,Harlow Giles Unger,"Unger, Harlow Giles",,"=""0471468851""","=""9780471468851""",0,Trade Paper Press,Paperback,480,2003,2002,,2023/04/19,"to-read, library-audio","to-read (#1080), library-audio (#127)",to-read,,,,0,0
56268863,The Book of Hope: A Survival Guide for Trying Times,Jane Goodall,"Goodall, Jane","Douglas Abrams, Gail Hudson","=""1250784093""","=""9781250784094""",0,Celadon Books,Hardcover,252,2021,2021,,2023/04/19,"to-read, library-audio","to-read (#1079), library-audio (#126)",to-read,,,,0,0
57873303,American Marxism,Mark R. Levin,"Levin, Mark R.",,"=""""","=""""",0,Threshold Editions,Kindle Edition,317,2021,2021,,2023/04/19,"to-read, library-audio","to-read (#1078), library-audio (#125)",to-read,,,,0,0
55385983,"Speechless: Controlling Words, Controlling Minds",Michael J. Knowles,"Knowles, Michael J.",,"=""168451116X""","=""9781684511167""",0,Regnery,Kindle Edition,383,2021,2021,,2023/04/19,"to-read, library-audio","to-read (#1077), library-audio (#124)",to-read,,,,0,0
56651900,Billie Eilish,Billie Eilish,"Eilish, Billie",,"=""""","=""""",0,Grand Central Publishing,ebook,336,2021,2021,,2023/04/19,"to-read, library-audio","to-read (#1076), library-audio (#123)",to-read,,,,0,0
58693146,World War II: Up Close and Personal,Keith Huxen,"Huxen, Keith",,"=""""","=""""",0,The Great Courses,Audible Audio,12,2021,,,2023/04/19,"to-read, library-audio","to-read (#1075), library-audio (#122)",to-read,,,,0,0
58138898,"Real History of Pirates, The",Manushag N. Powell,"Powell, Manushag N.",,"=""""","=""""",0,The Great Courses,Audiobook,,2021,,,2023/04/19,"to-read, library-audio","to-read (#1074), library-audio (#121)",to-read,,,,0,0
53138250,"A Brief History of Artificial Intelligence: What It Is, Where We Are, and Where We Are Going",Michael Wooldridge,"Wooldridge, Michael",,"=""1250770742""","=""9781250770745""",0,Flatiron Books,Hardcover,272,2021,2021,,2023/04/19,"to-read, library-audio","to-read (#1073), library-audio (#119)",to-read,,,,0,0
54396791,The Science of Middle-earth: A New Understanding of Tolkien and His World,Roland Lehoucq,"Lehoucq, Roland","Loïc Mangin, Jean-Sébastien Steyer, Arnaud Rafaelian, Tina Kover","=""164313616X""","=""9781643136165""",0,Pegasus Books,Hardcover,432,2021,2019,,2023/04/19,"to-read, library-audio","to-read (#1072), library-audio (#118)",to-read,,,,0,0
54860431,Ethel Rosenberg: An American Tragedy,Anne Sebba,"Sebba, Anne",,"=""1250198631""","=""9781250198631""",0,St. Martin's Press,Hardcover,320,2021,2021,,2023/04/19,"to-read, library-audio","to-read (#1071), library-audio (#117)",to-read,,,,0,0
583492,White Guilt: How Blacks and Whites Together Destroyed the Promise of the Civil Rights Era – A Race Relations Scholar's Meditation on Personal Responsibility (P.S.),Shelby Steele,"Steele, Shelby",,"=""0060578637""","=""9780060578633""",0,Harper Perennial,Paperback,181,2007,2006,,2016/02/21,"to-read, library-audio","to-read (#322), library-audio (#116)",to-read,,,,0,0
54303995,Violence. Speed. Momentum.,Dr. Disrespect,"Disrespect, Dr.",,"=""1982153873""","=""9781982153878""",0,Gallery Books,Hardcover,256,2021,,,2023/04/19,"to-read, library-audio","to-read (#1070), library-audio (#115)",to-read,,,,0,0
58133534,Woke Racism: How a New Religion Has Betrayed Black America,John McWhorter,"McWhorter, John",,"=""0593423062""","=""9780593423066""",0,Portfolio,Hardcover,224,2021,2021,,2023/04/19,"to-read, library-audio","to-read (#1069), library-audio (#114)",to-read,,,,0,0
56098121,Oscar Wilde: A Life,Matthew Sturgis,"Sturgis, Matthew",,"=""0525656367""","=""9780525656364""",0,Knopf,Hardcover,864,2021,2018,,2023/04/19,"to-read, library-audio","to-read (#1067), library-audio (#112)",to-read,,,,0,0
55742925,Welcome to Dunder Mifflin: The Ultimate Oral History of The Office,Brian Baumgartner,"Baumgartner, Brian","Ben Silverman, Greg Daniels","=""0063082217""","=""9780063082212""",0,Mariner Books,Kindle Edition,464,2021,2021,,2023/04/19,"to-read, library-audio","to-read (#1066), library-audio (#111)",to-read,,,,0,0
55360284,Taste: My Life Through Food,Stanley Tucci,"Tucci, Stanley",,"=""1982168013""","=""9781982168018""",0,Gallery Books,Hardcover,291,2021,2021,,2023/04/19,"to-read, library-audio","to-read (#1065), library-audio (#110)",to-read,,,,0,0
55077569,Checkmate in Berlin: The Cold War Showdown That Shaped the Modern World,Giles Milton,"Milton, Giles",,"=""125024756X""","=""9781250247568""",0,Henry Holt and Co.,Hardcover,400,2021,2021,,2023/04/19,"to-read, library-audio","to-read (#1064), library-audio (#109)",to-read,,,,0,0
55375726,Best Seat in the House: 18 Golden Lessons from a Father to His Son,Jack Nicklaus II,"II, Jack Nicklaus","Don Yaeger, Jack Nicklaus","=""0785248366""","=""9780785248361""",0,Thomas Nelson,Hardcover,224,2021,2021,,2023/04/19,"to-read, library-audio","to-read (#1062), library-audio (#107)",to-read,,,,0,0
31125554,"The Fourth Monkey (4MK Thriller, #1)",J.D. Barker,"Barker, J.D.",,"=""0544968840""","=""9780544968844""",0,Houghton Mifflin Harcourt,Hardcover,404,2017,2017,,2023/04/19,"to-read, library-audio","to-read (#1061), library-audio (#105)",to-read,,,,0,0
35522836,No Exit,Taylor  Adams,"Adams, Taylor",,"=""1912106760""","=""9781912106769""",0,Jofie Books,Kindle Edition,287,2017,2017,,2023/04/19,"to-read, library-audio","to-read (#1060), library-audio (#104)",to-read,,,,0,0
54994235,"Joseph Smith for President: The Prophet, the Assassins, and the Fight for American Religious Freedom",Spencer W. McBride,"McBride, Spencer W.",,"=""0190909412""","=""9780190909413""",0,Oxford University Press,Hardcover,296,2021,2021,,2023/04/19,to-read,to-read (#1059),to-read,,,,0,0
26068024,Elizabeth: The Forgotten Years,John Guy,"Guy, John",,"=""0670786020""","=""9780670786022""",0,Viking,Hardcover,512,2016,2016,,2023/04/18,"to-read, library-audio","to-read (#1058), library-audio (#103)",to-read,,,,0,0
244162,"John Quincy Adams: A Public Life, a Private Life",Paul C. Nagel,"Nagel, Paul C.",,"=""0679404449""","=""9780679404446""",0,Knopf,Hardcover,432,1997,1997,,2023/04/18,"to-read, library-audio","to-read (#1057), library-audio (#102)",to-read,,,,0,0
20697471,Food: A Love Story,Jim Gaffigan,"Gaffigan, Jim",,"=""0804140413""","=""9780804140416""",0,Crown Archetype,Hardcover,340,2014,2014,,2023/04/18,"to-read, library-audio","to-read (#1056), library-audio (#101)",to-read,,,,0,0
773858,Born Standing Up: A Comic's Life,Steve  Martin,"Martin, Steve",,"=""1416553649""","=""9781416553649""",0,Scribner,Hardcover,207,2007,2007,,2023/04/18,"to-read, library-audio","to-read (#1055), library-audio (#100)",to-read,,,,0,0
30257963,12 Rules for Life: An Antidote to Chaos,Jordan B. Peterson,"Peterson, Jordan B.",,"=""0345816021""","=""9780345816023""",4.0,Random House Canada,Hardcover,409,2018,2018,2019/05/16,2019/03/27,library-audio,library-audio (#96),read,,,,1,0
39020,1491: New Revelations of the Americas Before Columbus,Charles C. Mann,"Mann, Charles C.",,"=""1400032059""","=""9781400032051""",0,Vintage,Paperback,563,2011,2005,,2015/08/01,"to-read, library-audio","to-read (#71), library-audio (#95)",to-read,,,,0,0
3047,A Conflict of Visions: Ideological Origins of Political Struggles,Thomas Sowell,"Sowell, Thomas",,"=""0465081428""","=""9780465081424""",0,Basic Books,Paperback,304,2002,1986,,2023/04/17,"to-read, library-audio","to-read (#1054), library-audio (#93)",to-read,,,,0,0
25330592,A Full Life: Reflections at Ninety,Jimmy Carter,"Carter, Jimmy",,"=""1501115634""","=""9781501115639""",0,Simon & Schuster,Hardcover,257,2015,2015,,2023/04/17,"to-read, library-audio","to-read (#1053), library-audio (#92)",to-read,,,,0,0
23647114,"A Hobbit, a Wardrobe, and a Great War: How J.R.R. Tolkien and C.S. Lewis Rediscovered Faith, Friendship, and Heroism in the Cataclysm of 1914-18",Joseph Loconte,"Loconte, Joseph",,"=""0718021762""","=""9780718021764""",0,Thomas Nelson Inc,Hardcover,235,2015,2015,,2023/02/01,"to-read, library-audio","to-read (#917), library-audio (#91)",to-read,,,,0,0
373588,Adams vs. Jefferson: The Tumultuous Election of 1800,John Ferling,"Ferling, John",,"=""019518906X""","=""9780195189063""",0,Oxford University Press,Paperback,288,2005,2004,,2023/04/17,"to-read, library-audio","to-read (#1051), library-audio (#89)",to-read,,,,0,0
59822447,Agatha Christie: A Very Elusive Woman,Lucy Worsley,"Worsley, Lucy",,"=""""","=""""",0,Hodder & Stoughton,Kindle Edition,498,2022,2022,,2023/04/17,"to-read, library-audio","to-read (#1050), library-audio (#88)",to-read,,,,0,0
56695159,Amazon Unbound: Jeff Bezos and the Invention of a Global Empire,Brad Stone,"Stone, Brad",,"=""1982132612""","=""9781982132613""",0,Simon & Schuster,Hardcover,496,2021,2021,,2023/04/17,"to-read, library-audio","to-read (#1049), library-audio (#87)",to-read,,,,0,0
81980,America's Great Depression,Murray N. Rothbard,"Rothbard, Murray N.",Paul Johnson,"=""""","=""""",0,Ludwig Von Mises Institute,Hardcover,368,2000,1963,,2015/08/18,"to-read, library-audio","to-read (#118), library-audio (#86)",to-read,,,,0,0
24611569,Ardennes 1944: The Battle of the Bulge,Antony Beevor,"Beevor, Antony",,"=""0670025313""","=""9780670025312""",0,Viking,Hardcover,451,2015,2015,,2023/04/17,"to-read, library-audio","to-read (#1047), library-audio (#84)",to-read,,,,0,0
32191710,Astrophysics for People in a Hurry,Neil deGrasse Tyson,"Tyson, Neil deGrasse",,"=""0393609391""","=""9780393609394""",0,W. W. Norton & Company,Hardcover,223,2017,2017,,2023/04/17,"to-read, library-audio","to-read (#1046), library-audio (#83)",to-read,,,,0,0
40121378,Atomic Habits: An Easy & Proven Way to Build Good Habits & Break Bad Ones,James Clear,"Clear, James",,"=""""","=""""",0,Avery,Kindle Edition,319,2018,2018,,2022/07/07,"to-read, library-audio","to-read (#661), library-audio (#82)",to-read,,,,0,0
6867,Atonement,Ian McEwan,"McEwan, Ian",,"=""""","=""""",0,Anchor Books,Paperback,351,2003,2001,,2022/01/12,"to-read, library-audio","to-read (#619), library-audio (#81)",to-read,,,,0,0
22895690,"Big Data Baseball: Math, Miracles, and the End of a 20-Year Losing Streak",Travis Sawchik,"Sawchik, Travis",,"=""1250063507""","=""9781250063502""",0,Flatiron Books,Hardcover,233,2015,2015,,2023/04/17,"to-read, library-audio","to-read (#1044), library-audio (#77)",to-read,,,,0,0
26240780,Blood Brothers: The Fatal Friendship Between Muhammad Ali and Malcolm X,Randy W. Roberts,"Roberts, Randy W.",Johnny   Smith,"=""0465079709""","=""9780465079704""",0,Basic Books,Hardcover,392,2016,2016,,2016/01/11,"to-read, library-audio","to-read (#268), library-audio (#76)",to-read,,,,0,0
9418327,Bossypants,Tina Fey,"Fey, Tina",,"=""""","=""""",0,Reagan Arthur Books,ebook,283,2011,2011,,2023/04/17,"to-read, library-audio","to-read (#1043), library-audio (#75)",to-read,,,,0,0
8931789,Bridge of Spies: A True Story of the Cold War,Giles Whittell,"Whittell, Giles",,"=""0767931076""","=""9780767931076""",0,Broadway Books,Hardcover,304,2010,2010,,2023/04/17,"to-read, library-audio","to-read (#1042), library-audio (#74)",to-read,,,,0,0
15801796,Bullies: How the Left's Culture of Fear and Intimidation Silences Americans,Ben Shapiro,"Shapiro, Ben",,"=""1476710015""","=""9781476710013""",0,Threshold Editions,Kindle Edition,336,2013,2013,,2023/04/17,"to-read, library-audio","to-read (#1041), library-audio (#73)",to-read,,,,0,0
22826103,"Capital Dames: the Civil War and the Women of Washington, 1848-1868",Cokie Roberts,"Roberts, Cokie",,"=""0062002767""","=""9780062002761""",0,Harper,Hardcover,494,2015,2015,,2023/04/17,"to-read, library-audio","to-read (#1040), library-audio (#72)",to-read,,,,0,0
236787,My American Journey,Colin Powell,"Powell, Colin","Joseph E., Persico","=""0345466411""","=""9780345466419""",0,Random House Publishing Group,Paperback,688,2003,1995,,2023/04/17,"to-read, library-audio","to-read (#1039), library-audio (#71)",to-read,,,,0,0
36222735,Discrimination and Disparities,Thomas Sowell,"Sowell, Thomas",,"=""""","=""""",0,Basic Books,Hardcover,192,2018,2018,,2018/07/05,"to-read, library-audio","to-read (#386), library-audio (#70)",to-read,,,,0,0
25541028,"Elon Musk: Tesla, SpaceX, and the Quest for a Fantastic Future",Ashlee Vance,"Vance, Ashlee",,"=""0062301233""","=""9780062301239""",0,Ecco,Hardcover,392,2015,2015,,2018/05/03,"to-read, library-audio","to-read (#361), library-audio (#69)",to-read,,,,0,0
91767,Frida: A Biography of Frida Kahlo,Hayden Herrera,"Herrera, Hayden",,"=""0060085894""","=""9780060085896""",0,Harper Perennial,Paperback,528,2002,1983,,2023/04/17,"to-read, library-audio","to-read (#1038), library-audio (#67)",to-read,,,,0,0
22928858,"Genghis Khan: His Conquests, His Empire, His Legacy",Frank McLynn,"McLynn, Frank",,"=""0306823950""","=""9780306823954""",0,Grand Central Publishing,Hardcover,704,2015,2015,,2023/04/17,to-read,to-read (#1037),to-read,,,,0,0
23604325,Gumption: Relighting the Torch of Freedom with America's Gutsiest Troublemakers,Nick Offerman,"Offerman, Nick",,"=""0525954678""","=""9780525954675""",0,Dutton,Hardcover,400,2015,2015,,2015/07/24,"to-read, library-audio","to-read (#18), library-audio (#66)",to-read,,,,0,0
28114395,"Gunslinger: The Remarkable, Improbable, Iconic Life of Brett Favre",Jeff Pearlman,"Pearlman, Jeff",,"=""0544454375""","=""9780544454378""",0,Houghton Mifflin Harcourt,Hardcover,432,2014,2016,,2023/04/17,"to-read, library-audio","to-read (#1036), library-audio (#65)",to-read,,,,0,0
35721164,Hang Time: My Life in Basketball The NBA Legend Who Transformed the Game and Fought Racism,Elgin Baylor,"Baylor, Elgin",Alan Eisenstock,"=""0544617053""","=""9780544617056""",0,Mariner Books,Hardcover,326,2018,2018,,2023/04/17,"to-read, library-audio","to-read (#1035), library-audio (#64)",to-read,,,,0,0
48929883,How to Destroy America in Three Easy Steps,Ben Shapiro,"Shapiro, Ben",,"=""0063001896""","=""9780063001893""",0,Broadside e-books,ebook,288,2020,2020,,2023/04/17,"to-read, library-audio","to-read (#1034), library-audio (#62)",to-read,,,,0,0
9972053,If You Ask Me (And of Course You Won't),Betty White,"White, Betty",,"=""0399157530""","=""9780399157530""",0,G.P. Putnam's Sons,Hardcover,258,2011,1971,,2023/04/17,"to-read, library-audio","to-read (#1033), library-audio (#61)",to-read,,,,0,0
63249703,It's OK to Be Angry About Capitalism,Bernie Sanders,"Sanders, Bernie",John Harrison Nichols,"=""0593238710""","=""9780593238714""",0,Crown,Hardcover,320,2023,2023,,2023/04/17,"to-read, library-audio","to-read (#1032), library-audio (#60)",to-read,,,,0,0
24126456,Keep Moving: And Other Truths About Living Well Longer,Dick Van Dyke,"Dyke, Dick Van",,"=""""","=""""",0,Weinstein Books,Unknown Binding,256,2015,2015,,2023/04/17,"to-read, library-audio","to-read (#1031), library-audio (#59)",to-read,,,,0,0
30653873,Letterman: The Last Giant of Late Night,Jason Zinoman,"Zinoman, Jason",,"=""0062377213""","=""9780062377210""",0,Harper,Hardcover,368,2017,2017,,2023/04/17,"to-read, library-audio","to-read (#1030), library-audio (#58)",to-read,,,,0,0
8118362,Lion of Liberty: Patrick Henry and the Call to a New Nation,Harlow Giles Unger,"Unger, Harlow Giles",,"=""0306818868""","=""9780306818868""",0,Da Capo Press,Hardcover,322,2010,2010,,2023/04/17,"to-read, library-audio","to-read (#1029), library-audio (#57)",to-read,,,,0,0
1986565,Marxism: Philosophy and Economics,Thomas Sowell,"Sowell, Thomas",,"=""0688029639""","=""9780688029630""",0,William Morrow & Company,Hardcover,281,1985,1985,,2023/04/17,"to-read, library-audio","to-read (#1028), library-audio (#56)",to-read,,,,0,0
25266351,Men in Green (A Golf Bestseller),Michael Bamberger,"Bamberger, Michael",,"=""""","=""""",0,Simon & Schuster,Kindle Edition,274,2015,2015,,2023/04/17,"to-read, library-audio","to-read (#1027), library-audio (#55)",to-read,,,,0,0
23453112,Modern Romance,Aziz Ansari,"Ansari, Aziz",Eric Klinenberg,"=""1594206279""","=""9781594206276""",0,Penguin Press,Hardcover,279,2015,2015,,2023/04/17,"to-read, library-audio","to-read (#1026), library-audio (#54)",to-read,,,,0,0
18090048,"Molly's Game: From Hollywood's Elite to Wall Street's Billionaire Boys Club, My High-Stakes Adventure in the World of Underground Poker",Molly Bloom,"Bloom, Molly",,"=""0062213075""","=""9780062213075""",0,Dey Street Books,Hardcover,272,2014,2014,,2022/12/16,"to-read, library-audio","to-read (#851), library-audio (#53)",to-read,,,,0,0
183266,Mozart,Marcia Davenport,"Davenport, Marcia",,"=""156619833X""","=""9781566198332""",0,Barnes & Noble,Paperback,400,1995,1932,,2023/04/17,"to-read, library-audio","to-read (#1025), library-audio (#51)",to-read,,,,0,0
20170296,Neil Patrick Harris: Choose Your Own Autobiography,Neil Patrick Harris,"Harris, Neil Patrick",,"=""0385346999""","=""9780385346993""",0,Crown Archetype,Hardcover,291,2014,2014,,2015/11/13,"to-read, library-audio","to-read (#142), library-audio (#49)",to-read,,,,0,0
63076601,Never Give an Inch: Fighting for the America I Love,Mike Pompeo,"Pompeo, Mike",,"=""0063247461""","=""9780063247468""",0,Broadside Books,Kindle Edition,455,2023,2022,,2023/04/17,"to-read, library-audio","to-read (#1024), library-audio (#48)",to-read,,,,0,0
60176105,One Damn Thing After Another: Memoirs of an Attorney General,William P. Barr,"Barr, William P.",,"=""0063158620""","=""9780063158627""",0,William Morrow,Kindle Edition,591,2022,2022,,2023/04/17,"to-read, library-audio","to-read (#1023), library-audio (#47)",to-read,,,,0,0
6480781,Open,Andre Agassi,"Agassi, Andre",J.R. Moehringer,"=""0307268195""","=""9780307268198""",0,Knopf,Hardcover,388,2009,2009,,2023/04/17,"to-read, library-audio","to-read (#1022), library-audio (#46)",to-read,,,,0,0
22749746,Pedro,Pedro Martinez,"Martinez, Pedro",Michael Silverman,"=""0544279336""","=""9780544279339""",0,Houghton Mifflin Harcourt,Hardcover,317,2015,2015,,2023/04/17,"to-read, library-audio","to-read (#1021), library-audio (#45)",to-read,,,,0,0
1713426,Predictably Irrational: The Hidden Forces That Shape Our Decisions,Dan Ariely,"Ariely, Dan",,"=""""","=""""",0,HarperCollins Canada ,Hardcover,247,2008,2008,,2015/08/21,"to-read, library-audio","to-read (#128), library-audio (#44)",to-read,,,,0,0
60032304,Putin: His Life and Times,Philip Short,"Short, Philip",,"=""1847923372""","=""9781847923370""",0,Bodley Head,Hardcover,848,2022,2022,,2023/04/17,"to-read, library-audio","to-read (#1020), library-audio (#43)",to-read,,,,0,0
23164920,Reagan: The Life,H.W. Brands,"Brands, H.W.",,"=""0385536399""","=""9780385536394""",0,Doubleday,Hardcover,816,2015,2015,,2015/07/27,"to-read, library-audio","to-read (#66), library-audio (#42)",to-read,,,,0,0
22747928,Rejection Proof: How I Beat Fear and Became Invincible Through 100 Days of Rejection,Jia Jiang,"Jiang, Jia",,"=""080414138X""","=""9780804141383""",0,Harmony,Hardcover,256,2015,2015,,2016/02/11,"to-read, library-audio","to-read (#311), library-audio (#41)",to-read,,,,0,0
37811060,Resist: 35 Profiles of Ordinary People Who Rose Up Against Tyranny and Injustice,Veronica Chambers,"Chambers, Veronica","Cory Booker, Paul Ryding","=""0062796259""","=""9780062796257""",0,HarperCollins,Hardcover,224,2018,2018,,2018/06/02,"to-read, library-audio","to-read (#378), library-audio (#40)",to-read,,,,0,0
62801878,So Help Me God,Mike Pence,"Pence, Mike",,"=""""","=""""",0,Simon & Schuster,Kindle Edition,553,2022,2022,,2023/04/17,"to-read, library-audio","to-read (#1019), library-audio (#37)",to-read,,,,0,0
62296528,Spare,Prince Harry,"Harry, Prince",J.R. Moehringer,"=""0593593804""","=""9780593593806""",0,Random House,Hardcover,410,2023,2023,,2023/04/17,"to-read, library-audio","to-read (#1018), library-audio (#36)",to-read,,,,0,0
9742,The Audacity of Hope: Thoughts on Reclaiming the American Dream,Barack Obama,"Obama, Barack",,"=""0307237699""","=""9780307237699""",0,Crown Publishers,Hardcover,375,2006,2006,,2015/11/22,"to-read, library-audio","to-read (#169), library-audio (#33)",to-read,,,,0,0
57935190,The Authoritarian Moment: How the Left Weaponized America's Institutions Against Dissent,Ben Shapiro,"Shapiro, Ben",,"=""""","=""""",0,Broadside e-books,Kindle Edition,288,2021,2021,,2023/04/17,"to-read, library-audio","to-read (#1017), library-audio (#32)",to-read,,,,0,0
21975925,"The Bassoon King: My Life in Art, Faith, and Idiocy",Rainn Wilson,"Wilson, Rainn",,"=""0525954538""","=""9780525954538""",0,Dutton,Hardcover,301,2015,2015,,2023/04/17,"to-read, library-audio","to-read (#1016), library-audio (#30)",to-read,,,,0,0
61153762,The Climate Book: The Facts and the Solutions,Greta Thunberg,"Thunberg, Greta",,"=""0593492307""","=""9780593492307""",0,Penguin Press,Hardcover,464,2023,2022,,2023/04/17,"to-read, library-audio","to-read (#1015), library-audio (#28)",to-read,,,,0,0
25814342,The Fever of 1721: The Epidemic That Revolutionized Medicine and American Politics,Stephen Coss,"Coss, Stephen",,"=""147678308X""","=""9781476783086""",0,Simon & Schuster,Hardcover,368,2016,2016,,2023/04/17,"to-read, library-audio","to-read (#1014), library-audio (#27)",to-read,,,,0,0
23244956,The Great War of Our Time: The CIA's Fight Against Terrorism--From al Qa'ida to ISIS,Michael Morell,"Morell, Michael",Bill Harlow,"=""1455585661""","=""9781455585663""",0,Twelve,Hardcover,384,2015,,,2023/04/17,"to-read, library-audio","to-read (#1012), library-audio (#25)",to-read,,,,0,0
6388022,The Housing Boom and Bust,Thomas Sowell,"Sowell, Thomas",,"=""0465018807""","=""9780465018802""",0,Basic Books,Hardcover,184,2009,2009,,2023/04/17,"to-read, library-audio","to-read (#1011), library-audio (#24)",to-read,,,,0,0
106835,The Intelligent Investor,Benjamin Graham,"Graham, Benjamin","Jason Zweig, Warren Buffett","=""0060555661""","=""9780060555665""",5.0,Harper Business,Paperback,623,2006,1949,2015/01/01,2015/07/24,library-audio,library-audio (#22),read,,,,1,0
53125517,The Last American Hero: The Remarkable Life of John Glenn,Alice L. George,"George, Alice L.",,"=""1641602139""","=""9781641602136""",0,Chicago Review Press,Hardcover,336,2020,,,2023/04/17,"to-read, library-audio","to-read (#1010), library-audio (#20)",to-read,,,,0,0
57240632,The Last King of America: The Misunderstood Reign of George III,Andrew Roberts,"Roberts, Andrew",,"=""198487926X""","=""9781984879264""",0,Viking,Hardcover,784,2021,2021,,2023/04/17,"to-read, library-audio","to-read (#1009), library-audio (#19)",to-read,,,,0,0
20821049,The Moral Case for Fossil Fuels,Alex      Epstein,"Epstein, Alex",,"=""1591847443""","=""9781591847441""",0,Portfolio,Hardcover,248,2014,2014,,2023/04/17,"to-read, library-audio","to-read (#1008), library-audio (#18)",to-read,,,,0,0
57093755,The Office BFFs: Tales of The Office from Two Best Friends Who Were There,Jenna Fischer,"Fischer, Jenna",Angela  Kinsey,"=""0063007606""","=""9780063007604""",0,Dey Street Books,ebook,321,2022,2022,,2023/04/17,"to-read, library-audio","to-read (#1007), library-audio (#17)",to-read,,,,0,0
23492799,The Oregon Trail: A New American Journey,Rinker Buck,"Buck, Rinker",,"=""1451659164""","=""9781451659160""",0,Simon & Schuster,Hardcover,451,2015,2015,,2023/04/17,"to-read, library-audio","to-read (#1006), library-audio (#16)",to-read,,,,0,0
26025989,The Princess Diarist,Carrie Fisher,"Fisher, Carrie",,"=""0399173595""","=""9780399173592""",0,Blue Rider Press,Hardcover,257,2016,2016,,2023/04/17,"to-read, library-audio","to-read (#1005), library-audio (#15)",to-read,,,,0,0
86312,The Quest for Cosmic Justice,Thomas Sowell,"Sowell, Thomas",,"=""0684864630""","=""9780684864631""",0,Free Press,Paperback,224,2002,1999,,2023/04/17,"to-read, library-audio","to-read (#1003), library-audio (#13)",to-read,,,,0,0
57693395,Things Are Never So Bad That They Can't Get Worse: Inside the Collapse of Venezuela,William Neuman,"Neuman, William",,"=""1250266165""","=""9781250266163""",0,St. Martin's Press,Hardcover,352,2022,2022,,2023/04/17,"to-read, library-audio","to-read (#1002), library-audio (#11)",to-read,,,,0,0
24611888,Thomas Jefferson and the Tripoli Pirates: The Forgotten War that Changed American History,Brian Kilmeade,"Kilmeade, Brian",Don Yaeger,"=""1591848067""","=""9781591848066""",0,Sentinel,Hardcover,238,2015,2015,,2023/04/17,"to-read, library-audio","to-read (#1001), library-audio (#10)",to-read,,,,0,0
51333444,United States of Socialism: Who's Behind It. Why It's Evil. How to Stop It.,Dinesh D'Souza,"D'Souza, Dinesh",,"=""1250758300""","=""9781250758309""",0,All Points Books,Kindle Edition,292,2020,2020,,2023/04/17,"to-read, library-audio","to-read (#1000), library-audio (#9)",to-read,,,,0,0
23281608,Walking with Jesus: A Way Forward for the Church,Pope Francis,"Francis, Pope",,"=""0829442480""","=""9780829442489""",0,Loyola Press,Hardcover,160,2015,2015,,2023/04/17,"to-read, library-audio","to-read (#999), library-audio (#8)",to-read,,,,0,0
25817547,Warren Buffett's Ground Rules: Words of Wisdom from the Partnership Letters of the World's Greatest Investor – The Value Investing Framework for Discipline and Success,Jeremy C. Miller,"Miller, Jeremy C.",,"=""0062415565""","=""9780062415561""",0,Harper Business,Hardcover,352,2016,2016,,2023/04/17,"to-read, library-audio","to-read (#998), library-audio (#7)",to-read,,,,0,0
34114362,What Happened,Hillary Rodham Clinton,"Clinton, Hillary Rodham",,"=""""","=""""",0,Simon & Schuster,Kindle Edition,512,2017,2017,,2023/04/17,"to-read, library-audio","to-read (#997), library-audio (#5)",to-read,,,,0,0
12262741,Wild: From Lost to Found on the Pacific Crest Trail,Cheryl Strayed,"Strayed, Cheryl",,"=""0307592731""","=""9780307592736""",0,Knopf,Hardcover,336,2012,2012,,2015/08/25,"to-read, library-audio","to-read (#134), library-audio (#3)",to-read,,,,0,0
20910157,Yes Please,Amy Poehler,"Poehler, Amy",,"=""0062268341""","=""9780062268341""",0,Dey St.,Hardcover,329,2014,2014,,2023/04/17,"to-read, library-audio","to-read (#996), library-audio (#2)",to-read,,,,0,0
37684121,Young Benjamin Franklin: The Birth of Ingenuity,Nick Bunker,"Bunker, Nick",,"=""1101874414""","=""9781101874417""",0,Knopf,Hardcover,464,2018,2018,,2018/08/05,"to-read, library-audio","to-read (#412), library-audio (#1)",to-read,,,,0,0
130549,Islam: Faith and History,Mahmoud M. Ayoub,"Ayoub, Mahmoud M.",,"=""185168350X""","=""9781851683505""",0,Oneworld Publications,Paperback,256,2005,1989,,2023/04/16,to-read,to-read (#995),to-read,,,,0,0
61918856,Assyria: The Rise and Fall of the World’s First Empire,Eckart Frahm,"Frahm, Eckart",,"=""1541674405""","=""9781541674400""",0,Basic Books,Hardcover,528,2023,2023,,2023/04/15,to-read,to-read (#994),to-read,,,,0,0
25663593,Jacobites: A New History of the '45 Rebellion,Jacqueline Riding,"Riding, Jacqueline",,"=""1608198014""","=""9781608198016""",0,Bloomsbury Press,Hardcover,588,2016,2016,,2023/04/12,to-read,to-read (#993),to-read,,,,0,0
4107162,1715: The Great Jacobite Rebellion,Daniel Szechi,"Szechi, Daniel",,"=""0300111002""","=""9780300111002""",0,Yale University Press,Hardcover,351,2006,2006,,2023/04/12,to-read,to-read (#992),to-read,,,,0,0
60816351,"Flora MacDonald: ""Pretty Young Rebel"": Her Life and Story",Flora Fraser,"Fraser, Flora",,"=""0451494385""","=""9780451494382""",0, Knopf ,Hardcover,272,2023,2023,,2023/04/12,to-read,to-read (#991),to-read,,,,0,0
30517571,The Great Departure: Mass Migration from Eastern Europe and the Making of the Free World,Tara Zahra,"Zahra, Tara",,"=""0393353729""","=""9780393353723""",0,W. W. Norton & Company,Paperback,416,2017,2016,,2023/04/10,to-read,to-read (#990),to-read,,,,0,0
29036,The Great Influenza: The Story of the Deadliest Pandemic in History,John M. Barry,"Barry, John M.",,"=""0143036491""","=""9780143036494""",0,Penguin Books,Paperback,546,2005,2004,,2023/04/09,to-read,to-read (#989),to-read,,,,0,0
62050251,In the Garden of the Righteous: The Heroes Who Risked Their Lives to Save Jews During the Holocaust,Richard Hurowitz,"Hurowitz, Richard",,"=""0063037238""","=""9780063037236""",0,Harper,Hardcover,480,2023,2023,,2023/04/08,to-read,to-read (#988),to-read,,,,0,0
61918736,Got Your Number: The Greatest Sports Legends and the Numbers They Own,Mike Greenberg,"Greenberg, Mike",,"=""1368073565""","=""9781368073561""",0,Hyperion Avenue,Hardcover,320,2023,2023,,2023/04/06,to-read,to-read (#987),to-read,,,,0,0
78903,Once More* *with footnotes,Terry Pratchett,"Pratchett, Terry","Omar Rayyan, Esther M. Friesner, Priscilla Olson, Sheila Perry","=""1886778574""","=""9781886778573""",0,NESFA Press,Hardcover,288,2004,2004,,2023/04/05,to-read,to-read (#986),to-read,,,,0,0
18950705,I Heard My Country Calling: A Memoir,James Webb,"Webb, James",,"=""1476741123""","=""9781476741123""",0,Simon & Schuster,Hardcover,400,2014,2014,,2023/04/02,to-read,to-read (#984),to-read,,,,0,0
22007249,"Waterloo: The True Story of Four Days, Three Armies and Three Battles",Bernard Cornwell,"Cornwell, Bernard",,"=""000753938X""","=""9780007539383""",0,William Collins,Hardcover,352,2014,2014,,2023/04/01,"to-read, library-audio","to-read (#983), library-audio (#6)",to-read,,,,0,0
98994,Joan of Arc: Her Story,Régine Pernoud,"Pernoud, Régine","Marie-Véronique Clin, Jeremy duQuesnay Adams","=""0312227302""","=""9780312227302""",0,St. Martin's Griffin,Paperback,336,1999,1946,,2023/04/01,to-read,to-read (#982),to-read,,,,0,0
20821029,The Wars of the Roses: The Fall of the Plantagenets and the Rise of the Tudors,Dan Jones,"Jones, Dan",,"=""0670026670""","=""9780670026678""",0,Viking,Hardcover,392,2014,2014,,2023/04/01,to-read,to-read (#981),to-read,,,,0,0
826706,Joan of Arc,Mark Twain,"Twain, Mark",,"=""0898702682""","=""9780898702682""",0,Ignatius Press,Paperback,452,1989,1896,,2023/04/01,to-read,to-read (#980),to-read,,,,0,0
16884,The Making of the Atomic Bomb,Richard Rhodes,"Rhodes, Richard",,"=""0684813785""","=""9780684813783""",0,Simon & Schuster,Paperback,886,1995,1986,,2023/04/01,to-read,to-read (#979),to-read,,,,0,0
43885149,Dominion: How the Christian Revolution Remade the World,Tom Holland,"Holland, Tom",,"=""0465093507""","=""9780465093502""",0,Basic Books,Hardcover,624,2019,2019,,2023/03/30,to-read,to-read (#977),to-read,,,,0,0
24309343,"A Narco History: How the United States and Mexico Jointly Created the ""Mexican Drug War""",Carmen Boullosa,"Boullosa, Carmen",Mike  Wallace,"=""""","=""""",0,OR Books,Paperback,258,2015,2015,,2023/03/30,to-read,to-read (#975),to-read,,,,0,0
24796758,"A Brief History of Indonesia: Sultans, Spices, and Tsunamis: The Incredible Story of Southeast Asia's Largest Nation (Brief History of Asia Series)",Tim Hannigan,"Hannigan, Tim",,"=""0804844763""","=""9780804844765""",0,Tuttle Publishing,Paperback,288,2015,2015,,2023/03/30,to-read,to-read (#974),to-read,,,,0,0
32375,The Journey of Crazy Horse: A Lakota History,Joseph M. Marshall III,"III, Joseph M. Marshall",,"=""0143036211""","=""9780143036210""",0,Penguin Books Limited,Paperback,310,2005,2004,,2023/03/30,to-read,to-read (#973),to-read,,,,0,0
4100352,The Arabs: A History,Eugene Rogan,"Rogan, Eugene",,"=""0465071007""","=""9780465071005""",0,Basic Books,Hardcover,513,2009,2009,,2023/03/30,to-read,to-read (#972),to-read,,,,0,0
28450861,TV (the Book): Two Experts Pick the Greatest American Shows of All Time,Alan Sepinwall,"Sepinwall, Alan",Matt Zoller Seitz,"=""1455588199""","=""9781455588190""",0,Grand Central Publishing,Paperback,432,2016,2016,,2023/03/30,to-read,to-read (#971),to-read,,,,0,0
48932357,"Three-Ring Circus: Kobe, Shaq, Phil, and the Crazy Years of the Lakers Dynasty",Jeff Pearlman,"Pearlman, Jeff",,"=""1328530000""","=""9781328530004""",3.0,Mariner Books,Hardcover,426,2020,2020,2023/03/30,2023/03/17,,,read,,,,1,0
84593,Cicero: The Life and Times of Rome's Greatest Politician,Anthony Everitt,"Everitt, Anthony",,"=""037575895X""","=""9780375758959""",0,Random House,Paperback,364,2003,2001,,2023/03/29,to-read,to-read (#970),to-read,,,,0,0
60320700,The Beloved Vision: A History of Nineteenth Century Music,Stephen Walsh,"Walsh, Stephen",,"=""1639362363""","=""9781639362363""",0,Pegasus Books,Hardcover,422,2022,,,2023/03/28,to-read,to-read (#968),to-read,,,,0,0
109487,Blood and Thunder: An Epic of the American West,Hampton Sides,"Sides, Hampton",,"=""0385507771""","=""9780385507776""",0,Doubleday,Hardcover,460,2006,2006,,2023/03/27,to-read,to-read (#967),to-read,,,,0,0
11098858,Hide and Seek: The Irish Priest in the Vatican Who Defied the Nazi Command; A Dramatic True Story of Rivalry and Survival During WWII,Stephen Walker,"Walker, Stephen",,"=""0007320272""","=""9780007320271""",0,Collins,Hardcover,306,2011,2011,,2023/03/27,to-read,to-read (#966),to-read,,,,0,0
694024,The Mughal Throne,Abraham Eraly,"Eraly, Abraham",,"=""0753817586""","=""9780753817582""",0,Phoenix,Paperback,608,2004,2007,,2023/03/27,to-read,to-read (#965),to-read,,,,0,0
13260184,The 4 Disciplines of Execution: Achieving Your Wildly Important Goals,Chris McChesney,"McChesney, Chris","Sean Covey, Jim Huling","=""145162705X""","=""9781451627053""",0,Free Press,Hardcover,296,2012,,,2023/03/24,to-read,to-read (#964),to-read,,,,0,0
1130098,The Black Death,Philip Ziegler,"Ziegler, Philip",,"=""0750932023""","=""9780750932028""",0,Sutton,Paperback,256,2003,1969,,2023/03/22,to-read,to-read (#961),to-read,,,,0,0
38256288,We Have No Idea: A Guide to the Unknown Universe,Jorge Cham,"Cham, Jorge",Daniel Whiteson,"=""0735211523""","=""9780735211520""",3.0,Penguin Publishing Group,Paperback,368,2018,2017,2023/03/17,2018/05/20,,,read,,,,1,0
30971767,Cattle Kingdom: The Hidden History of the Cowboy West,Christopher  Knowlton,"Knowlton, Christopher",,"=""0544369963""","=""9780544369962""",0,Houghton Mifflin Harcourt,Hardcover,426,2017,2017,,2023/03/16,to-read,to-read (#960),to-read,,,,0,0
56769531,"The Cause: The American Revolution and its Discontents, 1773-1783",Joseph J. Ellis,"Ellis, Joseph J.",,"=""1631498983""","=""9781631498985""",0,Liveright,Hardcover,400,2021,2021,,2023/03/16,to-read,to-read (#959),to-read,,,,0,0
426253,We Borrow the Earth : An Intimate Portrait of the Gypsy Shamanic Tradition and Culture,Patrick Jasper Lee,"Lee, Patrick Jasper",,"=""0722539940""","=""9780722539941""",0,Thorsons Pub,Paperback,224,2000,2000,,2023/03/16,to-read,to-read (#957),to-read,,,,0,0
60107409,Why I Stand,Jonathan Isaac,"Isaac, Jonathan",,"=""1956007067""","=""9781956007060""",0,DW Books,Hardcover,208,2022,2022,,2023/03/09,to-read,to-read (#956),to-read,,,,0,0
58782897,The End of the World Is Just the Beginning: Mapping the Collapse of Globalization,Peter Zeihan,"Zeihan, Peter",,"=""006323047X""","=""9780063230477""",0,Harper Business,Hardcover,512,2022,2022,,2023/03/06,to-read,to-read (#955),to-read,,,,0,0
885048,The God of the Machine (Library of Conservative Thought),Isabel Paterson,"Paterson, Isabel",Stephen Cox,"=""1560006668""","=""9781560006664""",0,Routledge,Paperback,366,1993,1943,,2023/03/01,to-read,to-read (#954),to-read,,,,0,0
22816087,Seveneves,Neal Stephenson,"Stephenson, Neal",,"=""""","=""""",0,William Morrow,Kindle Edition,872,2015,2015,,2023/03/01,to-read,to-read (#952),to-read,,,,0,0
221597,Salammbo,Gustave Flaubert,"Flaubert, Gustave","Mahlon Blaine, A.J. Krailsheimer, Ray Redman","=""0140443282""","=""9780140443288""",0,Penguin Classics,Paperback,288,1977,1862,,2023/03/01,to-read,to-read (#951),to-read,,,,0,0
115476,Nostromo,Joseph Conrad,"Conrad, Joseph",,"=""0486424529""","=""9780486424521""",0,Dover Thrift Editions,Paperback,336,2002,1904,,2023/03/01,to-read,to-read (#950),to-read,,,,0,0
353061,The North Pole: A Narrative History (National Geographic Adventure Classics),Anthony Brandt,"Brandt, Anthony",,"=""0792274113""","=""9780792274117""",0,National Geographic,Paperback,400,2005,2005,,2023/03/01,to-read,to-read (#947),to-read,,,,0,0
416710,Big Trouble: A Murder in a Small Western Town Sets off a Struggle for the Soul of America,J. Anthony Lukas,"Lukas, J. Anthony",,"=""0684846179""","=""9780684846170""",0,Pocket Books,Paperback,880,1998,1997,,2023/02/28,to-read,to-read (#946),to-read,,,,0,0
28220703,France: A Modern History from the Revolution to the Present Day,Jonathan Fenby,"Fenby, Jonathan",,"=""1250096839""","=""9781250096838""",0,St. Martin's Press,Hardcover,536,2016,2015,,2023/02/28,to-read,to-read (#945),to-read,,,,0,0
1229567,A History of Twentieth-Century Russia,Robert Service,"Service, Robert",,"=""0674403479""","=""9780674403475""",0,Harvard University Press,Hardcover,688,1998,1997,,2023/02/28,to-read,to-read (#944),to-read,,,,0,0
468080,Empire Express: Building the First Transcontinental Railroad,David Haward Bain,"Bain, David Haward",,"=""0140084991""","=""9780140084993""",0,Penguin,Paperback,848,2000,1999,,2023/02/28,to-read,to-read (#943),to-read,,,,0,0
2533130,Standing in the Sun: A Biography of J.M.W.Turner,Anthony Bailey,"Bailey, Anthony",,"=""1856193896""","=""9781856193894""",0,Sinclair-Stevenson Ltd,Hardcover,320,1998,1997,,2023/02/26,to-read,to-read (#942),to-read,,,,0,0
51122449,Henry Knox's Noble Train: The Story of a Boston Bookseller's Heroic Expedition That Saved the American Revolution,William Elliott  Hazelgrove,"Hazelgrove, William Elliott",,"=""163388614X""","=""9781633886148""",0,Prometheus Books,Hardcover,258,2020,2020,,2023/02/26,to-read,to-read (#941),to-read,,,,0,0
2121440,Henry Knox: Visionary General of the American Revolution,Mark Puls,"Puls, Mark",,"=""1403984271""","=""9781403984272""",0,St. Martin's Press,Hardcover,288,2008,2008,,2023/02/26,to-read,to-read (#940),to-read,,,,0,0
54503541,One Line Drive: A Life-Threatening Injury and a Faith-Fueled Comeback,Daniel Ponce de Leon,"Leon, Daniel Ponce de",Tom Zenner,"=""1546034552""","=""9781546034551""",0,FaithWords,Hardcover,224,2021,2021,,2023/02/26,to-read,to-read (#939),to-read,,,,0,0
40230101,The Mamba Mentality: How I Play,Kobe Bryant,"Bryant, Kobe","Pau Gasol, Phil Jackson, Andrew D. Bernstein","=""0374201234""","=""9780374201234""",0,MCD,Hardcover,208,2018,,,2023/02/26,to-read,to-read (#938),to-read,,,,0,0
56984802,The Greek Revolution: 1821 and the Making of Modern Europe,Mark Mazower,"Mazower, Mark",,"=""0241004101""","=""9780241004104""",0,Allen Lane,Hardcover,624,2021,2021,,2023/02/24,to-read,to-read (#937),to-read,,,,0,0
56269907,Blood and Iron: The Rise and Fall of the German Empire 1871–1918,Katja Hoyer,"Hoyer, Katja",,"=""0750996226""","=""9780750996228""",0,The History Press,Hardcover,256,2021,2021,,2023/02/24,to-read,to-read (#936),to-read,,,,0,0
539185,"American Massacre: The Tragedy at Mountain Meadows, September 1857 (Vintage)",Sally Denton,"Denton, Sally",,"=""0375726365""","=""9780375726361""",0,Knopf Doubleday Publishing Group,Paperback,352,2004,2003,,2023/02/21,to-read,to-read (#935),to-read,,,,0,0
27213329,Grit: The Power of Passion and Perseverance,Angela Duckworth,"Duckworth, Angela",,"=""1443442313""","=""9781443442312""",0,Collins,Hardcover,277,2016,2016,,2023/02/20,to-read,to-read (#934),to-read,,,,0,0
103216,"Undaunted Courage: Meriwether Lewis, Thomas Jefferson, and the Opening of the American West",Stephen E. Ambrose,"Ambrose, Stephen E.",Photos,"=""0684826976""","=""9780684826974""",0,Simon & Schuster,Paperback,521,2003,1996,,2023/02/20,to-read,to-read (#933),to-read,,,,0,0
568864,The Conservative Mind: From Burke to Eliot,Russell Kirk,"Kirk, Russell",,"=""0895261715""","=""9780895261717""",0,Gateway Editions,Paperback,534,2001,1953,,2023/02/16,to-read,to-read (#932),to-read,,,,0,0
36701550,Underground: A Human History of the Worlds Beneath Our Feet,Will Hunt,"Hunt, Will",,"=""""","=""""",0,Spiegel & Grau,Hardcover,288,2019,2019,,2023/02/14,to-read,to-read (#930),to-read,,,,0,0
7996,"Redwall (Redwall, #1)",Brian Jacques,"Jacques, Brian",,"=""1862301387""","=""9781862301382""",0,Red Fox,Paperback,352,2006,1986,,2023/02/13,"to-read, fictional-series","to-read (#928), fictional-series (#25)",to-read,,,,0,0
17555069,All The Songs: The Story Behind Every Beatles Release,Jean-Michel Guesdon,"Guesdon, Jean-Michel","Jean-Michel Guesdon, Patti Smith","=""1579129528""","=""9781579129521""",0,Black Dog & Leventhal,Hardcover,672,2013,2013,,2023/02/13,to-read,to-read (#929),to-read,,,,0,0
7333,The Philosophy of Tolkien: The Worldview Behind The Lord of the Rings,Peter Kreeft,"Kreeft, Peter",,"=""1586170252""","=""9781586170257""",0,Ignatius Press,Paperback,237,2005,2005,,2023/02/10,to-read,to-read (#927),to-read,,,,0,0
63697,The Man Who Mistook His Wife for a Hat and Other Clinical Tales,Oliver Sacks,"Sacks, Oliver",,"=""""","=""""",0,Touchstone,Paperback,243,1998,1985,,2023/02/07,to-read,to-read (#926),to-read,,,,0,0
39340850,The Third Revolution: Xi Jinping and the New Chinese State,Elizabeth C. Economy,"Economy, Elizabeth C.",,"=""0190866098""","=""9780190866099""",0,Oxford University Press,Kindle Edition,359,2018,2018,,2023/02/06,to-read,to-read (#925),to-read,,,,0,0
10121429,Campy: The Two Lives of Roy Campanella,Neil Lanctot,"Lanctot, Neil",,"=""1416547045""","=""9781416547044""",0,Simon & Schuster,Hardcover,528,2011,2011,,2023/02/04,to-read,to-read (#924),to-read,,,,0,0
20571589,Big Dan Brouthers: Baseball's First Great Slugger,Roy Kerr,"Kerr, Roy",,"=""""","=""""",0,McFarland,Kindle Edition,216,2013,2013,,2023/02/04,to-read,to-read (#923),to-read,,,,0,0
60691844,"Beauty at Short: Dave Bancroft, the Most Unlikely Hall of Famer and His Wild Times in Baseball's First Century",Tom Alesia,"Alesia, Tom",,"=""0578374528""","=""9780578374529""",0,Grissom Press,Kindle Edition,160,2022,,,2023/02/04,to-read,to-read (#922),to-read,,,,0,0
49089453,"False Alarm: How Climate Change Panic Costs Us Trillions, Hurts the Poor, and Fails to Fix the Planet",Bjørn Lomborg,"Lomborg, Bjørn",,"=""1541647467""","=""9781541647466""",0,Basic Books,Hardcover,320,2020,2020,,2023/02/03,to-read,to-read (#921),to-read,,,,0,0
30689343,The Silk Roads: A New History of the World,Peter Frankopan,"Frankopan, Peter",,"=""1101912375""","=""9781101912379""",0,Vintage,Paperback,647,2017,2015,,2023/02/03,to-read,to-read (#920),to-read,,,,0,0
242472,The Black Swan: The Impact of the Highly Improbable,Nassim Nicholas Taleb,"Taleb, Nassim Nicholas",,"=""1400063515""","=""9781400063512""",0,Random House ,Hardcover,480,2007,2007,,2023/02/01,to-read,to-read (#918),to-read,,,,0,0
132038,Down the Highway: The Life of Bob Dylan,Howard Sounes,"Sounes, Howard",,"=""0802138918""","=""9780802138910""",0,Grove Press,Paperback,544,2002,2001,,2023/01/31,to-read,to-read (#915),to-read,,,,0,0
36556202,The Coddling of the American Mind: How Good Intentions and Bad Ideas Are Setting up a Generation for Failure,Jonathan Haidt,"Haidt, Jonathan",Greg Lukianoff,"=""0735224900""","=""9780735224902""",0,Penguin Press,Kindle Edition,352,2018,2018,,2023/01/31,to-read,to-read (#913),to-read,,,,0,0
57341456,Led Zeppelin: The Biography,Bob Spitz,"Spitz, Bob",,"=""0399562427""","=""9780399562426""",0,Penguin Press,Hardcover,688,2021,2021,,2023/01/31,to-read,to-read (#912),to-read,,,,0,0
126666,Beethoven: The Universal Composer,Edmund  Morris,"Morris, Edmund",,"=""0060759747""","=""9780060759742""",0,Harper Collins,Hardcover,256,2005,2005,,2023/01/31,to-read,to-read (#911),to-read,,,,0,0
935736,The Four Disciplines Of Execution,Stephen R. Covey,"Covey, Stephen R.",Jennifer Colosimo,"=""1929494777""","=""9781929494774""",0,Franklin Covey Co,Audio CD,4,2004,2004,,2023/01/30,to-read,to-read (#910),to-read,,,,0,0
298322,Brigham Young: American Moses,Leonard J. Arrington,"Arrington, Leonard J.",,"=""0252012968""","=""9780252012969""",0,University of Illinois Press,Paperback,560,1986,1985,,2023/01/29,to-read,to-read (#909),to-read,,,,0,0
177106,Alfred Nobel: A Biography,Kenne Fant,"Fant, Kenne",Marianne Ruuth,"=""1559703288""","=""9781559703284""",0,Arcade Publishing,Paperback,352,2006,1993,,2023/01/29,to-read,to-read (#908),to-read,,,,0,0
28933769,Ghost Empire,Richard Fidler,"Fidler, Richard",,"=""073333525X""","=""9780733335259""",0,ABC Books/Harper Collins,Hardcover,492,2016,2016,,2023/01/24,to-read,to-read (#906),to-read,,,,0,0
57008295,The Wordhord: Daily Life in Old English,Hana Videen,"Videen, Hana",,"=""1788166108""","=""9781788166102""",0,Profile Books,Hardcover,284,2021,2021,,2023/01/24,to-read,to-read (#905),to-read,,,,0,0
31176840,War of 1812: A History From Beginning to End,Henry Freeman,"Freeman, Henry",,"=""""","=""""",0,Hourly History,Kindle Edition,121,2016,,,2023/01/24,to-read,to-read (#904),to-read,,,,0,0
11231229,American Emperor: Aaron Burr's Challenge to Jefferson's America,David O. Stewart,"Stewart, David O.",,"=""1439157189""","=""9781439157183""",0,Simon & Schuster,Hardcover,411,2011,2011,,2023/01/24,to-read,to-read (#903),to-read,,,,0,0
34366907,The Burr Conspiracy: Uncovering the Story of an Early American Crisis,James E. Lewis Jr.,"Jr., James E. Lewis",,"=""0691177163""","=""9780691177168""",0, Princeton University Press,Hardcover,648,2017,2017,,2023/01/24,to-read,to-read (#902),to-read,,,,0,0
30841984,"Kings of the Wyld (The Band, #1)",Nicholas Eames,"Eames, Nicholas",,"=""0316362476""","=""9780316362474""",0,Orbit,Paperback,502,2017,2017,,2023/01/24,to-read,to-read (#901),to-read,,,,0,0
1824548,"The Early American Republic, 1789-1829",Paul E. Johnson,"Johnson, Paul E.",,"=""0195154231""","=""9780195154238""",0,Oxford University Press,Paperback,208,2006,2005,,2023/01/22,to-read,to-read (#900),to-read,,,,0,0
217248,The Kingdom of Matthias: A Story of Sex and Salvation in 19th-Century America,Paul E. Johnson,"Johnson, Paul E.",Sean Wilentz,"=""0195098358""","=""9780195098358""",0,"Oxford University Press, USA",Paperback,240,1995,1994,,2023/01/22,to-read,to-read (#899),to-read,,,,0,0
89468,"A Shopkeeper's Millennium: Society and Revivals in Rochester, New York, 1815-1837",Paul E. Johnson,"Johnson, Paul E.",,"=""0809016354""","=""9780809016358""",0,Hill and Wang,Paperback,240,2004,1978,,2023/01/22,to-read,to-read (#898),to-read,,,,0,0
1201720,The Second Great Awakening and the Transcendentalists (Greenwood Guides to Historic Events 1500-1900),Barry Hankins,"Hankins, Barry",,"=""0313318484""","=""9780313318481""",0,Greenwood,Hardcover,232,2004,2004,,2023/01/22,to-read,to-read (#897),to-read,,,,0,0
37976035,The Great Awakening: A History of the Revival of Religion in the Time of Edwards and Whitefield,Joseph Tracy,"Tracy, Joseph",,"=""""","=""""",0,Cleruch Publishing,Kindle Edition,359,2018,2015,,2023/01/22,to-read,to-read (#896),to-read,,,,0,0
91017,Rubicon: The Last Years of the Roman Republic,Tom Holland,"Holland, Tom",,"=""1400078970""","=""9781400078974""",0,Anchor Books,Paperback,408,2005,2003,,2023/01/20,to-read,to-read (#895),to-read,,,,0,0
92121,"Nine Princes in Amber (The Chronicles of Amber, #1)",Roger Zelazny,"Zelazny, Roger",,"=""0380014300""","=""9780380014309""",0,Avon,Mass Market Paperback,175,1986,1970,,2023/01/20,to-read,to-read (#894),to-read,,,,0,0
356069,J. Edgar Hoover: The Man and the Secrets,Curt Gentry,"Gentry, Curt",,"=""0393321282""","=""9780393321289""",0,W. W. Norton & Company,Paperback,848,2001,1991,,2023/01/14,to-read,to-read (#893),to-read,,,,0,0
386580,Survival in the Killing Fields,Haing Ngor,"Ngor, Haing",,"=""0786713151""","=""9780786713158""",0,Carroll & Graf Publishers,Paperback,515,2003,1975,,2023/01/13,to-read,to-read (#892),to-read,,,,0,0
92003,The Atlas of Middle-Earth,Karen Wynn Fonstad,"Fonstad, Karen Wynn",,"=""0618126996""","=""9780618126996""",0,Houghton Mifflin,Paperback,210,1991,1981,,2023/01/13,"to-read, lotr","to-read (#891), lotr (#28)",to-read,,,,0,0
55957774,The Nature of Middle-Earth,J.R.R. Tolkien,"Tolkien, J.R.R.",Carl F. Hostetter,"=""0358454603""","=""9780358454601""",0,Houghton Mifflin Harcourt,Hardcover,440,2021,2021,,2023/01/13,"to-read, lotr","to-read (#890), lotr (#23)",to-read,,,,0,0
2333,Farmer Giles of Ham,J.R.R. Tolkien,"Tolkien, J.R.R.","Christina Scull, Wayne G. Hammond","=""0618009361""","=""9780618009367""",0,William Morrow,Hardcover,127,1999,1949,,2023/01/13,"to-read, tolkien","to-read (#889), tolkien (#20)",to-read,,,,0,0
25350,"Out of the Silent Planet (The Space Trilogy, #1)",C.S. Lewis,"Lewis, C.S.",,"=""0007157150""","=""9780007157150""",0,HarperCollins,Paperback,160,2005,1938,,2023/01/13,to-read,to-read (#887),to-read,,,,0,0
29806,The Pilgrim's Regress,C.S. Lewis,"Lewis, C.S.",Michael Hague,"=""0802806414""","=""9780802806413""",0,Wm. B. Eerdmans Publishing Co.,Paperback,211,1992,1933,,2023/01/13,to-read,to-read (#886),to-read,,,,0,0
30653712,Printer's Error: Irreverent Stories from Book History,Rebecca Romney,"Romney, Rebecca",J.P. Romney,"=""0062412310""","=""9780062412317""",0,Harper,Hardcover,384,2017,2017,,2023/01/11,to-read,to-read (#885),to-read,,,,0,0
10650799,Logic of Subchapter K: A Conceptual Guide to Taxation of Partnerships (American Casebook Series),Laura E. Cunningham,"Cunningham, Laura E.",,"=""0314199853""","=""9780314199850""",0,West Academic Publishing,Paperback,295,2010,2010,,2023/01/09,to-read,to-read (#884),to-read,,,,0,0
314722,Thermopylae: The Battle That Changed the World,Paul Cartledge,"Cartledge, Paul",,"=""1585675660""","=""9781585675661""",0,Overlook Books,Hardcover,313,2006,2006,,2023/01/08,to-read,to-read (#883),to-read,,,,0,0
13573513,Stalin's Secret Agents: The Subversion of Roosevelt's Government,M. Stanton Evans,"Evans, M. Stanton",,"=""1439147701""","=""9781439147702""",0,Threshold Editions,Paperback,304,2013,2012,,2023/01/08,to-read,to-read (#881),to-read,,,,0,0
231155,Blacklisted by History: The Untold Story of Senator Joe McCarthy and His Fight Against America's Enemies,M. Stanton Evans,"Evans, M. Stanton",,"=""140008105X""","=""9781400081059""",4.0,Crown Forum,Hardcover,672,2007,2007,2023/01/08,2021/03/25,provo,provo (#117),read,,,,1,0
169718,Babbitt,Sinclair Lewis,"Lewis, Sinclair",,"=""142640607X""","=""9781426406072""",0,BiblioBazaar,Paperback,344,2006,1922,,2023/01/05,to-read,to-read (#880),to-read,,,,0,0
61938930,The Marvelous Land of Snergs,Veronica Cossanteli,"Cossanteli, Veronica",Melissa Castrillón,"=""1609458087""","=""9781609458089""",0,Europa Editions,Hardcover,307,2022,2020,,2023/01/05,to-read,to-read (#879),to-read,,,,0,0
42194293,Stalingrad,Vasily Grossman,"Grossman, Vasily","Robert Chandler, Elizabeth Chandler","=""1681373270""","=""9781681373270""",0,NYRB Classics,Paperback,1088,2019,1952,,2023/01/05,to-read,to-read (#878),to-read,,,,0,0
88432,Life and Fate,Vasily Grossman,"Grossman, Vasily",,"=""""","=""""",0,Vintage Classics,Paperback,864,2006,1960,,2023/01/05,to-read,to-read (#877),to-read,,,,0,0
83337,Silman's Complete Endgame Course: From Beginner to Master,Jeremy Silman,"Silman, Jeremy",,"=""1890085103""","=""9781890085100""",0,Siles Press,Paperback,530,2006,2006,,2023/01/04,to-read,to-read (#874),to-read,,,,0,0
117833,The Master and Margarita,Mikhail Bulgakov,"Bulgakov, Mikhail","Diana Lewis Burgin, Katherine Tiernan O'Connor, Ellendea Proffer, Hans Fronius, Михаил Булгаков","=""0679760806""","=""9780679760801""",0,Vintage International,Paperback,372,1996,1967,,2023/01/04,to-read,to-read (#873),to-read,,,,0,0
43171395,Game Changer: AlphaZero's Groundbreaking Chess Strategies and the Promise of AI,Matthew Sadler,"Sadler, Matthew",Natasha Regan,"=""9056918184""","=""9789056918187""",0,New in Chess,Paperback,416,2019,2019,,2023/01/03,to-read,to-read (#872),to-read,,,,0,0
25782900,Amazing Spider-Man (1963-1998) #1,Stan Lee,"Lee, Stan",Steve Ditko,"=""""","=""""",0,Marvel,Kindle Edition,26,1963,1963,,2023/01/03,to-read,to-read (#871),to-read,,,,0,0
204550,Chaplin,David  Robinson,"Robinson, David",,"=""2841146235""","=""9782841146239""",0,RAMSAY,Paperback,552,2003,1985,,2023/01/01,to-read,to-read (#870),to-read,,,,0,0
118824,Walt Disney: The Triumph of the American Imagination,Neal Gabler,"Gabler, Neal",,"=""067943822X""","=""9780679438229""",0,Alfred A. Knopf,Hardcover,851,2006,2006,,2022/12/30,to-read,to-read (#869),to-read,,,,0,0
57281885,"American Gods (American Gods, #1)",Neil Gaiman,"Gaiman, Neil",,"=""""","=""""",0,William Morrow,ebook,565,2011,2001,,2022/12/29,to-read,to-read (#868),to-read,,,,0,0
60254223,The LEGO Story: How a Little Toy Sparked the World’s Imagination,Jens Andersen,"Andersen, Jens",,"=""0063258021""","=""9780063258020""",0,Mariner Books,Hardcover,432,2022,2021,,2022/12/28,to-read,to-read (#867),to-read,,,,0,0
35820369,The Rise and Fall of the Dinosaurs: A New History of a Lost World,Steve Brusatte,"Brusatte, Steve",,"=""0062490427""","=""9780062490421""",0,Mariner Books,Hardcover,404,2018,2018,,2022/12/28,to-read,to-read (#866),to-read,,,,0,0
83756,On The Shoulders Of Giants,Nicolaus Copernicus,"Copernicus, Nicolaus","Johannes Kepler, Galileo Galalei, Isaac Newton, Albert Einstein, Stephen W. Hawking","=""076241698X""","=""9780762416981""",0,Running Press Adult,Paperback,1280,2003,2002,,2022/12/28,to-read,to-read (#865),to-read,,,,0,0
60468246,The Revolutionary: Samuel Adams,Stacy Schiff,"Schiff, Stacy",,"=""0316441112""","=""9780316441117""",0,"Little, Brown and Company",Hardcover,422,2022,2022,,2022/12/28,to-read,to-read (#864),to-read,,,,0,0
58786021,A Christmas Carol and Other Christmas Tales,Barnes & Noble,"Noble, Barnes &",,"=""1435170458""","=""9781435170452""",0,Barnes & Noble,Leather Bound,368,2021,,,2022/12/28,to-read,to-read (#863),to-read,,,,0,0
21927045,Batman: A Visual History,Matthew K.   Manning,"Manning, Matthew K.",Matt Forbeck,"=""1465424563""","=""9781465424563""",0,DK,Hardcover,352,2014,2014,,2022/12/28,to-read,to-read (#862),to-read,,,,0,0
22739972,The Crucible of Doubt: Reflections On the Quest for Faith,Terryl L. Givens,"Givens, Terryl L.",Fiona Givens,"=""1609079426""","=""9781609079420""",0,Deseret Book Company,Hardcover,168,2014,2014,,2022/12/27,to-read,to-read (#859),to-read,,,,0,0
428042,"Airborn (Matt Cruse, #1)",Kenneth Oppel,"Oppel, Kenneth",,"=""0060531827""","=""9780060531829""",0,HarperCollins,Mass Market Paperback,501,2005,2004,,2022/12/25,to-read,to-read (#858),to-read,,,,0,0
25825420,The Abolition of Man,C.S. Lewis,"Lewis, C.S.",,"=""""","=""""",0,HarperOne,Paperback,113,2015,1943,,2022/12/25,to-read,to-read (#857),to-read,,,,0,0
1305,Gates of Fire,Steven Pressfield,"Pressfield, Steven",,"=""055338368X""","=""9780553383683""",0,Bantam,Paperback,526,2005,1998,,2022/12/25,to-read,to-read (#856),to-read,,,,0,0
12158480,"Why Nations Fail: The Origins of Power, Prosperity, and Poverty",Daron Acemoğlu,"Acemoğlu, Daron",James A. Robinson,"=""0307719219""","=""9780307719218""",0,Crown Currency,Hardcover,529,2012,2012,,2022/12/25,to-read,to-read (#855),to-read,,,,0,0
1791278,I Chose Freedom,Victor Kravchenko,"Kravchenko, Victor",,"=""0887387543""","=""9780887387548""",0,Routledge,Paperback,516,1988,1946,,2022/12/22,to-read,to-read (#854),to-read,,,,0,0
97401,Natasha's Dance: A Cultural History of Russia,Orlando Figes,"Figes, Orlando",,"=""0312421958""","=""9780312421953""",0,Picador,Paperback,729,2003,2002,,2022/12/21,to-read,to-read (#853),to-read,,,,0,0
565500,The Icon and the Axe: An Interpretive History of Russian Culture,James H. Billington,"Billington, James H.",,"=""0394708466""","=""9780394708461""",0,Vintage Books,Paperback,786,1970,1966,,2022/12/21,to-read,to-read (#852),to-read,,,,0,0
12596423,Mere Christianity,C.S. Lewis,"Lewis, C.S.",,"=""""","=""""",5.0,HarperCollins Publishers,Paperback,227,2001,1952,2022/12/19,2015/12/17,provo,provo (#43),read,,,,1,0
10303,FDR's Folly: How Roosevelt and His New Deal Prolonged the Great Depression,Jim  Powell,"Powell, Jim",,"=""140005477X""","=""9781400054770""",0,PRH Christian Publishing,Paperback,352,2004,2003,,2022/12/16,to-read,to-read (#850),to-read,,,,0,0
1551823,"Zachary Taylor: Soldier, Planter, Statesman of the Old Southwest",K. Jack Bauer,"Bauer, K. Jack",,"=""0807118516""","=""9780807118511""",0,Louisiana State University Press,Paperback,348,1993,1985,,2022/12/14,to-read,to-read (#849),to-read,,,,0,0
53109426,President without a Party: The Life of John Tyler,Christopher J. Leahy,"Leahy, Christopher J.",,"=""0807172545""","=""9780807172544""",0,Louisiana State University Press,Hardcover,528,2020,2020,,2022/12/14,to-read,to-read (#848),to-read,,,,0,0
2202042,Polk: The Man Who Transformed the Presidency and America,Walter R. Borneman,"Borneman, Walter R.",,"=""1400065607""","=""9781400065608""",0,Random House,Hardcover,422,2008,2008,,2022/12/14,to-read,to-read (#847),to-read,,,,0,0
1000303,"John Tyler, the Accidental President",Edward P. Crapol,"Crapol, Edward P.",,"=""0807830410""","=""9780807830413""",0,The University of North Carolina Press,Hardcover,344,2006,2006,,2022/12/14,to-read,to-read (#846),to-read,,,,0,0
654268,Old Tippecanoe: William Henry Harrison and His Time,Freeman Cleaves,"Cleaves, Freeman",,"=""0945707010""","=""9780945707011""",0,Amer Political Biography Pr,Hardcover,422,1990,1939,,2022/12/14,to-read,to-read (#845),to-read,,,,0,0
733826,Martin Van Buren,Ted Widmer,"Widmer, Ted",Arthur M. Schlesinger Jr.,"=""0805069224""","=""9780805069228""",0,Times Books,Hardcover,189,2005,2005,,2022/12/14,to-read,to-read (#844),to-read,,,,0,0
26240788,John Quincy Adams: Militant Spirit,James Traub,"Traub, James",,"=""0465028276""","=""9780465028276""",0,Basic Books,Hardcover,640,2016,2016,,2022/12/14,to-read,to-read (#843),to-read,,,,0,0
52354569,James Monroe: A Life,Tim  McGrath,"McGrath, Tim",,"=""045147726X""","=""9780451477262""",0,Dutton,Hardcover,738,2020,2020,,2022/12/14,to-read,to-read (#842),to-read,,,,0,0
28797391,The Book of Saints: A Comprehensive Biographical Dictionary,St. Augustine's Abbey,"Abbey, St. Augustine's",Basil Watkins,"=""0567664155""","=""9780567664150""",0,T&T Clark,Kindle Edition,841,2015,1921,,2022/12/14,to-read,to-read (#840),to-read,,,,0,0
74763,Dictionary of Saints,John J.  Delaney,"Delaney, John J.",,"=""0385515200""","=""9780385515207""",0,PRH Christian Publishing,Paperback,720,2005,1980,,2022/12/14,to-read,to-read (#839),to-read,,,,0,0
1111,The Power Broker: Robert Moses and the Fall of New York,Robert A. Caro,"Caro, Robert A.",,"=""0394720245""","=""9780394720241""",0,Vintage Books,Paperback,1246,1975,1974,,2022/12/14,to-read,to-read (#838),to-read,,,,0,0
754819,Land of Lincoln: Adventures in Abe's America,Andrew   Ferguson,"Ferguson, Andrew",,"=""0871139677""","=""9780871139672""",0,Atlantic Monthly Press,Hardcover,288,2007,2007,,2022/12/13,to-read,to-read (#837),to-read,,,,0,0
1260005,Banana: The Fate of the Fruit That Changed the World,Dan Koeppel,"Koeppel, Dan",,"=""1594630380""","=""9781594630385""",0,Hudson Street Press,Hardcover,281,2007,2007,,2022/12/13,to-read,to-read (#836),to-read,,,,0,0
54539,Silas Marner,George Eliot,"Eliot, George",,"=""""","=""""",0,Simon  Schuster,Paperback,262,2005,1861,,2022/12/12,to-read,to-read (#835),to-read,,,,0,0
18006339,Ich und Karl der Große,Steffen Patzold,"Patzold, Steffen",,"=""3608947647""","=""9783608947649""",0,Klett-Cotta,Hardcover,350,2013,2013,,2022/12/11,to-read,to-read (#834),to-read,,,,0,0
42607468,King and Emperor: A New Life of Charlemagne,Janet L. Nelson,"Nelson, Janet L.",,"=""""","=""""",0,Penguin,Kindle Edition,660,2019,2019,,2022/12/11,to-read,to-read (#833),to-read,,,,0,0
864330,Gods and Myths of Northern Europe,H.R. Ellis Davidson,"Davidson, H.R. Ellis",,"=""0140136274""","=""9780140136272""",0,Penguin Books,Paperback,251,1990,1964,,2022/12/11,to-read,to-read (#832),to-read,,,,0,0
37903770,Norse Mythology,Neil Gaiman,"Gaiman, Neil",,"=""""","=""""",0,W. W. Norton & Company,Paperback,301,2018,2017,,2022/12/11,to-read,to-read (#831),to-read,,,,0,0
30359031,The Viking Spirit: An Introduction to Norse Mythology and Religion,Daniel McCoy,"McCoy, Daniel",,"=""""","=""""",0,,Kindle Edition,317,2016,2016,,2022/12/11,to-read,to-read (#830),to-read,,,,0,0
68571,The Ultimate History of Video Games: From Pong to Pokemon - The Story Behind the Craze That Touched Our Lives and Changed the World,Steven L. Kent,"Kent, Steven L.",,"=""0761536434""","=""9780761536437""",0,Crown,Paperback,608,2001,2001,,2022/12/11,to-read,to-read (#829),to-read,,,,0,0
29102835,"Game On!: Video Game History from Pong and Pac-Man to Mario, Minecraft, and More",Dustin Hansen,"Hansen, Dustin",,"=""1250080959""","=""9781250080950""",0,Feiwel & Friends,Hardcover,368,2016,2016,,2022/12/11,to-read,to-read (#828),to-read,,,,0,0
34376766,"Blood, Sweat, and Pixels",Jason Schreier,"Schreier, Jason",,"=""0062651242""","=""9780062651242""",0,Harper Paperbacks,Kindle Edition,353,2017,2017,,2022/12/11,to-read,to-read (#827),to-read,,,,0,0
21412355,The Man Who Would Not Be Washington: Robert E. Lee's Civil War and His Decision That Changed American History,Jonathan Horn,"Horn, Jonathan",,"=""147674856X""","=""9781476748566""",0,Scribner,Hardcover,384,2015,,,2022/12/07,to-read,to-read (#826),to-read,,,,0,0
43313,Trail of Tears: The Rise and Fall of the Cherokee Nation,John Ehle,"Ehle, John",,"=""0385239548""","=""9780385239547""",0,Anchor Books,Paperback,424,1988,1988,,2022/12/07,to-read,to-read (#825),to-read,,,,0,0
44667183,"The Madness of Crowds: Gender, Race and Identity",Douglas Murray,"Murray, Douglas",,"=""1635579988""","=""9781635579987""",0,Bloomsbury Continuum,Hardcover,293,2019,2019,,2022/12/06,to-read,to-read (#824),to-read,,,,0,0
52025940,"The Anglo-Saxons: A History of the Beginnings of England, 400–1066",Marc Morris,"Morris, Marc",,"=""1643133126""","=""9781643133126""",0,Pegasus Books,Hardcover,508,2021,2021,,2022/12/06,to-read,to-read (#823),to-read,,,,0,0
56269788,The Last Imperialist: Sir Alan Burns' Epic Defense of the British Empire,Bruce Gilley,"Gilley, Bruce",,"=""1684512174""","=""9781684512171""",0,Regnery Gateway,Hardcover,278,2021,2020,,2022/12/06,to-read,to-read (#822),to-read,,,,0,0
13180890,"Bloody Sunday: Truths, Lies and the Saville Inquiry",Douglas Murray,"Murray, Douglas",,"=""1849541493""","=""9781849541497""",0,Biteback Publishing,Hardcover,320,2012,2011,,2022/12/06,to-read,to-read (#821),to-read,,,,0,0
166329,"The Intellectual Devotional: Revive Your Mind, Complete Your Education, and Roam Confidently with the Cultured Class",David S. Kidder,"Kidder, David S.",Noah D. Oppenheim,"=""1594865132""","=""9781594865138""",0,Rodale Books,Hardcover,377,2006,2006,,2022/12/03,to-read,to-read (#820),to-read,,,,0,0
768841,Cultural Literacy: What Every American Needs to Know,E.D. Hirsch Jr.,"Jr., E.D. Hirsch",,"=""0394758439""","=""9780394758435""",0,Vintage,Paperback,251,1988,1987,,2022/12/03,to-read,to-read (#819),to-read,,,,0,0
117131,The New Dictionary Of Cultural Literacy: What Every American Needs to Know,E.D. Hirsch Jr.,"Jr., E.D. Hirsch","James S. Trefil, Joseph F. Kett","=""0618226478""","=""9780618226474""",0,Collins Reference,Hardcover,672,2002,1989,,2022/12/03,to-read,to-read (#818),to-read,,,,0,0
565425,"Diamonds, Gold, and War: The British, the Boers, and the Making of South Africa",Martin Meredith,"Meredith, Martin",,"=""1586484737""","=""9781586484736""",0,PublicAffairs,Hardcover,570,2007,2007,,2022/12/03,to-read,to-read (#814),to-read,,,,0,0
32191697,Paper: Paging Through History,Mark Kurlansky,"Kurlansky, Mark",,"=""0393353702""","=""9780393353709""",0,W. W. Norton & Company,Paperback,389,2017,2016,,2022/12/03,to-read,to-read (#813),to-read,,,,0,0
18948098,Ultimate Book of Card Games: The Comprehensive Guide to More than 350 Games,Scott McNeely,"McNeely, Scott",,"=""1452110484""","=""9781452110486""",0,Chronicle Books LLC,Kindle Edition,551,2012,2009,,2022/12/03,to-read,to-read (#812),to-read,,,,0,0
85098,"Chess: 5334 Problems, Combinations and Games",László Polgár,"Polgár, László",Bruce Pandolfini,"=""1579125549""","=""9781579125547""",0,Black Dog & Leventhal,Paperback,1104,2013,1994,,2022/12/03,to-read,to-read (#811),to-read,,,,0,0
51344432,Suffrage: Women's Long Battle for the Vote,Ellen Carol DuBois,"DuBois, Ellen Carol",,"=""150116516X""","=""9781501165160""",0,Simon  Schuster,Hardcover,400,2020,2020,,2022/12/03,to-read,to-read (#810),to-read,,,,0,0
38390462,Thomas Cromwell: A Revolutionary Life,Diarmaid MacCulloch,"MacCulloch, Diarmaid",,"=""0670025577""","=""9780670025572""",0,Viking,Hardcover,752,2018,2018,,2022/12/03,to-read,to-read (#809),to-read,,,,0,0
35876597,Rome: A History in Seven Sackings,Matthew Kneale,"Kneale, Matthew",,"=""1786492334""","=""9781786492333""",0,Atlantic Books,Hardcover,418,2017,2017,,2022/11/27,to-read,to-read (#805),to-read,,,,0,0
6109,A History of Venice,John Julius Norwich,"Norwich, John Julius",,"=""0679721975""","=""9780679721970""",0,Vintage Books,Paperback,673,1989,1977,,2022/11/27,to-read,to-read (#804),to-read,,,,0,0
6106,A Short History of Byzantium,John Julius Norwich,"Norwich, John Julius",,"=""0679772693""","=""9780679772699""",0,Vintage,Paperback,496,1998,1997,,2022/11/27,to-read,to-read (#803),to-read,,,,0,0
10210552,Absolute Monarchs: A History of the Papacy,John Julius Norwich,"Norwich, John Julius",,"=""1400067154""","=""9781400067152""",0,Random House,Hardcover,528,2011,2011,,2022/11/27,to-read,to-read (#802),to-read,,,,0,0
17157,Marie Antoinette: The Journey,Antonia Fraser,"Fraser, Antonia",,"=""0307277747""","=""9780307277749""",0,Anchor,Paperback,512,2006,2001,,2022/11/27,to-read,to-read (#800),to-read,,,,0,0
7968243,Cleopatra: A Life,Stacy Schiff,"Schiff, Stacy",,"=""0316001929""","=""9780316001922""",0,"Little, Brown and Company",Hardcover,369,2010,2010,,2022/11/27,to-read,to-read (#799),to-read,,,,0,0
135524,"Red Land, Black Land: Daily Life in Ancient Egypt",Barbara Mertz,"Mertz, Barbara",,"=""0396075754""","=""9780396075752""",0,Dodd Mead,Hardcover,385,1978,1967,,2022/11/27,to-read,to-read (#798),to-read,,,,0,0
281659,"Auferstehung der Toten (Brenner, #1)",Wolf Haas,"Haas, Wolf",,"=""3499432447""","=""9783499432446""",0,Rowohlt Verlag,Paperback,152,1999,1996,,2022/11/20,to-read,to-read (#797),to-read,,,,0,0
28695,"City of Golden Shadow (Otherland, #1)",Tad Williams,"Williams, Tad",,"=""0886777631""","=""9780886777630""",0,DAW Books,Mass Market Paperback,780,1998,1996,,2022/11/14,to-read,to-read (#796),to-read,,,,0,0
35574990,Wonderland: How Play Made the Modern World,Steven Johnson,"Johnson, Steven",,"=""039918449X""","=""9780399184499""",0,Riverhead Books,Paperback,336,2017,2016,,2022/11/10,to-read,to-read (#795),to-read,,,,0,0
50611052,"The Rise and Triumph of the Modern Self: Cultural Amnesia, Expressive Individualism, and the Road to Sexual Revolution",Carl R. Trueman,"Trueman, Carl R.",Rod Dreher,"=""1433556332""","=""9781433556333""",0,Crossway,Hardcover,432,2020,2020,,2022/11/09,to-read,to-read (#794),to-read,,,,0,0
2362697,"Second Witness: Analytical and Contextual Commentary on the Book of Mormon, Volume 1: First Nephi",Brant A. Gardner,"Gardner, Brant A.",,"=""1589580419""","=""9781589580411""",0,Greg Kofford Books Inc,Hardcover,469,2007,2007,,2022/11/08,to-read,to-read (#793),to-read,,,,0,0
60405297,Origins of The Wheel of Time: The Legends and Mythologies that Inspired Robert Jordan,Michael Livingston,"Livingston, Michael",Harriet McDougal,"=""1250860520""","=""9781250860521""",0,Tor Books,Hardcover,256,2022,2022,,2022/11/07,to-read,to-read (#792),to-read,,,,0,0
60406066,"Nero: Matricide, Music, and Murder in Imperial Rome",Anthony Everitt,"Everitt, Anthony",,"=""059313320X""","=""9780593133200""",0,Random House,Hardcover,448,2022,2022,,2022/11/07,to-read,to-read (#791),to-read,,,,0,0
52385687,Supreme Disorder: Judicial Nominations and the Politics of America's Highest Court,Ilya Shapiro,"Shapiro, Ilya",,"=""1684510562""","=""9781684510566""",0,Gateway Editions,Hardcover,256,2020,,,2022/11/03,to-read,to-read (#789),to-read,,,,0,0
695662,"The Not So Wild, Wild West: Property Rights on the Frontier (Stanford Economics & Finance)",Terry L. Anderson,"Anderson, Terry L.",Peter J. Hill,"=""0804748543""","=""9780804748544""",0,Stanford Economics and Finance,Hardcover,280,2004,2004,,2022/11/02,to-read,to-read (#788),to-read,,,,0,0
1219103,Five Weeks in a Balloon,Jules Verne,"Verne, Jules",1st World Library,"=""1421820609""","=""9781421820606""",0,1st World Library - Literary Society,Hardcover,432,2006,1863,,2022/10/27,"to-read, fictional-series","to-read (#777), fictional-series (#24)",to-read,,,,0,0
17210417,The Power of Everyday Missionaries,Clayton M. Christensen,"Christensen, Clayton M.",,"=""""","=""""",0,Deseret Book,Paperback,151,,2013,,2022/11/02,to-read,to-read (#787),to-read,,,,0,0
50794839,"The Ballad of Songbirds and Snakes (The Hunger Games, #0)",Suzanne Collins,"Collins, Suzanne",,"=""1338635174""","=""9781338635171""",0,Scholastic Press,Hardcover,528,2020,2020,,2022/11/01,to-read,to-read (#784),to-read,,,,0,0
77566,"Hyperion (Hyperion Cantos, #1)",Dan Simmons,"Simmons, Dan",,"=""0553283685""","=""9780553283686""",0,Bantam Doubleday Dell Publishing Group,Mass Market Paperback,500,1990,1989,,2022/10/29,"to-read, fictional-series","to-read (#782), fictional-series (#22)",to-read,,,,0,0
40554554,Milk of Paradise: A History of Opium,Lucy Inglis,"Inglis, Lucy",,"=""1643130552""","=""9781643130552""",0,Pegasus Books,Hardcover,480,2019,2018,,2022/10/27,to-read,to-read (#780),to-read,,,,0,0
36296465,Imperial Twilight: The Opium War and the End of China's Last Golden Age,Stephen R. Platt,"Platt, Stephen R.",,"=""0307961745""","=""9780307961747""",0,Knopf Doubleday,Kindle Edition,555,2018,2018,,2022/10/27,to-read,to-read (#779),to-read,,,,0,0
107120,"Batman Archives, Vol. 1",Bill Finger,"Finger, Bill",Bob Kane,"=""0930289609""","=""9780930289607""",0,DC Comics,Hardcover,306,1990,1997,,2022/10/22,to-read,to-read (#774),to-read,,,,0,0
18712836,Batman (1940-2011) #1,Bill Finger,"Finger, Bill","Whitney Ellsworth, Bob Kane, Jerry Robinson, Paul Gustavson, Raymond Perry, George Papp, Sheldon Moldoff","=""""","=""""",0,DC Comics,Kindle Edition,68,2011,1940,,2022/10/22,to-read,to-read (#773),to-read,,,,0,0
52587340,All the Sonnets of Shakespeare,William Shakespeare,"Shakespeare, William","Paul Edmondson, Stanley Wells","=""1108490395""","=""9781108490399""",0,Cambridge University Press,Hardcover,306,2020,1609,,2022/10/22,to-read,to-read (#772),to-read,,,,0,0
15750692,"Malice (The Faithful and the Fallen, #1)",John Gwynne,"Gwynne, John",,"=""0230758452""","=""9780230758452""",0,Tor,Hardcover,672,2012,2012,,2022/10/22,"to-read, fictional-series","to-read (#771), fictional-series (#21)",to-read,,,,0,0
2054761,The Snowball: Warren Buffett and the Business of Life,Alice Schroeder,"Schroeder, Alice",,"=""0553805096""","=""9780553805093""",3.0,Bantam Books,Hardcover,960,2008,2008,2022/10/22,2022/09/28,,,read,,,,1,0
35120549,"I Am Not a Serial Killer (John Cleaver, #1)",Dan Wells,"Wells, Dan",,"=""""","=""""",0,Tor Books,Kindle Edition,272,2010,2009,,2022/08/19,"to-read, fictional-series","to-read (#709), fictional-series (#20)",to-read,,,,0,0
1102322,The Stone Angel,Margaret Laurence,"Laurence, Margaret",Adele Wiseman,"=""0771099894""","=""9780771099892""",0,McClelland & Steward,Paperback,316,1988,1964,,2022/10/20,to-read,to-read (#770),to-read,,,,0,0
45731395,The Deficit Myth: Modern Monetary Theory and the Birth of the People's Economy,Stephanie Kelton,"Kelton, Stephanie",,"=""1541736184""","=""9781541736184""",0,PublicAffairs,Hardcover,327,2020,2020,,2022/10/19,to-read,to-read (#769),to-read,,,,0,0
15794201,Modern Money Theory: A Primer on Macroeconomics for Sovereign Monetary Systems,L. Randall Wray,"Wray, L. Randall",,"=""0230368891""","=""9780230368897""",0,Palgrave Macmillan,Paperback,294,2012,2012,,2022/10/19,to-read,to-read (#768),to-read,,,,0,0
49099937,No Rules Rules: Netflix and the Culture of Reinvention,Reed Hastings,"Hastings, Reed",Erin Meyer,"=""0593152387""","=""9780593152386""",0,Random House Large Print,Paperback,464,2020,2020,,2022/10/17,to-read,to-read (#766),to-read,,,,0,0
22085568,The Culture Map: Breaking Through the Invisible Boundaries of Global Business,Erin Meyer,"Meyer, Erin",,"=""""","=""""",0,PublicAffairs,Kindle Edition,274,2014,2014,,2022/10/17,to-read,to-read (#765),to-read,,,,0,0
3040,Black Rednecks and White Liberals,Thomas Sowell,"Sowell, Thomas",,"=""1594030863""","=""9781594030864""",4.0,Encounter Books,Hardcover,372,2005,2005,2022/10/16,2016/02/21,,,read,,,,1,0
14497,"Neverwhere (London Below, #1)",Neil Gaiman,"Gaiman, Neil",,"=""0060557818""","=""9780060557812""",0,William Morrow Paperbacks,Paperback,370,2003,1996,,2022/10/14,to-read,to-read (#763),to-read,,,,0,0
7015474,A History of the Czech Lands,Jaroslav Panek,"Panek, Jaroslav",Oldřich Tůma,"=""8024616459""","=""9788024616452""",0,"Karolinum Press, Charles University",Paperback,750,2009,2009,,2022/10/10,to-read,to-read (#762),to-read,,,,0,0
1487097,A Thousand Years of Czech Culture: Riches from the National Museum in Prague,Vladimir Brych; etc.; Narodni Muzeum V Praze,"Praze, Vladimir Brych; etc.; Narodni Muzeum V",,"=""1879704021""","=""9781879704022""",0,Univ of Washington Pr,Paperback,166,1997,1997,,2022/10/10,to-read,to-read (#761),to-read,,,,0,0
100303,Prague in Black and Gold: Scenes from the Life of a European City,Peter Demetz,"Demetz, Peter",,"=""0809016095""","=""9780809016099""",0,Hill and Wang,Paperback,432,1998,1997,,2022/10/10,to-read,to-read (#760),to-read,,,,0,0
7331,Letters from Father Christmas,J.R.R. Tolkien,"Tolkien, J.R.R.",Baillie Tolkien,"=""0618512659""","=""9780618512652""",0,Mariner Books,Paperback,111,2004,1976,,2022/10/10,"to-read, tolkien","to-read (#758), tolkien (#23)",to-read,,,,0,0
11127,"The Chronicles of Narnia (The Chronicles of Narnia, #1-7)",C.S. Lewis,"Lewis, C.S.",Pauline Baynes,"=""0066238501""","=""9780066238500""",0,HarperCollins,Paperback,767,2014,1956,,2022/10/05,,,read,,,,1,0
18490674,Another America: The Story of Liberia and the Former Slaves Who Ruled It,James D. Ciment,"Ciment, James D.",,"=""0809026953""","=""9780809026951""",0,Hill and Wang,Paperback,336,2014,2013,,2022/10/03,to-read,to-read (#755),to-read,,,,0,0
30597,The Hunchback of Notre-Dame,Victor Hugo,"Hugo, Victor","Walter J. Cobb, Lucie Konvičková","=""0451527887""","=""9780451527882""",0,Signet Classics,Paperback,510,2001,,,2022/10/02,to-read,to-read (#754),to-read,,,,0,0
61918815,The Queen: Her Life,Andrew Morton,"Morton, Andrew",,"=""1538700433""","=""9781538700433""",0,Grand Central Publishing,Hardcover,427,2022,2022,,2022/10/02,to-read,to-read (#753),to-read,,,,0,0
406425,Clemente: The Passion and Grace of Baseball's Last Hero,David Maraniss,"Maraniss, David",,"=""0743217810""","=""9780743217811""",0,Simon & Schuster,Hardcover,401,2006,2006,,2022/10/01,to-read,to-read (#752),to-read,,,,0,0
7165300,"The Black Prism (Lightbringer, #1)",Brent Weeks,"Weeks, Brent",,"=""0316075558""","=""9780316075558""",0,Orbit,Hardcover,629,2010,2010,,2022/01/01,"to-read, fictional-series","to-read (#618), fictional-series (#15)",to-read,,,,0,0
28595941,Arcanum Unbounded: The Cosmere Collection,Brandon Sanderson,"Sanderson, Brandon",,"=""0765391163""","=""9780765391162""",4.0,Tor Books,Hardcover,672,2016,2016,,2022/09/27,,,read,,,,1,0
33357675,"Allomancer Jak and the Pits of Eltania (Mistborn, #4.5)",Brandon Sanderson,"Sanderson, Brandon",,"=""""","=""""",3.0,,Paperback,40,2016,2014,2022/09/27,2022/06/24,,,read,,,,1,0
13766064,The Psychology Book: Big Ideas Simply Explained,Nigel C. Benson,"Benson, Nigel C.","Catherine Collin, Joanna Ginsburg, Marcus Weeks, Merrin Lazyan, Voula Grand","=""0756689708""","=""9780756689704""",0,DK,Hardcover,352,2012,2011,,2022/09/27,to-read,to-read (#751),to-read,,,,0,0
566574,Out of the Crisis,W. Edwards Deming,"Deming, W. Edwards",,"=""0262541157""","=""9780262541152""",0,The MIT Press,Paperback,524,2000,1982,,2022/09/26,to-read,to-read (#749),to-read,,,,0,0
57644763,The Birth Certificate: An American History,Susan J. Pearson,"Pearson, Susan J.",,"=""1469665689""","=""9781469665689""",0,The University of North Carolina Press,Hardcover,392,2021,,,2022/09/24,to-read,to-read (#748),to-read,,,,0,0
327008,"Sybil, or the Two Nations",Benjamin Disraeli,"Disraeli, Benjamin",,"=""0809594447""","=""9780809594443""",0,Wildside Press,Paperback,412,2004,1845,,2022/09/23,to-read,to-read (#745),to-read,,,,0,0
31242,Bleak House,Charles Dickens,"Dickens, Charles","Nicola Bradbury, Hablot Knight Browne","=""0143037617""","=""9780143037613""",0,Penguin Books,Paperback,1017,2006,1853,,2022/09/23,to-read,to-read (#744),to-read,,,,0,0
394535,"Blood Meridian, or, the Evening Redness in the West",Cormac McCarthy,"McCarthy, Cormac",,"=""""","=""""",0,Vintage Books,Paperback,351,2010,1985,,2022/09/23,to-read,to-read (#743),to-read,,,,0,0
5659,The Wind in the Willows,Kenneth Grahame,"Grahame, Kenneth",Gillian Avery,"=""0143039091""","=""9780143039099""",0,Penguin Books,Paperback,197,2005,1908,,2022/09/23,to-read,to-read (#742),to-read,,,,0,0
50798,Jude the Obscure,Thomas Hardy,"Hardy, Thomas","Patricia Ingham, Dennis Taylor, Jenny Sterlin, Mark Oxford, James Oliver Smith Jr.","=""0486452433""","=""9780486452432""",0,Dover Publications,Paperback,310,2006,1895,,2022/09/23,to-read,to-read (#741),to-read,,,,0,0
35220,The Red Badge of Courage,Stephen Crane,"Crane, Stephen",,"=""1580495869""","=""9781580495868""",0,"Clayton, Del. : Prestwick House Literary Touchstone Classics,",Paperback,149,2006,1894,,2022/09/23,to-read,to-read (#740),to-read,,,,0,0
4900,Heart of Darkness,Joseph Conrad,"Conrad, Joseph",,"=""1892295490""","=""9781892295491""",0,Green Integer Books,Paperback,188,2003,1899,,2022/09/23,to-read,to-read (#738),to-read,,,,0,0
210834,Kim,Rudyard Kipling,"Kipling, Rudyard",,"=""0140183523""","=""9780140183528""",0,Penguin Classics,Paperback,366,1981,1901,,2022/09/23,to-read,to-read (#737),to-read,,,,0,0
12948,The Turn of the Screw,Henry James,"James, Henry",,"=""0140620613""","=""9780140620610""",0,Penguin Books,Paperback,121,1994,1898,,2022/09/23,to-read,to-read (#736),to-read,,,,0,0
40656712,"Rabbit, Run (Rabbit Angstrom, #1)",John Updike,"Updike, John",,"=""""","=""""",0,Random House,Kindle Edition,337,2010,1960,,2022/09/23,to-read,to-read (#735),to-read,,,,0,0
320,One Hundred Years of Solitude,Gabriel García Márquez,"Márquez, Gabriel García",Gregory Rabassa,"=""""","=""""",0,Harper,Mass Market Paperback,417,2003,1967,,2022/09/20,to-read,to-read (#733),to-read,,,,0,0
820630,Der Zauberberg,Thomas Mann,"Mann, Thomas",,"=""""","=""""",0,Fischer,Paperback,1008,1991,1924,,2022/09/19,to-read,to-read (#732),to-read,,,,0,0
7588,A Portrait of the Artist as a Young Man,James Joyce,"Joyce, James",Seamus Deane,"=""0142437344""","=""9780142437346""",0,Penguin Classics,Paperback,329,2003,1916,,2022/09/19,to-read,to-read (#731),to-read,,,,0,0
34673711,"The Ember Blade (The Darkwater Legacy, #1)",Chris Wooding,"Wooding, Chris",,"=""1473214866""","=""9781473214866""",0,Gollancz,Mass Market Paperback,824,2019,2018,,2022/07/19,"to-read, fictional-series","to-read (#691), fictional-series (#13)",to-read,,,,0,0
116866,The Pity of War: Explaining World War I,Niall Ferguson,"Ferguson, Niall",,"=""0465057128""","=""9780465057122""",0,Basic Books,Paperback,624,2000,1998,,2022/09/19,to-read,to-read (#730),to-read,,,,0,0
3264230,Hinduism: An Introduction,Dharam Vir Singh,"Singh, Dharam Vir",,"=""8171679536""","=""9788171679539""",0,Rupa,Paperback,150,2003,2003,,2022/09/14,to-read,to-read (#729),to-read,,,,0,0
88634,Liberal Fascism: The Secret History of the American Left from Mussolini to the Politics of Meaning,Jonah Goldberg,"Goldberg, Jonah",,"=""0385511841""","=""9780385511841""",4.0,Doubleday,Hardcover,405,2008,2007,2022/09/14,2018/05/21,provo,provo (#64),read,,,,1,0
43345855,"Quit Like a Millionaire: No Gimmicks, Luck, or Trust Fund Required",Kristy Shen,"Shen, Kristy","Bryce Leung, J.L. Collins","=""0525538690""","=""9780525538691""",0,Tarcher,Paperback,336,2019,2019,,2022/09/14,to-read,to-read (#728),to-read,,,,0,0
52694527,"The Shadow of the Gods (The Bloodsworn Saga, #1)",John Gwynne,"Gwynne, John",,"=""0356514188""","=""9780356514185""",0,Orbit,Hardcover,480,2021,2021,,2022/09/09,"to-read, fictional-series","to-read (#726), fictional-series (#12)",to-read,,,,0,0
43587154,"Jade City (The Green Bone Saga, #1)",Fonda Lee,"Lee, Fonda",,"=""0316440884""","=""9780316440882""",0,Orbit,Paperback,540,2018,2017,,2022/09/09,"to-read, fictional-series","to-read (#725), fictional-series (#11)",to-read,,,,0,0
35068705,"The Poppy War (The Poppy War, #1)",R.F. Kuang,"Kuang, R.F.",,"=""0062662597""","=""9780062662590""",0,Harper Voyager,Kindle Edition,545,2018,2018,,2022/09/09,"to-read, fictional-series","to-read (#724), fictional-series (#10)",to-read,,,,0,0
55399,"Gardens of the Moon (Malazan Book of the Fallen, #1)",Steven Erikson,"Erikson, Steven",,"=""0765348780""","=""9780765348784""",0,Tor Books,Mass Market Paperback,666,2005,1999,,2022/09/05,"to-read, fictional-series","to-read (#719), fictional-series (#9)",to-read,,,,0,0
140671,"The Black Company (The Chronicles of the Black Company, #1)",Glen Cook,"Cook, Glen",,"=""""","=""""",0,Tor Fantasy,Mass Market Paperback,319,1992,1984,,2022/09/05,"to-read, fictional-series","to-read (#718), fictional-series (#8)",to-read,,,,0,0
77197,"Assassin's Apprentice (Farseer Trilogy, #1)",Robin Hobb,"Hobb, Robin",,"=""055357339X""","=""9780553573398""",0,Spectra Books,Mass Market Paperback,435,1996,1995,,2022/09/05,"to-read, fictional-series","to-read (#717), fictional-series (#7)",to-read,,,,0,0
186074,"The Name of the Wind (The Kingkiller Chronicle, #1)",Patrick Rothfuss,"Rothfuss, Patrick",,"=""075640407X""","=""9780756404079""",0,Penguin Group DAW,Hardcover,662,2007,2007,,2021/10/21,"to-read, fictional-series","to-read (#611), fictional-series (#5)",to-read,,,,0,0
29588376,"The Lies of Locke Lamora (Gentleman Bastard, #1)",Scott Lynch,"Lynch, Scott",,"=""""","=""""",0,Spectra,Kindle Edition,752,2016,2006,,2022/07/19,"to-read, fictional-series","to-read (#690), fictional-series (#4)",to-read,,,,0,0
375802,"Ender’s Game (Ender's Saga, #1)",Orson Scott Card,"Card, Orson Scott",,"=""0812550706""","=""9780812550702""",0,Tor,Mass Market Paperback,324,2004,1985,,2015/07/26,"to-read, provo, fictional-series","to-read (#62), provo (#5), fictional-series (#1)",to-read,,,,0,0
59365078,Life on the Mississippi: An Epic American Adventure,Rinker Buck,"Buck, Rinker",,"=""1501106376""","=""9781501106378""",0,Avid Reader Press / Simon & Schuster,Hardcover,416,2022,2022,,2022/09/12,to-read,to-read (#727),to-read,,,,0,0
95784,The Rape of Nanking: The Forgotten Holocaust of World War II,Iris Chang,"Chang, Iris",,"=""0140277447""","=""9780140277449""",0,Penguin Books,Paperback,290,1998,1997,,2022/09/07,to-read,to-read (#722),to-read,,,,0,0
550931,"Empire of Liberty: A History of the Early Republic, 1789-1815",Gordon S. Wood,"Wood, Gordon S.",,"=""0195039149""","=""9780195039146""",0,Oxford University Press,Hardcover,778,2009,2009,,2022/09/07,to-read,to-read (#720),to-read,,,,0,0
3284730,The Secret Life of Words: How English Became English,Henry Hitchings,"Hitchings, Henry",,"=""0374254109""","=""9780374254100""",0,"Farrar, Straus and Giroux",Hardcover,448,2008,2008,,2022/09/01,to-read,to-read (#715),to-read,,,,0,0
18077875,Essentialism: The Disciplined Pursuit of Less,Greg McKeown,"McKeown, Greg",,"=""0804137382""","=""9780804137386""",0,Crown Currency,Hardcover,260,2014,2011,,2022/08/28,to-read,to-read (#714),to-read,,,,0,0
23397921,Sixth of the Dusk (The Cosmere),Brandon Sanderson,"Sanderson, Brandon",,"=""1938570073""","=""9781938570070""",4.0,Dragonsteel Entertainment,Kindle Edition,66,2014,2014,2022/08/21,2022/06/24,,,read,,,,1,0
6576965,Signature in the Cell: DNA and the Evidence for Intelligent Design,Stephen C. Meyer,"Meyer, Stephen C.",,"=""0061472786""","=""9780061472787""",4.0,HarperOne,Hardcover,624,2009,2009,2022/08/21,2019/02/12,provo,provo (#39),read,,,,1,0
58753360,Androids: The Team That Built the Android Operating System,Chet Haase,"Haase, Chet",,"=""1737354845""","=""9781737354840""",0,Chet Haase,Kindle Edition,370,2021,2021,,2022/08/21,to-read,to-read (#712),to-read,,,,0,0
27712,The Neverending Story,Michael Ende,"Ende, Michael",Ralph Manheim,"=""0525457585""","=""9780525457589""",0,Dutton Children's Books,Hardcover,396,1997,1979,,2022/08/19,to-read,to-read (#711),to-read,,,,0,0
40940649,I Am Legend,Richard Matheson,"Matheson, Richard",,"=""0795315635""","=""9780795315633""",0, RosettaBooks ,Kindle Edition,101,2011,1954,,2022/08/19,to-read,to-read (#710),to-read,,,,0,0
59808358,Killing the Mob (Bill O'Reilly's Killing Series),Bill O'Reilly,"O'Reilly, Bill",Martin Dugard,"=""1250864623""","=""9781250864628""",0,St. Martin's Griffin,Paperback,304,2022,2021,,2022/08/15,to-read,to-read (#708),to-read,,,,0,0
12067,"Good Omens: The Nice and Accurate Prophecies of Agnes Nutter, Witch",Terry Pratchett,"Pratchett, Terry",Neil Gaiman,"=""""","=""""",0,William Morrow Paperbacks,Mass Market Paperback,491,2006,1990,,2022/08/15,to-read,to-read (#707),to-read,,,,0,0
15783514,The Ocean at the End of the Lane,Neil Gaiman,"Gaiman, Neil",,"=""0062255657""","=""9780062255655""",0,William Morrow Books,Hardcover,181,2013,2013,,2022/08/12,to-read,to-read (#705),to-read,,,,0,0
56614595,The Radical Potter: The Life and Times of Josiah Wedgwood,Tristram Hunt,"Hunt, Tristram",,"=""125012834X""","=""9781250128348""",0,Metropolitan Books,Hardcover,352,2021,,,2022/08/12,to-read,to-read (#703),to-read,,,,0,0
79626,D'Aulaires' Book of Greek Myths,Ingri d'Aulaire,"d'Aulaire, Ingri",Edgar Parin d'Aulaire,"=""0440406943""","=""9780440406945""",0,Delacorte Press,Paperback,208,1992,1962,,2022/08/08,to-read,to-read (#702),to-read,,,,0,0
59980,Batman: Year One,Frank Miller,"Miller, Frank","David Mazzucchelli, Richmond Lewis, Dennis O'Neil, Todd Klein","=""1401207529""","=""9781401207526""",0,DC Comics,Paperback,136,2007,1988,,2022/08/08,to-read,to-read (#701),to-read,,,,0,0
7139892,"Under Heaven (Under Heaven, #1)",Guy Gavriel Kay,"Kay, Guy Gavriel",,"=""0007342012""","=""9780007342013""",0,HarperVoyager,Hardcover,592,2010,2010,,2022/08/06,to-read,to-read (#700),to-read,,,,0,0
58842696,"Team America: Patton, MacArthur, Marshall, Eisenhower, and the World They Forged – A Biography of Four Military Leaders Who Saved the Free World",Robert L. O'Connell,"O'Connell, Robert L.",,"=""0062883291""","=""9780062883292""",0,Harper,Hardcover,576,2022,,,2022/08/06,to-read,to-read (#699),to-read,,,,0,0
37977136,The Virtue of Nationalism,Yoram Hazony,"Hazony, Yoram",,"=""1541645375""","=""9781541645370""",0,Basic Books,Hardcover,285,2018,2018,,2022/08/03,to-read,to-read (#698),to-read,,,,0,0
21411388,Shadows for Silence in the Forests of Hell,Brandon Sanderson,"Sanderson, Brandon",,"=""""","=""""",4.0,Tor Books,Unknown Binding,50,2013,2013,2022/08/02,2022/06/24,,,read,,,,1,0
58667424,Joseph Smith and the Mormons: A Graphic Biography,Noah Van Sciver,"Sciver, Noah Van",,"=""141974965X""","=""9781419749650""",0,Harry N. Abrams,Hardcover,464,2022,2022,,2022/07/31,to-read,to-read (#697),to-read,,,,0,0
17573647,"Shady Characters: The Secret Life of Punctuation, Symbols & Other Typographical Marks",Keith Houston,"Houston, Keith",,"=""0393064425""","=""9780393064421""",0,W. W. Norton & Company,Hardcover,352,2013,2013,,2022/07/19,to-read,to-read (#689),to-read,,,,0,0
6411961,"The Lost Symbol (Robert Langdon, #3)",Dan    Brown,"Brown, Dan",,"=""0385504225""","=""9780385504225""",0,Doubleday,Hardcover,509,2009,2009,,2022/07/13,to-read,to-read (#688),to-read,,,,0,0
10929,For One More Day,Mitch Albom,"Albom, Mitch",,"=""1401303277""","=""9781401303273""",0,Hyperion,Hardcover,208,2006,2006,,2022/07/13,to-read,to-read (#687),to-read,,,,0,0
27523,"Left Behind (Left Behind, #1)",Tim LaHaye,"LaHaye, Tim",Jerry B. Jenkins,"=""0842342702""","=""9780842342704""",0,Tyndale House Publishers,Mass Market Paperback,470,2000,1995,,2022/07/13,to-read,to-read (#686),to-read,,,,0,0
40611463,"The Clan of the Cave Bear (Earth's Children, #1)",Jean M. Auel,"Auel, Jean M.",,"=""""","=""""",0,Bantam ,Kindle Edition,516,2016,1980,,2022/07/13,to-read,to-read (#685),to-read,,,,0,0
59219,"The Talisman (The Talisman, #1)",Stephen  King,"King, Stephen",Peter Straub,"=""0375507779""","=""9780375507779""",0,Random House,Hardcover,656,2001,1984,,2022/07/13,to-read,to-read (#683),to-read,,,,0,0
31231,"The Matarese Circle (Matarese, #1)",Robert Ludlum,"Ludlum, Robert",,"=""0752858556""","=""9780752858555""",0,Orion Paperbacks,Paperback,544,2004,1979,,2022/07/13,to-read,to-read (#682),to-read,,,,0,0
12661,Chesapeake,James A. Michener,"Michener, James A.",,"=""0812970438""","=""9780812970432""",0,Dial Press Trade Paperback,Paperback,1024,2003,1978,,2022/07/13,to-read,to-read (#681),to-read,,,,0,0
71728,Jonathan Livingston Seagull,Richard Bach,"Bach, Richard",Russell Munson,"=""0743278909""","=""9780743278904""",0,Scribner,Paperback,112,2006,1970,,2022/07/13,to-read,to-read (#679),to-read,,,,0,0
46460,"Call for the Dead (George Smiley, #1)",John le Carré,"Carré, John le",,"=""0743431677""","=""9780743431675""",0,Scribner,Mass Market Paperback,144,2002,1961,,2022/07/13,to-read,to-read (#678),to-read,,,,0,0
315272,The Shoes of the Fisherman,Morris L. West,"West, Morris L.",,"=""0312044607""","=""9780312044602""",0,St Martins Press,Hardcover,374,1990,1963,,2022/07/13,to-read,to-read (#677),to-read,,,,0,0
14504,Marjorie Morningstar,Herman Wouk,"Wouk, Herman",,"=""0316955132""","=""9780316955133""",0,"Little, Brown Paperbacks",Paperback,565,1992,1955,,2022/07/13,to-read,to-read (#675),to-read,,,,0,0
26216087,The Egyptian,Mika Waltari,"Waltari, Mika",,"=""""","=""""",0,,Kindle Edition,514,2014,1945,,2022/07/13,to-read,to-read (#674),to-read,,,,0,0
219919,The Robe: The New York Times Bestseller―A Roman Soldier's Quest for Faith After the Crucifixion,Lloyd C. Douglas,"Douglas, Lloyd C.",,"=""0395957753""","=""9780395957752""",0,Mariner Books,Paperback,528,1999,1942,,2022/07/13,to-read,to-read (#673),to-read,,,,0,0
184803,The Keys of the Kingdom,A.J. Cronin,"Cronin, A.J.","Joseph Bottum, Amy Welborn","=""0829423346""","=""9780829423341""",0,Loyola Classics,Paperback,480,2006,1941,,2022/07/13,to-read,to-read (#672),to-read,,,,0,0
159582,The Yearling,Marjorie Kinnan Rawlings,"Rawlings, Marjorie Kinnan",Patricia Reilly Giff,"=""0689846231""","=""9780689846236""",0,Aladdin,Paperback,513,2001,1938,,2022/07/13,to-read,to-read (#671),to-read,,,,0,0
149151,Cimarron,Edna Ferber,"Ferber, Edna",,"=""1417920955""","=""9781417920952""",0,Kessinger Pub Co,Paperback,400,2004,1929,,2022/07/13,to-read,to-read (#670),to-read,,,,0,0
11376,Main Street,Sinclair Lewis,"Lewis, Sinclair",,"=""0375753141""","=""9780375753145""",0,Modern Library,Paperback,454,1999,1920,,2022/07/13,to-read,to-read (#669),to-read,,,,0,0
121185,The Man of the Forest,Zane Grey,"Grey, Zane",,"=""0812590368""","=""9780812590364""",0,Forge,Paperback,348,2000,1920,,2022/07/13,to-read,to-read (#668),to-read,,,,0,0
87247,Der Steppenwolf,Hermann Hesse,"Hesse, Hermann",,"=""3518366750""","=""9783518366752""",0,Suhrkamp,Paperback,278,1974,1927,,2015/12/17,to-read,to-read (#233),to-read,,,,0,0
28254289,Das Paket,Sebastian Fitzek,"Fitzek, Sebastian",,"=""3426199203""","=""9783426199206""",0,Droemer,Hardcover,368,2016,2016,,2022/07/09,to-read,to-read (#667),to-read,,,,0,0
331653,Die Therapie,Sebastian Fitzek,"Fitzek, Sebastian",,"=""3426633094""","=""9783426633090""",0,Droemer/Knaur,Paperback,336,2006,2006,,2022/07/09,to-read,to-read (#666),to-read,,,,0,0
44224485,The Scythians: Nomad Warriors of the Steppe,Barry Cunliffe,"Cunliffe, Barry",,"=""0198820127""","=""9780198820123""",0,Oxford University Press,Hardcover,410,2019,2019,,2022/07/09,to-read,to-read (#665),to-read,,,,0,0
1567164,The World of the Huns: Studies in Their History and Culture,Otto J. Maenchen-Helfen,"Maenchen-Helfen, Otto J.",Max Knight,"=""0520015967""","=""9780520015968""",0,University of California Press (Berkeley),Hardcover,632,1973,1973,,2022/07/09,to-read,to-read (#664),to-read,,,,0,0
37541,"Egyptian Mythology: A Guide to the Gods, Goddesses, and Traditions of Ancient Egypt",Geraldine Pinch,"Pinch, Geraldine",,"=""0195170245""","=""9780195170245""",0,Oxford University Press,Paperback,255,2004,2002,,2022/07/09,to-read,to-read (#663),to-read,,,,0,0
8536070,The Rise and Fall of Ancient Egypt,Toby Wilkinson,"Wilkinson, Toby",,"=""0747599491""","=""9780747599494""",0,Bloomsbury Publishing PLC,Hardcover,646,2010,2010,,2022/07/09,to-read,to-read (#662),to-read,,,,0,0
7493,Founding Brothers: The Revolutionary Generation,Joseph J. Ellis,"Ellis, Joseph J.",,"=""0375705244""","=""9780375705243""",0,Vintage Books,Paperback,288,2000,2000,,2022/07/07,to-read,to-read (#660),to-read,,,,0,0
20893922,Empire's Crossroads: A History of the Caribbean from Columbus to the Present Day,Carrie  Gibson,"Gibson, Carrie",,"=""0802126146""","=""9780802126146""",0,Atlantic Monthly Press,Hardcover,448,2014,2014,,2022/06/30,to-read,to-read (#658),to-read,,,,0,0
13578175,The Emperor's Soul,Brandon Sanderson,"Sanderson, Brandon",,"=""1616960922""","=""9781616960926""",4.0,Tachyon Publications,Paperback,175,2012,2012,2022/06/18,2022/06/15,,,read,,,,1,0
58838847,The War on the West: An Instant NYT Bestselling History of the Modern World,Douglas Murray,"Murray, Douglas",,"=""0063162024""","=""9780063162020""",0,Broadside Books,Hardcover,308,2022,2022,,2022/06/09,to-read,to-read (#656),to-read,,,,0,0
1020951,The Birth of the Modern: World Society 1815-1830,Paul  Johnson,"Johnson, Paul",,"=""0060922826""","=""9780060922825""",5.0,Harper Perennial,Paperback,1095,1992,1991,2022/06/07,2020/07/22,provo,provo (#81),read,,,,1,0
39298848,"White Sand, Volume 3 (White Sand, #3)",Brandon Sanderson,"Sanderson, Brandon","Rik Hoskin, Fritz Casas","=""""","=""""",3.0, Dynamite Entertainment,Hardcover,160,2019,2019,2022/06/06,2022/05/20,,,read,,,,1,0
132913,Reconstruction: America's Unfinished Revolution 1863-1877,Eric Foner,"Foner, Eric","Richard B. Morris, Henry Steele Commager","=""0060937165""","=""9780060937164""",0,Harper Perennial Modern Classics,Paperback,690,2002,1988,,2022/05/21,to-read,to-read (#653),to-read,,,,0,0
33551363,"White Sand, Volume 2 (White Sand, #2)",Brandon Sanderson,"Sanderson, Brandon","Rik Hoskin, Julius Gopez","=""152410342X""","=""9781524103422""",3.0,Dynamite Entertainment,Hardcover,160,2018,2018,2022/05/20,2022/04/19,,,read,,,,1,0
38213078,Gandhi 1915-1948: The Years That Changed the World,Ramachandra Guha,"Guha, Ramachandra",,"=""1846142679""","=""9781846142673""",0,Allen Lane,Hardcover,1040,2018,2018,,2022/05/09,to-read,to-read (#650),to-read,,,,0,0
18310148,Gandhi Before India,Ramachandra Guha,"Guha, Ramachandra",,"=""0307357929""","=""9780307357922""",0,Random House Canada,Hardcover,688,2013,2013,,2022/05/09,to-read,to-read (#649),to-read,,,,0,0
356824,India After Gandhi: The History of the World's Largest Democracy,Ramachandra Guha,"Guha, Ramachandra",,"=""0060198818""","=""9780060198817""",0,Ecco,Hardcover,912,2007,2007,,2022/05/09,to-read,to-read (#648),to-read,,,,0,0
2715832,Hyperion A Fragment,John Keats,"Keats, John",,"=""1419125117""","=""9781419125119""",0,Kessinger Publishing,Paperback,53,2004,1820,,2022/05/08,to-read,to-read (#647),to-read,,,,0,0
80577,Prometheus Unbound,Percy Bysshe Shelley,"Shelley, Percy Bysshe",,"=""1419143239""","=""9781419143236""",0,Kessinger Publishing,Paperback,112,2004,1820,,2022/05/08,to-read,to-read (#646),to-read,,,,0,0
246245,"The Deerslayer (The Leatherstocking Tales, #1)",James Fenimore Cooper,"Cooper, James Fenimore",Robert Tilton,"=""0451529391""","=""9780451529398""",0,Signet Classic,Mass Market Paperback,576,2004,1841,,2022/04/25,to-read,to-read (#645),to-read,,,,0,0
119234,Lord Byron: The Major Works,Lord Byron,"Byron, Lord",Jerome J. McGann,"=""0192840401""","=""9780192840400""",0,Oxford University Press,Paperback,1080,2000,2000,,2022/04/22,to-read,to-read (#644),to-read,,,,0,0
71595,The Genius of Christianity or the Spirit and Beauty of the Christian Religion,François-René de Chateaubriand,"Chateaubriand, François-René de",Charles Ignatius White,"=""142863505X""","=""9781428635050""",0,Kessinger Publishing,Paperback,768,2006,1802,,2022/04/21,to-read,to-read (#642),to-read,,,,0,0
60376476,Real Estate: A Household Wealth Perspective,Barrett A. Slade,"Slade, Barrett A.",,"=""""","=""""",4.0,,ebook,206,,,2022/04/19,2022/02/08,,,read,,,,1,0
93261,The Legend of Sleepy Hollow,Washington Irving,"Irving, Washington",,"=""0809594080""","=""9780809594085""",0,Aegypan,Paperback,108,2004,1820,,2022/04/17,to-read,to-read (#641),to-read,,,,0,0
28862254,"White Sand, Volume 1 (White Sand, #1)",Brandon Sanderson,"Sanderson, Brandon","Rik Hoskin, Julius Gopez","=""1606908855""","=""9781606908853""",3.0,Dynamite Entertainment,Hardcover,160,2016,2016,2022/04/16,2022/02/07,,,read,,,,1,0
112803,Gandhi: An Autobiography,Mahatma Gandhi,"Gandhi, Mahatma",Mahadev Desai,"=""""","=""""",4.0,Beacon Press,Paperback,528,1993,1927,2022/04/11,2015/12/17,provo,provo (#113),read,,,,1,0
658,The Kingdom of God Is Within You,Leo Tolstoy,"Tolstoy, Leo",Constance Garnett,"=""0486451380""","=""9780486451381""",0,Dover Publications,Paperback,352,2006,1893,,2016/02/08,"to-read, gonna-get","to-read (#304), gonna-get (#15)",to-read,,,,0,0
28698036,"Secret History (Mistborn, #3.5)",Brandon Sanderson,"Sanderson, Brandon",,"=""""","=""""",5.0,"Dragonsteel, LLC",Kindle Edition,155,2016,2016,2022/03/24,2022/03/13,,,read,,,,1,0
6175,The Reawakening,Primo Levi,"Levi, Primo",,"=""0684826356""","=""9780684826356""",0,Simon & Schuster,Paperback,231,1995,1963,,2022/03/20,to-read,to-read (#637),to-read,,,,0,0
6174,Survival in Auschwitz,Primo Levi,"Levi, Primo",Philip Roth,"=""0684826801""","=""9780684826806""",0,University Press of Florida,Paperback,187,1996,1947,,2022/03/20,to-read,to-read (#636),to-read,,,,0,0
6176,The Drowned and the Saved,Primo Levi,"Levi, Primo",R. Rosenthal,"=""0349100470""","=""9780349100470""",0,Abacus,Paperback,170,1989,1986,,2022/03/20,to-read,to-read (#635),to-read,,,,0,0
48894047,"A Short History of Russia: Tracing Russia's Path Through History, from Its Wars and Conquests, Royal Dynasties, Revolutions into the Modern Era Under Putin―a Concise Exploration of a Complex Nation",Mark Galeotti,"Galeotti, Mark",,"=""1335145702""","=""9781335145703""",0,Hanover Square Press,Hardcover,224,2020,2020,,2022/03/19,to-read,to-read (#634),to-read,,,,0,0
42283861,The Great Successor: The Divinely Perfect Destiny of Brilliant Comrade Kim Jong Un,Anna Fifield,"Fifield, Anna",,"=""1541742486""","=""9781541742482""",0,PublicAffairs,Hardcover,336,2019,2019,,2022/03/17,to-read,to-read (#633),to-read,,,,0,0
12459395,"Formosan Odyssey: Taiwan, Past and Present",John Grant Ross,"Ross, John Grant",,"=""""","=""""",0,Taiwan Adventure Publications,Paperback,285,2002,2002,,2022/03/17,to-read,to-read (#632),to-read,,,,0,0
88546,Forbidden Nation: A History of Taiwan,Jonathan Manthorpe,"Manthorpe, Jonathan",,"=""1403969817""","=""9781403969811""",0,Palgrave MacMillan,Hardcover,288,2005,2005,,2022/03/17,to-read,to-read (#631),to-read,,,,0,0
1715,Metamorphoses,Ovid,"Ovid, Ovid","David Raeburn, Denis Feeney","=""014044789X""","=""9780140447897""",0,Penguin,Paperback,723,2004,8,,2022/03/01,to-read,to-read (#629),to-read,,,,0,0
85083,"The Immortal Game: A History of Chess, or How 32 Carved Pieces on a Board Illuminated Our Understanding of War, Art, Science and the Human Brain",David Shenk,"Shenk, David",,"=""0385510101""","=""9780385510103""",0,Doubleday,Hardcover,352,2006,2006,,2022/02/21,to-read,to-read (#628),to-read,,,,0,0
877881,Biology: A Self-Teaching Guide,Steven Daniel Garber,"Garber, Steven Daniel",,"=""0471223301""","=""9780471223306""",0,WILEY,Paperback,368,2002,1989,,2022/02/14,to-read,to-read (#627),to-read,,,,0,0
84943,Lord of the Flies,William Golding,"Golding, William",E.L. Epstein,"=""""","=""""",4.0,The Putnam Publishing Group,Mass Market Paperback,202,2003,1954,2022/02/08,2015/08/16,provo,provo (#2),read,,,,1,0
22823333,"The Eleventh Metal (Mistborn, #0.5)",Brandon Sanderson,"Sanderson, Brandon",,"=""""","=""""",4.0,Crafty Games,ebook,21,2012,2012,2022/01/27,2022/01/25,,,read,,,,1,0
129521,The History of the Kings of Britain,Geoffrey of Monmouth,"Monmouth, Geoffrey of",Lewis Thorpe,"=""0140441700""","=""9780140441703""",0,Penguin,Paperback,373,1977,1136,,2022/01/25,"to-read, king-arthur","to-read (#621), king-arthur (#2)",to-read,,,,0,0
1861173,Our Nation's Archive: The History of the United States in Documents,Erik Bruun,"Bruun, Erik",Jay Crosby,"=""1579120679""","=""9781579120672""",0,Black Dog & Leventhal Publishers (NYC),Hardcover,886,1999,1999,,2021/03/25,"provo, currently-reading","provo (#98), currently-reading (#1)",currently-reading,,,,1,0
52684450,The Communist Manifesto,Karl Marx,"Marx, Karl",Friedrich Engels,"=""9386869306""","=""9789386869302""",2.0,Vivi Books,Hardcover,86,2018,1848,2022/01/13,2015/07/24,provo,provo (#54),read,,,,1,0
10852065,"The Hope of Elantris (Elantris, #1.5)",Brandon Sanderson,"Sanderson, Brandon",,"=""""","=""""",4.0,Self-published,,25,2006,2006,2021/12/30,2021/12/30,,,read,,,,1,0
43582376,The Body: A Guide for Occupants,Bill Bryson,"Bryson, Bill",,"=""0385539304""","=""9780385539302""",0,Doubleday Books,Hardcover,450,2019,2019,,2021/12/16,to-read,to-read (#615),to-read,,,,0,0
54304160,Wonderworks: The 25 Most Powerful Inventions in the History of Literature,Angus  Fletcher,"Fletcher, Angus",,"=""1982135972""","=""9781982135973""",0,Simon & Schuster,Hardcover,464,2021,2021,,2021/12/07,to-read,to-read (#614),to-read,,,,0,0
54511226,"Dawnshard (The Stormlight Archive, #3.5)",Brandon Sanderson,"Sanderson, Brandon",,"=""193857026X""","=""""",4.0,Dragonsteel Entertainment,Kindle Edition,171,2020,2020,2021/11/14,2021/10/28,,,read,,,,2,0
34002132,"Oathbringer (The Stormlight Archive, #3)",Brandon Sanderson,"Sanderson, Brandon",,"=""""","=""""",5.0,Tor Books,Hardcover,1248,2017,2017,2021/11/09,2021/03/25,provo,provo (#19),read,,,,2,0
758739,The Age of Federalism,Stanley Elkins,"Elkins, Stanley",Eric L. McKitrick,"=""019509381X""","=""9780195093810""",0,Oxford University Press,Paperback,944,1995,1993,,2021/11/05,to-read,to-read (#613),to-read,,,,0,0
119322,"The Golden Compass (His Dark Materials, #1)",Philip Pullman,"Pullman, Philip",,"=""0679879242""","=""9780679879244""",0,RANDOM HOUSE TRADE,Hardcover,399,1996,1995,,2021/10/21,to-read,to-read (#612),to-read,,,,0,0
99013,"Biblical Literacy: The Most Important People, Events, and Ideas of the Hebrew Bible",Joseph Telushkin,"Telushkin, Joseph",,"=""0688142974""","=""9780688142971""",4.0,William Morrow,Hardcover,628,1997,1997,2021/10/18,2020/03/28,provo,provo (#84),read,,,,1,0
30672,Darkness at Noon,Arthur Koestler,"Koestler, Arthur",Daphne Hardy,"=""0553265954""","=""9780553265958""",0,Bantam Books,Mass Market Paperback,216,1966,1940,,2021/10/07,to-read,to-read (#610),to-read,,,,0,0
54493401,Project Hail Mary,Andy Weir,"Weir, Andy",,"=""0593135202""","=""9780593135204""",0,Ballantine Books,Hardcover,476,2021,2021,,2021/09/30,to-read,to-read (#608),to-read,,,,0,0
34703445,"Edgedancer (The Stormlight Archive, #2.5)",Brandon Sanderson,"Sanderson, Brandon",,"=""1250166543""","=""9781250166548""",4.0,Tor Books,Hardcover,272,2017,2016,2021/09/29,2021/09/28,,,read,,,,2,0
17332218,"Words of Radiance (The Stormlight Archive, #2)",Brandon Sanderson,"Sanderson, Brandon",,"=""0765326361""","=""9780765326362""",5.0,Tor Books,Hardcover,1088,2014,2014,2021/09/28,2021/03/25,provo,provo (#20),read,,,,2,0
823654,Born in Blood: The Lost Secrets of Freemasonry,John J. Robinson,"Robinson, John J.",,"=""0871316021""","=""9780871316028""",0,M. Evans & Company,Hardcover,376,1989,1989,,2021/09/21,to-read,to-read (#607),to-read,,,,0,0
30753852,The Blood of Emmett Till,Timothy B. Tyson,"Tyson, Timothy B.",,"=""1476714843""","=""9781476714844""",0,Simon & Schuster,Hardcover,305,2017,2017,,2021/09/16,to-read,to-read (#606),to-read,,,,0,0
6046518,"The Treasury of H.G. Wells, Selected Works: The Time Machine/The Island of Dr Moreau/The Invisible Man/The First Men in the Moon/The Food of the Gods/The War of the Worlds",H.G. Wells,"Wells, H.G.",Manso,"=""0706422651""","=""9780706422658""",0,Octopus Bks.,Leather Bound,666,1985,,,2018/07/11,"to-read, on-the-shelf","to-read (#402), on-the-shelf (#42)",to-read,,,,0,0
40881942,Wild at Heart: Discovering the Secret of a Man's Soul,John Eldredge,"Eldredge, John",,"=""""","=""""",0,Thomas Nelson,Kindle Edition,236,2011,2001,,2021/06/27,to-read,to-read (#603),to-read,,,,0,0
1609224,The Law,Frédéric Bastiat,"Bastiat, Frédéric",,"=""1933550147""","=""9781933550145""",5.0,Ludwig von Mises Institute,Paperback,61,2011,1849,2021/06/25,2015/12/17,provo,provo (#42),read,,,,1,0
35743,The Tin Drum,Günter Grass,"Grass, Günter",Ralph Manheim,"=""0099483505""","=""9780099483502""",0,Vintage,Paperback,580,2005,1959,,2021/06/18,to-read,to-read (#602),to-read,,,,0,0
765427,The Faerie Queene,Edmund Spenser,"Spenser, Edmund","Thomas P. Roche Jr., C. Patrick O'Donnell","=""""","=""""",0,Penguin Classics,Paperback,1248,1978,1590,,2021/06/18,to-read,to-read (#601),to-read,,,,0,0
171547,Songs of Innocence and of Experience,William Blake,"Blake, William",,"=""1420925806""","=""9781420925807""",0,Digireads.com,Paperback,56,2005,1794,,2021/06/18,to-read,to-read (#600),to-read,,,,0,0
22237346,St. Augustine: City of God,Augustine of Hippo,"Hippo, Augustine of","Gerald C. Walsh, Demetrius B. Zema, Grace Monahan, Daniel J. Honan, Vernon J. Bourke","=""""","=""""",4.0,Image Books,Paperback,551,,426,2021/06/06,2021/03/25,provo,provo (#35),read,,,,1,0
18841276,If You Will Lead: Enduring Wisdom for 21st-Century Leaders,Doug Moran,"Moran, Doug",,"=""""","=""""",3.0,Agate B2,Kindle Edition,306,2011,2011,2021/06/02,2021/05/25,,,read,,,,1,0
356896,The Greatest Salesman in the World,Og Mandino,"Mandino, Og",,"=""055327757X""","=""9780553277579""",0,Bantam,Mass Market Paperback,118,1983,1968,,2021/06/01,to-read,to-read (#599),to-read,,,,0,0
248232,What We Wish We'd Known When We Were Newlyweds,John Bytheway,"Bytheway, John",Kimberly Bytheway,"=""1573456497""","=""9781573456494""",4.0,Bookcraft Pubs,Hardcover,131,2000,2000,2021/05/30,2021/05/24,,,read,,,,1,0
6455493,"Investment Banking: Valuation, Leveraged Buyouts, and Mergers and Acquisitions",Joshua Rosenbaum,"Rosenbaum, Joshua","Joshua Pearl, Joseph R. Perella","=""0470442204""","=""9780470442203""",3.0,WILEY,Hardcover,336,2008,2009,2021/05/24,2021/05/11,,,read,,,,1,0
24583,The Adventures of Tom Sawyer,Mark Twain,"Twain, Mark","Guy Cardwell, John Seelye, Mark Hallaq, Amanda Lee","=""""","=""9780143039563""",4.0,Penguin Classics,Paperback,244,2006,1876,2021/05/09,2019/08/03,provo,provo (#1),read,,,,1,0
42972023,"The Anarchy: The East India Company, Corporate Violence, and the Pillage of an Empire",William Dalrymple,"Dalrymple, William",,"=""1635573955""","=""9781635573954""",0,Bloomsbury Publishing,Hardcover,544,2019,2019,,2021/05/09,"to-read, provo","to-read (#597), provo (#124)",to-read,,,,0,0
6484128,The History of the Medieval World: From the Conversion of Constantine to the First Crusade,Susan Wise Bauer,"Bauer, Susan Wise",,"=""0393059758""","=""9780393059755""",0,W. W. Norton & Company,Hardcover,746,2010,2010,,2021/05/09,"to-read, provo","to-read (#595), provo (#122)",to-read,,,,0,0
1167728,"The Grand Slam: Bobby Jones, America, and the Story of Golf",Mark Frost,"Frost, Mark",,"=""1401301088""","=""9781401301088""",5.0,Hyperion,Hardcover,512,2004,2004,2021/05/03,2021/03/27,provo,provo (#121),read,,,,1,0
16073182,The Anglo-Saxon World,Nicholas J. Higham,"Higham, Nicholas J.",Martin J. Ryan,"=""0300125348""","=""9780300125344""",0,Yale University Press,Hardcover,496,2013,2013,,2020/07/03,"to-read, gonna-get","to-read (#555), gonna-get (#14)",to-read,,,,0,0
1873060,The Go-Giver: A Little Story About a Powerful Business Idea,Bob Burg,"Burg, Bob",John David Mann,"=""159184200X""","=""9781591842002""",0,Portfolio,Hardcover,133,2007,2007,,2021/04/26,to-read,to-read (#593),to-read,,,,0,0
44439415,"God Emperor of Dune (Dune, #4)",Frank Herbert,"Herbert, Frank",,"=""0593098250""","=""9780593098257""",4.0,Ace,Paperback,587,2019,1981,2021/04/13,2021/03/15,,,read,,,,3,0
884419,Federal Taxation in America: A Short History (Woodrow Wilson Center Press) (Volume 0),W. Elliot Brownlee,"Brownlee, W. Elliot",,"=""052154520X""","=""9780521545204""",0,Cambridge University Press,Paperback,304,2004,1983,,2021/04/13,to-read,to-read (#592),to-read,,,,0,0
7282903,The Crusades: The Authoritative History of the War for the Holy Land,Thomas Asbridge,"Asbridge, Thomas",,"=""0060787287""","=""9780060787288""",0,Ecco,Hardcover,784,2010,2010,,2015/12/17,"to-read, gonna-get","to-read (#247), gonna-get (#12)",to-read,,,,0,0
113934,The Goal: A Process of Ongoing Improvement,Eliyahu M. Goldratt,"Goldratt, Eliyahu M.",Jeff Cox,"=""0884271781""","=""9780884271789""",0,North River Press,Paperback,384,2004,,,2021/04/05,to-read,to-read (#591),to-read,,,,0,0
562640,"Watching Baseball Smarter: A Professional Fan's Guide for Beginners, Semi-experts, and Deeply Serious Geeks",Zack Hample,"Hample, Zack",,"=""0307280322""","=""9780307280329""",0,Vintage,Paperback,272,2007,2007,,2021/03/27,"to-read, provo","to-read (#588), provo (#120)",to-read,,,,0,0
12457665,Tagebuch der Anne Frank,Anne Frank,"Frank, Anne",,"=""""","=""""",0,,,320,,1947,,2018/07/11,"to-read, on-the-shelf, provo","to-read (#400), on-the-shelf (#40), provo (#119)",to-read,,,,0,0
141655,Under the Loving Care of the Fatherly Leader: North Korea and the Kim Dynasty,Bradley K. Martin,"Martin, Bradley K.",,"=""0312323220""","=""9780312323226""",0,St. Martin's Griffin,Paperback,874,2006,2004,,2021/03/06,"to-read, provo","to-read (#575), provo (#118)",to-read,,,,0,0
130363,Peter the Great: His Life and World,Robert K. Massie,"Massie, Robert K.",Frederick Davidson,"=""1842121162""","=""9781842121160""",0,W&N,Paperback,909,2001,1980,,2015/11/21,"to-read, provo","to-read (#166), provo (#116)",to-read,,,,0,0
7108483,Doc: The Rise and Rise of Julius Erving,Vincent M. Mallozzi,"Mallozzi, Vincent M.",Dave   Anderson,"=""0470170182""","=""9780470170182""",0,Trade Paper Press,Hardcover,304,2009,2009,,2018/12/01,"to-read, on-the-shelf, provo","to-read (#424), on-the-shelf (#48), provo (#115)",to-read,,,,0,0
10836,Che Guevara: A Revolutionary Life,Jon Lee Anderson,"Anderson, Jon Lee",,"=""0802135587""","=""9780802135582""",0,Grove Press (NYC),Paperback,814,1998,1997,,2019/07/11,"to-read, provo","to-read (#455), provo (#114)",to-read,,,,0,0
18263071,Clouds of Glory: The Life and Legend of Robert E. Lee,Michael Korda,"Korda, Michael",,"=""0062116290""","=""9780062116291""",0,Harper,Hardcover,785,2014,2014,,2019/07/23,"to-read, provo","to-read (#460), provo (#111)",to-read,,,,0,0
27220736,Shoe Dog: A Memoir by the Creator of Nike,Phil Knight,"Knight, Phil",,"=""1501135910""","=""9781501135910""",4.0,Scribner,Hardcover,400,2016,2016,2020/06/09,2019/03/14,provo,provo (#110),read,,,,1,0
34203157,Lenin the Dictator,Victor Sebestyen,"Sebestyen, Victor",,"=""""","=""""",0,Weidenfeld & Nicolson,Kindle Edition,593,2017,2017,,2020/02/19,"to-read, provo","to-read (#518), provo (#109)",to-read,,,,0,0
1325761,Morgan: American Financier,Jean Strouse,"Strouse, Jean",,"=""0375501665""","=""9780375501661""",0,Random House (NY),Hardcover,816,1999,1999,,2015/08/15,"to-read, provo","to-read (#97), provo (#108)",to-read,,,,0,0
10883,Benjamin Franklin: An American Life,Walter Isaacson,"Isaacson, Walter",,"=""074325807X""","=""9780743258074""",0,Simon & Schuster,Paperback,586,2004,2003,,2015/07/24,"to-read, provo","to-read (#2), provo (#107)",to-read,,,,0,0
31374281,Jefferson: Architect of American Liberty,John B. Boles,"Boles, John B.",,"=""0465094686""","=""9780465094684""",4.0,Basic Books,Hardcover,656,2017,2017,2020/08/16,2019/07/11,provo,provo (#106),read,,,,1,0
16130,Alexander Hamilton,Ron Chernow,"Chernow, Ron",,"=""""","=""""",0,Penguin Books,Paperback,818,2005,2004,,2015/12/17,"to-read, provo","to-read (#225), provo (#105)",to-read,,,,0,0
1081270,James Madison: A Biography,Ralph Louis Ketcham,"Ketcham, Ralph Louis",,"=""0813912652""","=""9780813912653""",0,University of Virginia Press,Paperback,753,1990,1971,,2019/01/08,"to-read, provo","to-read (#430), provo (#104)",to-read,,,,0,0
2199,Team of Rivals: The Political Genius of Abraham Lincoln,Doris Kearns Goodwin,"Goodwin, Doris Kearns",,"=""""","=""""",5.0,Simon & Schuster,Paperback,916,2006,2005,2019/08/14,2015/12/17,provo,provo (#103),read,,,,1,0
843764,America's Constitution: A Biography,Akhil Reed Amar,"Amar, Akhil Reed",,"=""1400062624""","=""9781400062621""",0,Random House,Hardcover,657,2005,2005,,2019/08/03,"to-read, provo","to-read (#470), provo (#102)",to-read,,,,0,0
51330171,"No Unhallowed Hand: 1846-1893 (Saints, #2)",The Church of Jesus Christ of Latter-day Saints,"Saints, The Church of Jesus Christ of Latter-day",,"=""""","=""""",5.0,The Church of Jesus Christ of Latter-day Saints,Paperback,675,2020,2020,2020/05/15,2020/03/02,provo,provo (#101),read,,,,1,0
40886652,"The Standard of Truth: 1815–1846 (Saints, #1)",The Church of Jesus Christ of Latter-day Saints,"Saints, The Church of Jesus Christ of Latter-day",,"=""1629737100""","=""9781629737102""",5.0,The Church of Jesus Christ of Latter-day Saints,Kindle Edition,699,2018,2018,2020/04/29,2020/03/02,provo,provo (#100),read,,,,1,0
622140,American Historical Documents 1000 to 1904: Part 43 Harvard Classics,Charles William Eliot,"Eliot, Charles William",,"=""0766181960""","=""9780766181960""",0,Kessinger Publishing,Paperback,496,2004,1910,,2021/03/25,"to-read, provo","to-read (#587), provo (#99)",to-read,,,,0,0
36300889,Great Society: A New History,Amity Shlaes,"Shlaes, Amity",,"=""0061706426""","=""9780061706424""",0,Harper Collins Publications,Hardcover,528,2019,,,2019/12/16,"to-read, provo","to-read (#504), provo (#97)",to-read,,,,0,0
184630,"A History of the American People: The Classic Narrative History of the United States told through Letters, Diaries, and Conversations",Paul  Johnson,"Johnson, Paul",,"=""0060930349""","=""9780060930349""",5.0,Harper Perennial,Paperback,1104,1999,1997,2019/07/06,2015/08/20,"on-the-shelf, provo","on-the-shelf (#7), provo (#96)",read,,,,1,0
500648,The Making of America: The Substance and Meaning of the Constitution,W. Cleon Skousen,"Skousen, W. Cleon",,"=""0880800178""","=""9780880800174""",5.0,National Center for Constitutional Studies,Hardcover,888,1985,1985,2020/07/29,2016/02/26,provo,provo (#95),read,,,,1,0
1415791,The Federalist,Alexander Hamilton,"Hamilton, Alexander","James Madison, John Jay, Robert A. Ferguson","=""1593082827""","=""9781593082826""",5.0,Barnes & Noble Classics,Paperback,487,2006,1788,2020/01/13,2016/02/11,provo,provo (#94),read,,,,1,0
303162,Thomas Jefferson: Writings,Thomas Jefferson,"Jefferson, Thomas",Merrill D. Peterson,"=""094045016X""","=""9780940450165""",0,Library of America,Hardcover,1600,1984,1984,,2021/03/25,"to-read, provo","to-read (#586), provo (#93)",to-read,,,,0,0
16158542,The Boys in the Boat: Nine Americans and Their Epic Quest for Gold at the 1936 Berlin Olympics,Daniel James Brown,"Brown, Daniel James",,"=""067002581X""","=""9780670025817""",4.0,Viking,Hardcover,404,2013,2013,2020/12/08,2015/07/24,provo,provo (#92),read,,,,1,0
16619,Democracy in America,Alexis de Tocqueville,"Tocqueville, Alexis de","Isaac Kramnick, Gerald Bevan","=""0140447601""","=""9780140447606""",0,Penguin Classics,Paperback,983,2003,1835,,2019/07/10,"to-read, provo","to-read (#454), provo (#91)",to-read,,,,0,0
110333,The Anti-Federalist Papers and the Constitutional Convention Debates,Ralph Louis Ketcham,"Ketcham, Ralph Louis",,"=""0451528840""","=""9780451528841""",0,Signet Book,Paperback,480,2003,1986,,2015/12/11,"to-read, provo","to-read (#206), provo (#90)",to-read,,,,0,0
569404,Men in Black: How Judges are Destroying America,Mark R. Levin,"Levin, Mark R.",Rush Limbaugh,"=""0895260506""","=""9780895260505""",0,Regnery,Hardcover,288,2005,2005,,2021/03/25,"to-read, provo","to-read (#585), provo (#89)",to-read,,,,0,0
172803,A Patriot's History of the United States: From Columbus's Great Discovery to the War on Terror,Larry Schweikart,"Schweikart, Larry",Michael Allen,"=""1595230327""","=""9781595230324""",0,Sentinel,Paperback,932,2007,2004,,2021/03/25,"to-read, provo","to-read (#584), provo (#88)",to-read,,,,0,0
1067,1776,David McCullough,"McCullough, David",,"=""0743226720""","=""9780743226721""",0,Simon  Schuster,Paperback,386,2006,2005,,2015/07/24,"to-read, provo","to-read (#17), provo (#87)",to-read,,,,0,0
2709992,A Conservative History of the American Left,Daniel J. Flynn,"Flynn, Daniel J.",,"=""0307339467""","=""9780307339461""",0,Crown Forum,Hardcover,464,2008,2008,,2020/04/30,"to-read, provo","to-read (#535), provo (#86)",to-read,,,,0,0
313011,How the Catholic Church Built Western Civilization,Thomas E. Woods Jr.,"Jr., Thomas E. Woods",,"=""0895260387""","=""9780895260383""",0,Regnery History,Hardcover,280,2005,2005,,2021/03/25,"to-read, provo","to-read (#583), provo (#83)",to-read,,,,0,0
2430397,Out of Obscurity : The Church in the Twentieth Century (Sidney B. Sperry Symposium),The Church of Jesus Christ of Latter-day Saints,"Saints, The Church of Jesus Christ of Latter-day",,"=""1573458422""","=""9781573458429""",0,Deseret Book Co,Hardcover,352,2000,2000,,2019/12/19,"to-read, provo","to-read (#507), provo (#82)",to-read,,,,0,0
448836,Second Treatise of Government (Hackett Classics),John Locke,"Locke, John",C.B. MacPherson,"=""0915144867""","=""9780915144860""",0,"Hackett Publishing Company (Indianapolis, IN)",Paperback,124,1980,1689,,2016/02/23,"to-read, provo","to-read (#330), provo (#80)",to-read,,,,0,0
29430010,The Pursuit of Power: Europe 1815 - 1914,Richard J. Evans,"Evans, Richard J.",,"=""0670024570""","=""9780670024575""",4.0,Viking,Hardcover,848,2016,2016,2020/04/26,2020/03/25,provo,provo (#79),read,,,,1,0
6025160,Lords of Finance: The Bankers Who Broke the World,Liaquat Ahamed,"Ahamed, Liaquat",,"=""159420182X""","=""9781594201820""",0,Penguin Press,Hardcover,564,2009,2009,,2015/12/17,"to-read, provo","to-read (#246), provo (#78)",to-read,,,,0,0
348288,1688: A Global History,John E. Wills Jr.,"Jr., John E. Wills",,"=""0393322785""","=""9780393322781""",3.0,W. W. Norton & Company,Paperback,348,2002,2001,2020/03/13,2020/02/09,provo,provo (#77),read,,,,1,0
70561,The Gulag Archipelago 1918–1956 (Abridged),Aleksandr Solzhenitsyn,"Solzhenitsyn, Aleksandr",Edward E. Ericson Jr.,"=""0060007761""","=""9780060007768""",4.0,HarperCollins,Paperback,512,2002,1973,2019/11/26,2019/05/14,provo,provo (#76),read,,,,1,0
2709457,Fantastic Victory,W. Cleon Skousen,"Skousen, W. Cleon",,"=""""","=""""",0,Bookcraft,Hardcover,298,1974,1967,,2020/04/30,"to-read, provo","to-read (#530), provo (#75)",to-read,,,,0,0
160019,Reflections on the Revolution in France,Edmund Burke,"Burke, Edmund",L.G. Mitchell,"=""0192839780""","=""9780192839787""",0,Oxford University Press,Paperback,252,1999,1790,,2020/03/28,"to-read, provo","to-read (#524), provo (#74)",to-read,,,,0,0
157473,Men at War,Ernest Hemingway,"Hemingway, Ernest",,"=""0517066602""","=""9780517066607""",0,Wings Books,Hardcover,1072,1992,1942,,2020/04/30,"to-read, provo","to-read (#533), provo (#72)",to-read,,,,0,0
55304,Modern Times: The World from the Twenties to the Nineties,Paul  Johnson,"Johnson, Paul",,"=""0060922834""","=""9780060922832""",0,HarperPerennial,Paperback,880,1992,1983,,2019/07/06,"to-read, provo","to-read (#453), provo (#71)",to-read,,,,0,0
7170627,The Emperor of All Maladies: A Biography of Cancer,Siddhartha Mukherjee,"Mukherjee, Siddhartha",,"=""""","=""""",0,Scribner,Hardcover,472,2010,2010,,2021/03/25,"to-read, provo","to-read (#582), provo (#70)",to-read,,,,0,0
162556,The Search For Modern China,Jonathan D. Spence,"Spence, Jonathan D.",,"=""0393307808""","=""9780393307801""",0,W. W. Norton & Company,Paperback,912,1991,1990,,2021/01/05,"to-read, provo","to-read (#567), provo (#69)",to-read,,,,0,0
4886427,Basic Baseball Strategy: An Introduction for Coaches and Players,Chuck Freeman,"Freeman, Chuck",,"=""0071455019""","=""9780071455015""",0,McGraw Hill,Paperback,144,2006,1983,,2021/03/25,"to-read, provo","to-read (#581), provo (#68)",to-read,,,,0,0
168935,Cornerstone of Liberty: Property Rights in 21st Century America,Timothy Sandefur,"Sandefur, Timothy",,"=""1930865961""","=""9781930865969""",0,Cato Institute,Paperback,132,2006,2006,,2020/04/30,"to-read, provo","to-read (#534), provo (#67)",to-read,,,,0,0
76865,Good to Great: Why Some Companies Make the Leap... and Others Don't,Jim Collins,"Collins, Jim",,"=""0066620996""","=""9780066620992""",0,Harper Business,Hardcover,300,2001,2001,,2015/07/24,"to-read, provo","to-read (#47), provo (#66)",to-read,,,,0,0
8049273,"The Elegant Universe: Superstrings, Hidden Dimensions, and the Quest for the Ultimate Theory",Brian Greene,"Greene, Brian",,"=""039333810X""","=""9780393338102""",0,W. W. Norton & Company,Paperback,464,2010,1999,,2015/11/15,"to-read, provo","to-read (#144), provo (#65)",to-read,,,,0,0
180463,Leadership and Self-Deception: Getting Out of the Box,The Arbinger Institute,"Institute, The Arbinger",,"=""1576751740""","=""9781576751749""",4.0,Berrett-Koehler Publishers,Paperback,192,2002,2000,2021/02/16,2021/01/05,provo,provo (#63),read,,,,1,0
7865083,Liar's Poker,Michael   Lewis,"Lewis, Michael",,"=""039333869X""","=""9780393338690""",3.0,W. W. Norton & Company,Paperback,310,2010,1989,2021/03/21,2016/02/08,provo,provo (#62),read,,,,1,0
14583508,"Government Bullies: How Everyday  Americans Are Being Arrested, Abused, and Terrorized By the Feds",Rand Paul,"Paul, Rand",,"=""1455522759""","=""9781455522750""",0,Center Street,Hardcover,280,2012,2012,,2021/03/25,"to-read, provo","to-read (#580), provo (#61)",to-read,,,,0,0
4894,Who Moved My Cheese?,Spencer Johnson,"Johnson, Spencer",Kenneth H. Blanchard,"=""0091883768""","=""9780091883768""",0,Vermilion,Hardcover,98,2002,1998,,2020/03/28,"to-read, provo","to-read (#527), provo (#60)",to-read,,,,0,0
13584666,"The Medical Book: From Witch Doctors to Robot Surgeons, 250 Milestones in the History of Medicine (Union Square & Co. Milestones)",Clifford A. Pickover,"Pickover, Clifford A.",,"=""1402785852""","=""9781402785856""",0,Union Square & Co.,Hardcover,528,2012,2012,,2019/12/19,"to-read, provo","to-read (#506), provo (#59)",to-read,,,,0,0
5137947,Safeguarding Liberty: The Constitution and Citizens Militias,"Lawrence D. ""Larry"" Pratt","Pratt, Lawrence D. ""Larry""",,"=""188069218X""","=""9781880692189""",0,Legacy Communications,Paperback,351,1995,1995,,2019/09/18,"to-read, provo","to-read (#488), provo (#58)",to-read,,,,0,0
348623,The FairTax Book: Saying Goodbye to the Income Tax and the IRS,Neal Boortz,"Boortz, Neal",John Linder,"=""0060875410""","=""9780060875411""",0,William Morrow,Hardcover,208,2005,2005,,2019/08/03,"to-read, provo","to-read (#469), provo (#57)",to-read,,,,0,0
2300434,Ultimate: The Greatest Sport Ever Invented by Man,Pasquale Anthony Leonardo,"Leonardo, Pasquale Anthony",Cade Beaulieu,"=""189136975X""","=""9781891369759""",0,Breakaway Books,Paperback,148,2008,2007,,2015/08/09,"to-read, provo","to-read (#93), provo (#56)",to-read,,,,0,0
2015479,The Lords of Baseball: A Wry Look at a Side of the Game the Fan Seldom Sees - The Front Office,Harold Parrott,"Parrott, Harold",,"=""1563526824""","=""9781563526824""",0,Taylor Trade Publishing,Hardcover,256,2002,2002,,2020/03/28,"to-read, provo","to-read (#526), provo (#55)",to-read,,,,0,0
6687247,Too Big to Fail: The Inside Story of How Wall Street and Washington Fought to Save the Financial System from Crisis — and Themselves,Andrew Ross Sorkin,"Sorkin, Andrew Ross",,"=""0670021253""","=""9780670021253""",0,Viking,Hardcover,600,2009,2009,,2015/11/17,"to-read, on-the-shelf, provo","to-read (#150), on-the-shelf (#2), provo (#53)",to-read,,,,0,0
24724602,Flash Boys: A Wall Street Revolt,Michael   Lewis,"Lewis, Michael",,"=""0393351599""","=""9780393351590""",0,W. W. Norton & Company,Paperback,304,2015,2014,,2015/07/24,"to-read, provo","to-read (#50), provo (#52)",to-read,,,,0,0
30256874,"The Basic Writings of John Stuart Mill: On Liberty, The Subjection of Women, and Utilitarianism",John Stuart Mill,"Mill, John Stuart","J.B. Schneewind, Dale E. Miller","=""""","=""""",4.0,Modern Library,Paperback,400,2002,2002,2020/08/29,2019/08/03,provo,provo (#51),read,,,,1,0
1301,Moneyball,Michael   Lewis,"Lewis, Michael",,"=""0393324818""","=""9780393324815""",4.0,W. W. Norton & Company,Paperback,317,2004,2003,2019/08/25,2015/08/03,provo,provo (#50),read,,,,1,0
27247515,The Intimidation Game: How the Left Is Silencing Free Speech,Kimberley Strassel,"Strassel, Kimberley",,"=""1455591882""","=""9781455591886""",0,Twelve,Hardcover,416,2016,2016,,2019/12/19,"to-read, provo","to-read (#508), provo (#49)",to-read,,,,0,0
209176,The Wealth and Poverty of Nations: Why Some Are So Rich and Some So Poor,David S. Landes,"Landes, David S.",,"=""0393318885""","=""9780393318883""",0,W. W. Norton & Company,Paperback,531,1999,1998,,2015/08/06,"to-read, provo","to-read (#82), provo (#47)",to-read,,,,0,0
6388946,End the Fed,Ron Paul,"Paul, Ron",,"=""0446549193""","=""9780446549196""",4.0,Grand Central Publishing,Hardcover,212,2009,2009,2019/07/22,2015/11/03,provo,provo (#46),read,,,,1,0
5324676,"Candide, Zadig and Selected Stories",Voltaire,"Voltaire, Voltaire","John Iverson, Thaisa Frank, Donald M. Frame","=""0451531159""","=""9780451531155""",0,Signet,Mass Market Paperback,400,2009,1961,,2020/07/22,"to-read, provo","to-read (#557), provo (#45)",to-read,,,,0,0
1031,"Trump: Think Like a Billionaire: Everything You Need to Know About Success, Real Estate, and Life",Donald J. Trump,"Trump, Donald J.",Meredith McIver,"=""0345481402""","=""9780345481405""",0,Ballantine Books,Unknown Binding,288,2004,2004,,2019/08/03,"to-read, provo","to-read (#472), provo (#44)",to-read,,,,0,0
43565381,We Are the Weather: Saving the Planet Begins at Breakfast,Jonathan Safran Foer,"Foer, Jonathan Safran",,"=""0374280002""","=""9780374280000""",0,"Farrar, Straus and Giroux",Hardcover,288,2019,2019,,2019/08/12,"to-read, provo","to-read (#477), provo (#41)",to-read,,,,0,0
97820,Free to Choose: A Personal Statement,Milton Friedman,"Friedman, Milton",Rose Friedman,"=""0156334607""","=""9780156334600""",0,Harcourt,Paperback,356,1990,1979,,2015/07/24,"to-read, provo","to-read (#36), provo (#40)",to-read,,,,0,0
1072531,The Naked Communist,W. Cleon Skousen,"Skousen, W. Cleon",,"=""1568493673""","=""9781568493671""",0,Buccaneer Books,Hardcover,408,1994,1960,,2019/08/28,"to-read, provo","to-read (#485), provo (#38)",to-read,,,,0,0
6289283,"Born to Run: A Hidden Tribe, Superathletes, and the Greatest Race the World Has Never Seen",Christopher McDougall,"McDougall, Christopher",,"=""""","=""""",0,Knopf,Hardcover,287,2009,2009,,2019/08/01,"to-read, provo","to-read (#466), provo (#37)",to-read,,,,0,0
73186,The Case for Christ,Lee Strobel,"Strobel, Lee",,"=""0310226058""","=""9780310226055""",0,Zondervan,Mass Market Paperback,367,1998,1998,,2018/04/21,"to-read, provo","to-read (#356), provo (#36)",to-read,,,,0,0
10534,The Art of War,Sun Tzu,"Tzu, Sun",Thomas Cleary,"=""""","=""""",0,Harper Press,Paperback,170,2005,-500,,2015/07/24,"to-read, provo","to-read (#13), provo (#34)",to-read,,,,0,0
4865,How to Win Friends & Influence People,Dale Carnegie,"Carnegie, Dale",,"=""""","=""""",0,Gallery Books,Paperback,288,1998,1936,,2015/07/24,"to-read, on-the-shelf, provo","to-read (#26), on-the-shelf (#12), provo (#33)",to-read,,,,0,0
153747,"Moby-Dick or, The Whale",Herman Melville,"Melville, Herman","Andrew Delbanco, Tom Quirk","=""0142437247""","=""9780142437247""",0,Penguin Classics ,Paperback,720,2003,1851,,2015/07/24,"to-read, on-the-shelf, provo","to-read (#38), on-the-shelf (#34), provo (#32)",to-read,,,,0,0
188572,The Complete Sherlock Holmes,Arthur Conan Doyle,"Doyle, Arthur Conan",,"=""""","=""""",0,Bantam Classics,Paperback,1796,1986,1887,,2015/12/17,"to-read, provo","to-read (#242), provo (#31)",to-read,,,,0,0
662,Atlas Shrugged,Ayn Rand,"Rand, Ayn",Leonard Peikoff,"=""0452011876""","=""9780452011878""",0,Plume,Paperback,1168,1999,1957,,2015/07/24,"to-read, on-the-shelf, provo","to-read (#12), on-the-shelf (#11), provo (#29)",to-read,,,,0,0
46170,For Whom the Bell Tolls,Ernest Hemingway,"Hemingway, Ernest",,"=""""","=""""",0,Scribner,Paperback,471,1995,1940,,2015/07/24,"to-read, on-the-shelf, provo","to-read (#8), on-the-shelf (#10), provo (#28)",to-read,,,,0,0
6288,The Road,Cormac McCarthy,"McCarthy, Cormac",,"=""0307265439""","=""9780307265432""",0,Alfred A. Knopf,Hardcover,241,2006,2006,,2015/07/24,"to-read, provo","to-read (#25), provo (#26)",to-read,,,,0,0
6185,Wuthering Heights,Emily Brontë,"Brontë, Emily","Richard J. Dunn, Charlotte Brontë, John Bugg, Robert Heindel","=""""","=""""",0,Norton,Paperback,464,2002,1847,,2015/12/18,"to-read, provo","to-read (#251), provo (#25)",to-read,,,,0,0
11851522,The Complete Works of H.P. Lovecraft,H.P. Lovecraft,"Lovecraft, H.P.",,"=""""","=""""",0,CthulhuChick.com,Kindle Edition,811,2011,2020,,2021/03/25,"to-read, provo","to-read (#577), provo (#24)",to-read,,,,0,0
6440,Ivanhoe,Walter  Scott,"Scott, Walter",Graham Tulloch,"=""""","=""""",0,Penguin Books /Penguin Classics,Paperback,496,2000,1819,,2015/12/17,"to-read, provo","to-read (#244), provo (#23)",to-read,,,,0,0
5359,The Client,John Grisham,"Grisham, John",,"=""0385339089""","=""9780385339087""",0,Delta Trade Paperbacks,Paperback,483,2005,1993,,2019/01/09,"to-read, provo","to-read (#433), provo (#22)",to-read,,,,0,0
14897790,Er ist wieder da,Timur Vermes,"Vermes, Timur",Tähti Schmidt,"=""3847905171""","=""9783847905172""",0,Eichborn,Hardcover,400,2012,2012,,2018/07/11,"to-read, on-the-shelf, provo","to-read (#397), on-the-shelf (#39), provo (#21)",to-read,,,,0,0
77203,The Kite Runner,Khaled Hosseini,"Hosseini, Khaled",,"=""159463193X""","=""9781594631931""",4.0,Riverhead Books,Paperback,371,2004,2003,,2015/07/24,provo,provo (#17),read,,,,1,0
5129,Brave New World,Aldous Huxley,"Huxley, Aldous",,"=""0060929871""","=""9780060929879""",4.0,HarperPerennial / Perennial Classics,Paperback,288,1998,1932,2020/02/16,2015/07/24,provo,provo (#16),read,,,,1,0
16115612,And the Mountains Echoed,Khaled Hosseini,"Hosseini, Khaled",,"=""159463176X""","=""9781594631764""",4.0,Riverhead Books,Hardcover,404,2013,2012,2020/05/09,2015/12/16,provo,provo (#15),read,,,,1,0
226507,Smart Choices: A Practical Guide to Making Better Decisions,John S. Hammond,"Hammond, John S.","Ralph L. Keeney, Howard Raiffa","=""0767908864""","=""9780767908863""",3.0,Crown Business,Paperback,256,2002,1998,2021/02/11,2021/01/11,provo,provo (#14),read,,,,1,0
1,"Harry Potter and the Half-Blood Prince (Harry Potter, #6)",J.K. Rowling,"Rowling, J.K.",,"=""""","=""""",5.0,Scholastic Inc,Paperback,652,2006,2005,,2015/12/14,provo,provo (#13),read,,,,0,0
2,"Harry Potter and the Order of the Phoenix (Harry Potter, #5)",J.K. Rowling,"Rowling, J.K.",Mary GrandPré,"=""0439686520""","=""9780439686525""",5.0,Scholastic Inc.,Paperback,576,2004,2003,,2015/12/11,provo,provo (#12),read,,,,2,0
6,"Harry Potter and the Goblet of Fire (Harry Potter, #4)",J.K. Rowling,"Rowling, J.K.",Mary GrandPré,"=""0439139597""","=""9780439139595""",5.0,Scholastic,Paperback,734,2002,2000,,2015/12/14,provo,provo (#11),read,,,,2,0
15881,"Harry Potter and the Chamber of Secrets (Harry Potter, #2)",J.K. Rowling,"Rowling, J.K.",Mary GrandPré,"=""""","=""""",5.0,Arthur A. Levine Books,Hardcover,341,1999,1998,2020/07/17,2020/07/17,provo,provo (#10),read,,,,1,0
136251,"Harry Potter and the Deathly Hallows (Harry Potter, #7)",J.K. Rowling,"Rowling, J.K.",,"=""""","=""""",5.0,Arthur A. Levine Books,Hardcover,759,2007,2007,2020/08/16,2015/12/14,provo,provo (#9),read,,,,1,0
5,"Harry Potter and the Prisoner of Azkaban (Harry Potter, #3)",J.K. Rowling,"Rowling, J.K.",Mary GrandPré,"=""043965548X""","=""9780439655484""",5.0,Scholastic Inc.,Mass Market Paperback,547,2004,1999,2020/07/20,2019/08/17,provo,provo (#8),read,,,,1,0
3,"Harry Potter and the Sorcerer's Stone (Harry Potter, #1)",J.K. Rowling,"Rowling, J.K.",,"=""0439554934""","=""9780439554930""",5.0,Scholastic Inc,Hardcover,309,2003,1997,2020/07/12,2015/07/24,provo,provo (#7),read,,,,1,0
27254865,The Fountainhead,Ayn Rand,"Rand, Ayn",,"=""1101990899""","=""9781101990896""",4.0,Penguin Publishing Group,Mass Market Paperback,720,2015,1943,2019/10/15,2015/12/17,provo,provo (#6),read,,,,1,0
32499,The Pelican Brief,John Grisham,"Grisham, John",,"=""0385339704""","=""9780385339704""",0,Delta,Paperback,400,2006,1992,,2019/08/03,"to-read, provo","to-read (#473), provo (#4)",to-read,,,,0,0
5297,The Picture of Dorian Gray,Oscar Wilde,"Wilde, Oscar",Jeffrey Eugenides,"=""""","=""""",0,Random House: Modern Library,Paperback,272,2004,1890,,2015/07/26,"to-read, on-the-shelf, provo","to-read (#63), on-the-shelf (#47), provo (#3)",to-read,,,,0,0
44492286,Children of Dune (Dune #3),Frank Herbert,"Herbert, Frank",,"=""0593098242""","=""9780593098240""",4.0,Ace,Paperback,609,2019,1976,2021/03/15,2021/02/04,,,read,,,,2,0
4936457,The Time Traveller's Guide to Medieval England: A Handbook for Visitors to the Fourteenth Century,Ian Mortimer,"Mortimer, Ian",,"=""0224079948""","=""9780224079945""",0,The Bodley Head,Hardcover,342,2008,2008,,2021/03/07,to-read,to-read (#576),to-read,,,,0,0
106316,This is My God: A Guidebook to Judaism,Herman Wouk,"Wouk, Herman",,"=""0802726437""","=""9780802726438""",0,Christian Large Print,Paperback,395,1991,1959,,2021/02/18,to-read,to-read (#574),to-read,,,,0,0
41181911,Super Thinking: The Big Book of Mental Models,Gabriel Weinberg,"Weinberg, Gabriel",Lauren McCann,"=""0525533583""","=""9780525533580""",0,Portfolio,Hardcover,354,2019,2019,,2021/02/15,to-read,to-read (#573),to-read,,,,0,0
57936,Seven Pillars of Wisdom: A Triumph,T.E. Lawrence,"Lawrence, T.E.",,"=""0385418957""","=""9780385418959""",0,Anchor,Paperback,784,1991,1926,,2021/02/10,to-read,to-read (#572),to-read,,,,0,0
56487395,A Walk in my Shoes: Questions I’m Often Asked as a Gay Latter-day Saint,Ben Schilaty,"Schilaty, Ben",,"=""1649330200""","=""9781649330208""",0,Deseret Book Co,Kindle Edition,116,2020,,,2021/02/09,to-read,to-read (#571),to-read,,,,0,0
643390,The Real Estate Game: The Intelligent Guide To Decisionmaking And Investment,William J. Poorvu,"Poorvu, William J.",Jeffrey L. Cruikshank,"=""068485550X""","=""9780684855509""",0,Free Press,Hardcover,336,1999,1999,,2021/01/20,to-read,to-read (#570),to-read,,,,0,0
53052177,"Cynical Theories: How Activist Scholarship Made Everything about Race, Gender, and Identity—and Why This Harms Everybody",Helen Pluckrose,"Pluckrose, Helen",James   Lindsay,"=""1634312023""","=""9781634312028""",0,Pitchstone Publishing,Hardcover,348,2020,2020,,2021/01/05,to-read,to-read (#569),to-read,,,,0,0
44807363,America's Revolutionary Mind: A Moral History of the American Revolution and the Declaration That Defined It,C. Bradley Thompson,"Thompson, C. Bradley",,"=""1641770678""","=""9781641770675""",0,Encounter Books,Kindle Edition,450,2019,2019,,2019/11/21,to-read,to-read (#498),to-read,,,,0,0
7032076,Churchill,Paul  Johnson,"Johnson, Paul",,"=""0670021059""","=""9780670021055""",0,Viking,Hardcover,192,2009,2009,,2021/01/05,to-read,to-read (#568),to-read,,,,0,0
2915222,The Christian Life and Character of the Civil Institutions of the United States,Benjamin F. Morris,"Morris, Benjamin F.",,"=""0915815702""","=""9780915815708""",0,American Vision Press,Hardcover,1060,2010,1864,,2020/12/14,to-read,to-read (#566),to-read,,,,0,0
52076947,Irreversible Damage: The Transgender Craze Seducing Our Daughters,Abigail Shrier,"Shrier, Abigail",,"=""1684510317""","=""9781684510313""",0,Regnery Publishing,Hardcover,276,2020,2020,,2020/11/16,to-read,to-read (#565),to-read,,,,0,0
54625379,The Ickabog,J.K. Rowling,"Rowling, J.K.",,"=""1338732870""","=""9781338732870""",0,Scholastic Inc.,Hardcover,282,2020,2020,,2020/10/27,to-read,to-read (#563),to-read,,,,0,0
907011,My Grandfather's Son,Clarence Thomas,"Thomas, Clarence",,"=""0060565551""","=""9780060565558""",0,Harper,Hardcover,289,2007,2007,,2020/09/19,to-read,to-read (#562),to-read,,,,0,0
20900084,"Out of Poverty: Sweatshops in the Global Economy (Cambridge Studies in Economics, Choice, and Society)",Benjamin Powell,"Powell, Benjamin",,"=""1107688930""","=""9781107688933""",0,Cambridge University Press,Paperback,198,2014,2014,,2020/08/12,to-read,to-read (#560),to-read,,,,0,0
39000,Six Frigates: The Epic History of the Founding of the U. S. Navy,Ian W. Toll,"Toll, Ian W.",,"=""0393058476""","=""9780393058475""",0,W. W. Norton & Company,Hardcover,560,2006,2006,,2020/08/01,to-read,to-read (#559),to-read,,,,0,0
160034,Economics for Real People: An Introduction to the Austrian School,Gene Callahan,"Callahan, Gene",,"=""0945466412""","=""9780945466413""",0,Ludwig von Mises Institute,Paperback,351,2004,2002,,2020/07/25,to-read,to-read (#558),to-read,,,,0,0
6759,Infinite Jest,David Foster Wallace,"Wallace, David Foster",,"=""""","=""""",0,Back Bay Books,Paperback,1088,2005,1996,,2020/07/02,to-read,to-read (#554),to-read,,,,0,0
10357575,"1Q84 (1Q84, #1-3)",Haruki Murakami,"Murakami, Haruki","Jay Rubin, Philip Gabriel","=""0307593312""","=""9780307593313""",0,Knopf,Hardcover,944,2011,2009,,2020/07/02,to-read,to-read (#553),to-read,,,,0,0
4929,Kafka on the Shore,Haruki Murakami,"Murakami, Haruki",Philip Gabriel,"=""""","=""""",0,Vintage International,Paperback,467,2006,2002,,2020/07/02,to-read,to-read (#552),to-read,,,,0,0
402530,The Book: Playing the Percentages in Baseball,Tom M. Tango,"Tango, Tom M.","Tom M. Tango, Mitchel Lichtman, Andrew Dolphin","=""1597971294""","=""9781597971294""",0,Potomac Books,Paperback,385,2007,2006,,2020/06/28,to-read,to-read (#549),to-read,,,,0,0
205817,The Baseball Economist: The Real Game Exposed,J.C. Bradbury,"Bradbury, J.C.",,"=""0525949933""","=""9780525949930""",0,Dutton Adult,Hardcover,288,2007,2007,,2020/06/28,to-read,to-read (#548),to-read,,,,0,0
391288,The Selected Writings of Sir Edward Coke (3 Volume Set),Edward Coke,"Coke, Edward",Steve Sheppard,"=""0865973164""","=""9780865973169""",0,Liberty Fund,Paperback,1569,2005,2003,,2020/06/22,to-read,to-read (#546),to-read,,,,0,0
84596,Selected Works,Marcus Tullius Cicero,"Cicero, Marcus Tullius",Michael    Grant,"=""""","=""""",0,Penguin Classics,Paperback,272,2004,-43,,2020/06/22,to-read,to-read (#545),to-read,,,,0,0
70670,The Rise of the Roman Empire,Polybius,"Polybius, Polybius","Ian Scott-Kilvert, Frank William Walbank","=""0140443622""","=""9780140443622""",0,Penguin Classics,Paperback,576,1980,-170,,2020/06/22,to-read,to-read (#544),to-read,,,,0,0
34673040,University of Berkshire Hathaway: 30 Years of Lessons Learned from Warren Buffett & Charlie Munger at the Annual Shareholders Meeting,Daniel  Pecaut,"Pecaut, Daniel","Corey Wrenn, Austin  Pierce","=""""","=""""",0,Pecaut Wealth Management,Kindle Edition,338,2017,2017,,2020/06/20,to-read,to-read (#543),to-read,,,,0,0
52588583,"Chaos: Charles Manson, the CIA, and the Secret History of the Sixties",Tom O'Neill,"O'Neill, Tom",Dan Piepenbring,"=""0316477540""","=""9780316477543""",0,Back Bay Books,Paperback,521,2020,2019,,2020/06/19,to-read,to-read (#541),to-read,,,,0,0
13590842,Out of the Blue,Victor Cruz,"Cruz, Victor",Peter Schrager,"=""0451416155""","=""9780451416155""",3.0,Celebra,Hardcover,320,2012,2012,2019/03/14,2018/12/01,,,read,,,,1,0
56829,Hackers: Heroes of the Computer Revolution,Steven Levy,"Levy, Steven",,"=""0141000511""","=""9780141000510""",0,Penguin Books,Paperback,464,2001,1984,,2020/06/19,to-read,to-read (#539),to-read,,,,0,0
29496076,Killers of the Flower Moon: The Osage Murders and the Birth of the FBI,David Grann,"Grann, David",,"=""0385534256""","=""9780385534253""",0,Doubleday,ebook,359,2017,2017,,2020/06/16,to-read,to-read (#538),to-read,,,,0,0
4214,Life of Pi,Yann Martel,"Martel, Yann",,"=""0770430074""","=""9780770430078""",0,Seal Books,Paperback,460,2006,2001,,2020/05/29,to-read,to-read (#536),to-read,,,,0,0
86168,The Tempting of America,Robert H. Bork,"Bork, Robert H.",,"=""0684843374""","=""9780684843377""",0,Free Press,Paperback,448,1997,1990,,2020/04/29,to-read,to-read (#529),to-read,,,,0,0
2287656,Selected Essays  The Translation of Donald M. Frame,Michel de Montaigne,"Montaigne, Michel de",,"=""""","=""""",0,The Franklin Library,Leather Bound,482,1981,2011,,2020/03/28,to-read,to-read (#525),to-read,,,,0,0
40779082,The Guns of August,Barbara W. Tuchman,"Tuchman, Barbara W.",,"=""""","=""""",0,Random House,Kindle Edition,710,2009,1962,,2020/03/11,to-read,to-read (#521),to-read,,,,0,0
37415,Their Eyes Were Watching God,Zora Neale Hurston,"Hurston, Zora Neale",,"=""0061120065""","=""9780061120060""",4.0,Amistad,Paperback,238,2006,1937,2020/02/29,2020/02/26,,,read,,,,1,0
18085529,"Uncle Sam Can't Count: A History of Failed Government Investments, from Beaver Pelts to Green Energy",Burton W. Folsom Jr.,"Jr., Burton W. Folsom",Anita Folsom,"=""0062292692""","=""9780062292698""",0,Broadside Books,Hardcover,256,2014,2014,,2020/02/24,to-read,to-read (#520),to-read,,,,0,0
424575,The Myth of the Robber Barons: A New Look at the Rise of Big Business in America,Burton W. Folsom Jr.,"Jr., Burton W. Folsom",Forrest McDonald,"=""0963020315""","=""9780963020314""",0,Young America's Foundation,Paperback,172,2018,1991,,2020/02/24,to-read,to-read (#519),to-read,,,,0,0
5481,Brave New World Revisited,Aldous Huxley,"Huxley, Aldous",,"=""0060898526""","=""9780060898526""",0,Harper Perennial Modern Classics,Paperback,123,2006,1958,,2020/02/12,to-read,to-read (#517),to-read,,,,0,0
2977314,Many are Called But few are Chosen,H. Verlan Andersen,"Andersen, H. Verlan",,"=""1576360431""","=""9781576360439""",0,SunRise Publishing,,92,1997,1967,,2020/02/11,to-read,to-read (#516),to-read,,,,0,0
1725009,The Book of Mormon and the Constitution,H. Verlan Andersen,"Andersen, H. Verlan",,"=""0964455218""","=""9780964455214""",0,SunRise Pub,Paperback,244,1995,1995,,2020/02/11,to-read,to-read (#515),to-read,,,,0,0
4449068,A Message to Garcia,Elbert Hubbard,"Hubbard, Elbert",Jason Liller,"=""0937539651""","=""9780937539651""",5.0,Tremendous Leadership,Paperback,32,2002,1899,2020/02/05,2020/02/05,,,read,,,,1,0
36162686,Daisy Miller,Henry James,"James, Henry",,"=""""","=""""",3.0,"Dover Publications, Inc.",Paperback,59,1995,1879,2020/02/05,2020/01/22,,,read,,,,1,0
4806,Longitude: The True Story of a Lone Genius Who Solved the Greatest Scientific Problem of His Time,Dava Sobel,"Sobel, Dava",Neil Armstrong,"=""0802714625""","=""9780802714626""",0,Walker Books,Hardcover,184,2005,1995,,2020/02/03,to-read,to-read (#514),to-read,,,,0,0
764347,"Unwind (Unwind, #1)",Neal Shusterman,"Shusterman, Neal",,"=""""","=""""",0,Simon & Schuster Books for Young Readers,Hardcover,337,2007,2007,,2020/01/23,to-read,to-read (#513),to-read,,,,0,0
50776,The Blithedale Romance,Nathaniel Hawthorne,"Hawthorne, Nathaniel",,"=""1406501336""","=""9781406501339""",3.0,Dodo Press,Paperback,204,2005,1852,2020/01/22,2020/01/19,,,read,,,,1,0
161744,Common Sense,Thomas Paine,"Paine, Thomas",George Vafiadis,"=""0143036254""","=""9780143036258""",4.0,Penguin,Paperback,104,2005,1776,2020/01/16,2020/01/15,,,read,,,,1,0
55129,"A Pirate of Exquisite Mind: Explorer, Naturalist, and Buccaneer: The Life of William Dampier",Diana Preston,"Preston, Diana",Michael Preston,"=""0802714250""","=""9780802714251""",0,Walker Books,Hardcover,372,2004,2004,,2020/01/10,to-read,to-read (#512),to-read,,,,0,0
33124137,Pet Sematary,Stephen  King,"King, Stephen",,"=""""","=""""",0,Scribner,Kindle Edition,580,2014,1983,,2020/01/10,to-read,to-read (#511),to-read,,,,0,0
18465875,Countdown to Zero Day: Stuxnet and the Launch of the World's First Digital Weapon,Kim Zetter,"Zetter, Kim",,"=""077043617X""","=""9780770436179""",0,Crown,Hardcover,406,2014,2014,,2020/01/08,to-read,to-read (#510),to-read,,,,0,0
29925,"Gods and Generals (The Civil War Trilogy, #1)",Jeff Shaara,"Shaara, Jeff",,"=""1841580651""","=""9781841580654""",0,Birlinn,Paperback,498,2000,1996,,2019/12/22,to-read,to-read (#509),to-read,,,,0,0
25776108,Boys Among Men: How the Prep-to-Pro Generation Redefined the NBA and Sparked a Basketball Revolution,Jonathan Abrams,"Abrams, Jonathan",,"=""0804139253""","=""9780804139250""",0,Crown Archetype,Hardcover,313,2016,2016,,2019/12/16,to-read,to-read (#505),to-read,,,,0,0
12031563,"Coming Apart: The State of White America, 1960-2010",Charles Murray,"Murray, Charles",,"=""0307453421""","=""9780307453426""",0,Crown Forum,Hardcover,416,2012,2012,,2019/12/06,to-read,to-read (#503),to-read,,,,0,0
11324722,The Righteous Mind: Why Good People Are Divided by Politics and Religion,Jonathan Haidt,"Haidt, Jonathan",,"=""""","=""""",0,Pantheon,Hardcover,419,2012,2012,,2019/12/03,to-read,to-read (#502),to-read,,,,0,0
26403865,Are We Rome?,Lawrence  W. Reed,"Reed, Lawrence W.",,"=""""","=""""",4.0,Foundation for Economic Education,Kindle Edition,10,2015,2015,,2019/12/02,,,read,,,,1,0
2153998,"I, Pencil: My Family Tree As Told to Leonard E. Read",Leonard Edward Read,"Read, Leonard Edward",,"=""1572462094""","=""9781572462090""",4.0,The Foundation for Economic Ed,,11,,1958,,2019/12/02,,,read,,,,1,0
16143347,We Were Liars,E. Lockhart,"Lockhart, E.",,"=""0385741278""","=""9780385741279""",0,Delacorte Press,Paperback,320,2018,2014,,2019/12/01,to-read,to-read (#501),to-read,,,,0,0
39026990,How to Invent Everything: A Survival Guide for the Stranded Time Traveler,Ryan North,"North, Ryan",,"=""073522014X""","=""9780735220140""",0,Riverhead Books,Hardcover,437,2018,2018,,2018/08/05,to-read,to-read (#406),to-read,,,,0,0
15997,Paradise Lost,John Milton,"Milton, John",,"=""0140424393""","=""9780140424393""",0,Penguin Classics,Paperback,453,2003,1667,,2019/11/27,to-read,to-read (#500),to-read,,,,0,0
12505,The Idiot,Fyodor Dostoevsky,"Dostoevsky, Fyodor","Anna Brailovsky, Joseph Frank, Constance Garnett","=""0679642420""","=""9780679642428""",0,Modern Library,Paperback,667,2003,1869,,2019/11/26,to-read,to-read (#499),to-read,,,,0,0
44174528,The Marginal Revolutionaries: How Austrian Economists Fought the War of Ideas,Janek Wasserman,"Wasserman, Janek",,"=""0300228228""","=""9780300228229""",0,Yale University Press,Hardcover,368,2019,2019,,2019/11/13,to-read,to-read (#497),to-read,,,,0,0
22241044,"The Lincoln Hypothesis: A Modern-day Abolitionist Investigates the Possible Connection Between Joseph Smith, the Book of Mormon, and Abraham Lincoln",Timothy Ballard,"Ballard, Timothy",,"=""1609078632""","=""9781609078638""",0,Deseret Book Company,Hardcover,240,2014,2014,,2019/11/13,to-read,to-read (#496),to-read,,,,0,0
7024307,Seven Miracles That Saved America: Why They Matter and Why We Should Have Hope,Chris Stewart,"Stewart, Chris",Ted Stewart,"=""1606411446""","=""9781606411445""",0,Shadow Mountain,Hardcover,356,2009,2009,,2019/11/13,to-read,to-read (#495),to-read,,,,0,0
3004525,Hamilton's Curse: How Jefferson's Arch Enemy Betrayed the American Revolution--and What It Means for Americans Today,Thomas J. DiLorenzo,"DiLorenzo, Thomas J.",,"=""0307382842""","=""9780307382849""",0,Crown Forum,Hardcover,245,2008,2008,,2019/10/30,to-read,to-read (#494),to-read,,,,0,0
7260188,"Mockingjay (The Hunger Games, #3)",Suzanne Collins,"Collins, Suzanne",,"=""0439023513""","=""9780439023511""",0,Scholastic Press,Hardcover,390,2010,2010,,2019/10/02,,,read,,,,1,0
2671101,"""In Defense of Freedom"" and Related Essays",Frank S. Meyer,"Meyer, Frank S.",,"=""0865971404""","=""9780865971400""",0,Liberty Fund,Paperback,261,1996,1962,,2019/10/02,to-read,to-read (#493),to-read,,,,0,0
42772110,Around the World on 50 Bucks: How I Left with Nothing and Returned a Rich Man,Christopher Schacht,"Schacht, Christopher",,"=""078522940X""","=""9780785229407""",0,Thomas Nelson,Paperback,304,2019,2018,,2019/09/26,to-read,to-read (#491),to-read,,,,0,0
6411016,Matterhorn,Karl Marlantes,"Marlantes, Karl",,"=""0979528534""","=""9780979528538""",0,El Leon Literary Arts,Paperback,663,2009,2010,,2019/09/24,to-read,to-read (#490),to-read,,,,0,0
42101705,Debunking Howard Zinn: Exposing the Fake History That Turned a Generation against America,Mary Grabar,"Grabar, Mary",,"=""1621577732""","=""9781621577737""",0,Regnery History,Hardcover,352,2019,2019,,2019/09/18,to-read,to-read (#489),to-read,,,,0,0
123632,Man and His Symbols,C.G. Jung,"Jung, C.G.","Joseph L. Henderson, Aniela Jaffé, Jolande Jacobi, Marie-Louise von Franz, John    Freeman","=""0440351839""","=""9780440351832""",0,Dell,Mass Market Paperback,415,1968,1964,,2019/09/18,to-read,to-read (#487),to-read,,,,0,0
18770267,Make It Stick: The Science of Successful Learning,Peter C. Brown,"Brown, Peter C.","Henry L. Roediger III, Mark A. McDaniel","=""0674729013""","=""9780674729018""",0,Belknap Press: An Imprint of Harvard University Press,Hardcover,313,2014,2014,,2019/08/29,to-read,to-read (#486),to-read,,,,0,0
13260131,"No, They Can't: Why Government Fails-But Individuals Succeed",John Stossel,"Stossel, John",,"=""1451640943""","=""9781451640946""",0,Threshold Editions,Hardcover,306,2012,2012,,2019/08/26,to-read,to-read (#484),to-read,,,,0,0
17214,Starship Troopers,Robert A. Heinlein,"Heinlein, Robert A.",,"=""""","=""""",0,Ace Books,Mass Market Paperback,264,1987,1959,,2019/08/26,to-read,to-read (#483),to-read,,,,0,0
154255,"Man, Economy, And State: A Treatise On Economic Principles",Murray N. Rothbard,"Rothbard, Murray N.",,"=""0945466323""","=""9780945466321""",0,Ludwig Von Mises Institute,Paperback,987,1993,1962,,2019/08/26,to-read,to-read (#482),to-read,,,,0,0
16690,The Moon Is a Harsh Mistress,Robert A. Heinlein,"Heinlein, Robert A.",,"=""0340837942""","=""9780340837948""",0,Hodder & Stoughton,Paperback,288,2005,1966,,2019/08/26,to-read,to-read (#481),to-read,,,,0,0
43545,"The Once and Future King (The Once and Future King, #1–5)",T.H. White,"White, T.H.",,"=""""","=""""",0,Ace,Mass Market Paperback,639,1987,1958,,2015/12/17,"to-read, gonna-get, king-arthur","to-read (#232), gonna-get (#9), king-arthur (#14)",to-read,,,,0,0
141969,Selected Political Writings,Montesquieu,"Montesquieu, Montesquieu",Melvin Richter,"=""0872200906""","=""9780872200906""",0,"Hackett Publishing Company, Inc.",Paperback,304,1990,1990,,2019/08/24,to-read,to-read (#480),to-read,,,,0,0
960,"Angels & Demons (Robert Langdon, #1)",Dan    Brown,"Brown, Dan",,"=""1416524797""","=""9781416524793""",4.0,Pocket Books,Mass Market Paperback,736,2006,2000,2019/08/22,2015/07/24,,,read,,,,1,0
6058,The Road Back,Erich Maria Remarque,"Remarque, Erich Maria",,"=""1931541744""","=""9781931541749""",0,Simon Publications,Paperback,352,2001,1931,,2019/08/17,to-read,to-read (#479),to-read,,,,0,0
1923820,The Holy Bible: King James Version,Anonymous,"Anonymous, Anonymous",,"=""""","=""""",0,,Hardcover,1590,2008,1611,,2019/08/17,,,read,,,,1,0
11337,The Bluest Eye,Toni Morrison,"Morrison, Toni",,"=""""","=""""",0,Plume,Paperback,216,2005,1970,,2019/08/06,to-read,to-read (#476),to-read,,,,0,0
398162,The Mormon Way of Doing Business: Leadership and Success Through Faith and Family,Jeff Benedict,"Benedict, Jeff",,"=""0446578592""","=""9780446578592""",0,Business Plus,Hardcover,256,2007,2007,,2019/08/03,to-read,to-read (#475),to-read,,,,0,0
136116,The Scarlet Pimpernel,Emmuska Orczy,"Orczy, Emmuska",,"=""1576469239""","=""9781576469231""",0,Quiet Vision Pub,Paperback,182,2005,1905,,2019/08/01,to-read,to-read (#468),to-read,,,,0,0
42287,"The Perfect Mile: Three Athletes, One Goal, and Less Than Four Minutes to Achieve It",Neal Bascomb,"Bascomb, Neal",,"=""0618562095""","=""9780618562091""",0,Mariner Books,Paperback,322,2005,2004,,2019/08/01,to-read,to-read (#467),to-read,,,,0,0
2226058,The Dirty Dozen: How Twelve Supreme Court Cases Radically Expanded Government and Eroded Freedom,Robert A. Levy,"Levy, Robert A.",William Mellor,"=""1595230505""","=""9781595230508""",0,Sentinel HC,Hardcover,302,2008,2008,,2019/08/01,to-read,to-read (#465),to-read,,,,0,0
6934430,The Income Tax: Root of All Evil,Frank Chodorov,"Chodorov, Frank",,"=""""","=""""",0,The Devin-Adair Company,Hardcover,133,1963,1954,,2019/08/01,to-read,to-read (#464),to-read,,,,0,0
17802966,"The Climate Casino: Risk, Uncertainty, and Economics for a Warming World",William D. Nordhaus,"Nordhaus, William D.",,"=""030018977X""","=""9780300189773""",0,Yale University Press,Hardcover,392,2013,2013,,2019/07/30,to-read,to-read (#463),to-read,,,,0,0
70535,"2001: A Space Odyssey (Space Odyssey, #1)",Arthur C. Clarke,"Clarke, Arthur C.",,"=""""","=""""",0,Roc,Paperback,297,2000,1968,,2019/07/29,to-read,to-read (#462),to-read,,,,0,0
16299,And Then There Were None,Agatha Christie,"Christie, Agatha",,"=""0312330871""","=""9780312330873""",0,St. Martin's Griffin,Paperback,264,2004,1939,,2015/12/19,to-read,to-read (#255),to-read,,,,0,0
18143977,All the Light We Cannot See,Anthony Doerr,"Doerr, Anthony",,"=""1476746583""","=""9781476746586""",0,Scribner,Hardcover,531,2014,2014,,2015/12/16,to-read,to-read (#213),to-read,,,,0,0
128029,A Thousand Splendid Suns,Khaled Hosseini,"Hosseini, Khaled",,"=""1594489505""","=""9781594489501""",0,Riverhead Books,Hardcover,372,2007,2007,,2015/12/17,to-read,to-read (#227),to-read,,,,0,0
11387515,"Wonder (Wonder, #1)",R.J. Palacio,"Palacio, R.J.",,"=""0375869026""","=""9780375869020""",0,Alfred A. Knopf,Hardcover,315,2012,2012,,2018/06/03,to-read,to-read (#380),to-read,,,,0,0
43015877,The Smallest Minority: Independent Thinking in the Age of Mob Politics,Kevin D. Williamson,"Williamson, Kevin D.",,"=""1621579689""","=""9781621579687""",0,Regnery Gateway,Hardcover,256,2019,2019,,2019/07/29,to-read,to-read (#461),to-read,,,,0,0
13154952,Calico Joe,John Grisham,"Grisham, John",,"=""0385536070""","=""9780385536073""",3.0,Doubleday,Hardcover,198,2012,2012,2019/07/24,2018/12/01,on-the-shelf,on-the-shelf (#49),read,,,,1,0
8908,World War Z: An Oral History of the Zombie War,Max Brooks,"Brooks, Max",,"=""0307346609""","=""9780307346605""",3.0,Crown,Hardcover,342,2006,2006,2019/07/16,2019/01/08,,,read,,,,1,0
23214259,The Constitution: An Introduction,Michael Stokes Paulsen,"Paulsen, Michael Stokes",Luke Paulsen,"=""0465053726""","=""9780465053728""",0,Basic Books,Hardcover,368,2015,2015,,2019/07/12,to-read,to-read (#458),to-read,,,,0,0
141958,The Spirit of the Laws,Montesquieu,"Montesquieu, Montesquieu","Anne M. Cohler, Basia Carolyn Miller, Harold Samuel Stone","=""0521369746""","=""9780521369749""",0,Cambridge University Press,Paperback,808,1989,1748,,2019/07/11,to-read,to-read (#457),to-read,,,,0,0
670941,The Least Dangerous Branch: The Supreme Court at the Bar of Politics,Alexander M. Bickel,"Bickel, Alexander M.",,"=""0300032994""","=""9780300032994""",0,Yale University Press,Paperback,320,1986,1986,,2019/07/11,to-read,to-read (#456),to-read,,,,0,0
2218102,Maps of Meaning: The Architecture of Belief,Jordan B. Peterson,"Peterson, Jordan B.",,"=""0415922224""","=""9780415922227""",0,Routledge,Paperback,564,1999,1999,,2019/06/28,to-read,to-read (#452),to-read,,,,0,0
35068947,"Why Young Men: Rage, Race and the Crisis of Identity",Jamil Jivani,"Jivani, Jamil",,"=""1443453218""","=""9781443453219""",0,HarperCollins Publishers,Kindle Edition,264,2018,2018,,2019/06/17,to-read,to-read (#450),to-read,,,,0,0
38712616,Capitalism in America: An Economic History of the United States,Alan Greenspan,"Greenspan, Alan",Adrian Wooldridge,"=""0735222452""","=""9780735222458""",0,Penguin Random House,Kindle Edition,496,2018,2018,,2019/06/11,to-read,to-read (#449),to-read,,,,0,0
3624530,"A Summary View of the Rights of British America. Reprinted from the Original Ed (Burt Franklin Research and Source Works Series, 833. American)",Thomas Jefferson,"Jefferson, Thomas",,"=""0833718347""","=""9780833718341""",0,Burt Franklin,Hardcover,31,1971,1776,,2019/06/10,to-read,to-read (#448),to-read,,,,0,0
3412,The Thorn Birds,Colleen McCullough,"McCullough, Colleen",,"=""""","=""""",4.0,Avon Books,Mass Market Paperback,692,1977,1977,2019/06/04,2015/12/17,,,read,,,,1,0
7048818,How an Economy Grows and Why It Crashes,Peter D. Schiff,"Schiff, Peter D.",,"=""047052670X""","=""9780470526705""",0,Wiley,Hardcover,256,2010,2010,,2019/05/31,to-read,to-read (#447),to-read,,,,0,0
148647,A Matter of Interpretation: Federal Courts and the Law,Antonin Scalia,"Scalia, Antonin",Amy Gutmann,"=""0691004005""","=""9780691004006""",0,Princeton University Press,Paperback,176,1998,1997,,2019/05/24,to-read,to-read (#446),to-read,,,,0,0
34237826,Grant,Ron Chernow,"Chernow, Ron",,"=""159420487X""","=""9781594204876""",0,Penguin Press ,Hardcover,1074,2017,2017,,2019/04/19,to-read,to-read (#443),to-read,,,,0,0
937683,"The Soviet Experiment: Russia, the USSR, and the Successor States",Ronald Grigor Suny,"Suny, Ronald Grigor",,"=""0195081056""","=""9780195081053""",0,"Oxford University Press, USA",Paperback,560,1997,1997,,2019/04/03,to-read,to-read (#440),to-read,,,,0,0
42360846,Normandy '44: D-Day and the Epic 77-Day Battle for France,James  Holland,"Holland, James",,"=""0802129420""","=""9780802129420""",0,Atlantic Monthly Press,Hardcover,650,2019,2019,,2019/03/28,to-read,to-read (#439),to-read,,,,0,0
2948289,Elektra: Tragödie in einem Aufzuge.,Hugo von Hofmannsthal,"Hofmannsthal, Hugo von",,"=""""","=""""",2.0,Adolph Fürstner,,74,1908,1903,2019/03/27,2019/03/14,,,read,,,,1,0
18736925,Capital in the Twenty First Century,Thomas Piketty,"Piketty, Thomas",Arthur Goldhammer,"=""067443000X""","=""9780674430006""",0,Belknap Press: An Imprint of Harvard University Press,Hardcover,685,2014,2013,,2019/03/27,to-read,to-read (#438),to-read,,,,0,0
38670068,"»Neger, Neger, Schornsteinfeger!«: Meine Kindheit in Deutschland (German Edition)",Hans J. Massaquoi,"Massaquoi, Hans J.",,"=""3104002991""","=""9783104002996""",3.0,FISCHER Taschenbuch,Kindle Edition,513,2010,1999,2018/08/16,2018/05/20,,,read,,,,1,0
31871,History of Political Philosophy,Leo Strauss,"Strauss, Leo",Joseph Cropsey,"=""0226777103""","=""9780226777108""",0,University of Chicago Press,Paperback,980,1987,1963,,2019/03/20,to-read,to-read (#437),to-read,,,,0,0
29563503,"Reclaiming Israel's History: Roots, Rights, and the Struggle for Peace",David Brog,"Brog, David",,"=""162157590X""","=""9781621575900""",0,Regnery,Hardcover,288,2017,,,2019/03/18,to-read,to-read (#436),to-read,,,,0,0
216363,The Man in the High Castle (Vintage),Philip K. Dick,"Dick, Philip K.",,"=""0679740678""","=""9780679740674""",0,Vintage,Paperback,259,1992,1962,,2019/03/14,to-read,to-read (#435),to-read,,,,0,0
105146,Differentiate or Die: Survival in Our Era of Killer Competition,Jack Trout,"Trout, Jack",,"=""0471028924""","=""9780471028925""",0,Wiley,Paperback,240,2001,,,2019/03/05,to-read,to-read (#434),to-read,,,,0,0
3028,Economics in One Lesson,Henry Hazlitt,"Hazlitt, Henry",,"=""""","=""""",0,Three Rivers Press,Paperback,218,1979,1946,,2015/12/03,"to-read, on-the-shelf","to-read (#193), on-the-shelf (#52)",to-read,,,,0,0
21413663,"Beowulf: A Translation and Commentary, together with Sellic Spell",Unknown,"Unknown, Unknown","Christopher Tolkien, J.R.R. Tolkien","=""0544442784""","=""9780544442788""",0,William Morrow,Hardcover,425,2014,2014,,2015/09/25,to-read,to-read (#195),to-read,,,,0,0
19779957,"Commerce with the Universe: Africa, India, and the Afrasian Imagination",Gaurav Desai,"Desai, Gaurav",,"=""""","=""""",0,Columbia University Press,Kindle Edition,314,2013,2013,,2018/12/18,"to-read, on-the-shelf","to-read (#428), on-the-shelf (#50)",to-read,,,,0,0
15843102,Treasury's War: The Unleashing of a New Era of Financial Warfare,Juan Zarate,"Zarate, Juan",,"=""1610391152""","=""9781610391153""",0,PublicAffairs,Hardcover,512,2013,2013,,2018/12/18,"to-read, on-the-shelf","to-read (#427), on-the-shelf (#51)",to-read,,,,0,0
46461,A Small Town in Germany,John le Carré,"Carré, John le",,"=""0743431715""","=""9780743431712""",0,Scribner,Mass Market Paperback,338,2008,1968,,2019/01/09,to-read,to-read (#432),to-read,,,,0,0
6424171,"Jurassic Park (Jurassic Park, #1)",Michael Crichton,"Crichton, Michael",,"=""0345370775""","=""9780345370778""",0,Ballantine Books,Mass Market Paperback,416,1991,1990,,2015/11/22,to-read,to-read (#175),to-read,,,,0,0
11240055,Primetime Propaganda: The True Hollywood Story of How the Left Took Over Your TV,Ben Shapiro,"Shapiro, Ben",,"=""0061934771""","=""9780061934773""",0,Broadside Books,Hardcover,416,2011,2011,,2018/11/30,to-read,to-read (#423),to-read,,,,0,0
30759083,"The Spider Network: The Wild Story of a Math Genius, a Gang of Backstabbing Bankers, and One of the Greatest Scams in Financial History",David Enrich,"Enrich, David",,"=""0753557495""","=""9780753557495""",0,Custom House/Harper Collins,Hardcover,528,2017,2017,,2018/11/28,to-read,to-read (#421),to-read,,,,0,0
33917107,On Tyranny: Twenty Lessons from the Twentieth Century,Timothy Snyder,"Snyder, Timothy",,"=""0804190119""","=""9780804190114""",0,Tim Duggan Books,Paperback,127,2017,2017,,2018/11/15,to-read,to-read (#420),to-read,,,,0,0
36592392,Lords of the Desert: Britain's Struggle with America to Dominate the Middle East,James   Barr,"Barr, James",,"=""1471139794""","=""9781471139796""",0,Simon & Schuster UK Ltd.,Hardcover,416,2018,2018,,2018/11/07,to-read,to-read (#418),to-read,,,,0,0
25790947,The Medici (Italian Histories),Paul Strathern,"Strathern, Paul",,"=""1605989665""","=""9781605989662""",0,Pegasus Books,Hardcover,464,2016,2003,,2015/12/17,to-read,to-read (#220),to-read,,,,0,0
2016691,John Paul Jones: A Sailor's Biography,Samuel Eliot Morison,"Morison, Samuel Eliot",,"=""1557504105""","=""9781557504104""",0,Naval Institute Press,Paperback,568,1999,1959,,2018/09/01,to-read,to-read (#417),to-read,,,,0,0
36978045,Attucks!: Oscar Robertson and the Basketball Team That Awakened a City,Phillip Hoose,"Hoose, Phillip",,"=""0374306125""","=""9780374306120""",0,"Farrar, Straus and Giroux (BYR)",Hardcover,224,2018,2018,,2018/08/28,to-read,to-read (#416),to-read,,,,0,0
38819294,John Stuart Mill: A Secular Life (Spiritual Lives),Timothy Larsen,"Larsen, Timothy",,"=""0198753152""","=""9780198753155""",0,Oxford University Press,Hardcover,256,2018,,,2018/08/28,to-read,to-read (#415),to-read,,,,0,0
40961571,"The Arsenal of Democracy: FDR, Ford Motor Company, and Their Epic Quest to Arm an America at War",A.J. Baime,"Baime, A.J.",,"=""""","=""""",0, Mariner Books; Reprint edition,Kindle Edition,389,2014,2014,,2018/08/25,to-read,to-read (#414),to-read,,,,0,0
332613,One Flew Over the Cuckoo’s Nest,Ken Kesey,"Kesey, Ken",,"=""""","=""""",3.0,Signet,Mass Market Paperback,325,1963,1962,2018/08/25,2015/07/24,,,read,,,,1,0
38734739,Reagan: An American Journey,Bob Spitz,"Spitz, Bob",,"=""1594205310""","=""9781594205316""",0,Penguin,Hardcover,863,2018,2018,,2018/08/05,to-read,to-read (#413),to-read,,,,0,0
35457252,The Strange Case of Dr. Couney: How a Mysterious European Showman Saved Thousands of American Babies,Dawn Raffel,"Raffel, Dawn",,"=""0399175741""","=""9780399175749""",0,Blue Rider Press,Hardcover,304,2018,2018,,2018/08/05,to-read,to-read (#411),to-read,,,,0,0
37586323,The Spy and the Traitor: The Greatest Espionage Story of the Cold War,Ben Macintyre,"Macintyre, Ben",,"=""1101904194""","=""9781101904190""",0,Crown,Hardcover,358,2018,2018,,2018/08/05,to-read,to-read (#410),to-read,,,,0,0
38657386,Leadership: In Turbulent Times,Doris Kearns Goodwin,"Goodwin, Doris Kearns",,"=""""","=""""",0,Simon & Schuster,Hardcover,473,2018,2018,,2018/08/05,to-read,to-read (#409),to-read,,,,0,0
38363129,Valley Forge,Bob Drury,"Drury, Bob",Tom Clavin,"=""1501152718""","=""9781501152719""",0,Simon & Schuster,Hardcover,464,2018,2018,,2018/08/05,to-read,to-read (#408),to-read,,,,0,0
38212132,"Black Flags, Blue Waters: The Epic History of America's Most Notorious Pirates",Eric Jay Dolin,"Dolin, Eric Jay",,"=""1631492101""","=""9781631492105""",0,Liveright,Hardcover,380,2018,2018,,2018/08/05,to-read,to-read (#407),to-read,,,,0,0
38363272,In the Hurricane's Eye: The Genius of George Washington and the Victory at Yorktown,Nathaniel Philbrick,"Philbrick, Nathaniel",,"=""0525426760""","=""9780525426769""",0,Viking,Hardcover,366,2018,2018,,2018/08/05,to-read,to-read (#405),to-read,,,,0,0
38915698,"Seeking Allah, Finding Jesus: A Devout Muslim Encounters Christianity",Nabeel Qureshi,"Qureshi, Nabeel",Lee Strobel,"=""0310092647""","=""9780310092643""",0,Zondervan,Paperback,384,2018,2014,,2018/08/05,to-read,to-read (#404),to-read,,,,0,0
1612379,Winnetou I: Kepala Suku Apache,Karl May,"May, Karl","Primardiana H. Wijayati, Samuel Limahekin, Sawitri Retnantiti, Dewi Kartika, Rizman Usman, Rosyidah, Desti Nur Aini, Ani Inataliza","=""9799737605""","=""9789799737601""",0,Pustaka Primatama,Paperback,496,2003,1893,,2018/07/11,"to-read, on-the-shelf","to-read (#396), on-the-shelf (#38)",to-read,,,,0,0
223635,Mephisto,Klaus Mann,"Mann, Klaus",Robin Smyth,"=""0140189181""","=""9780140189186""",0,Penguin Classics,Paperback,272,1995,1936,,2018/07/11,"to-read, on-the-shelf","to-read (#395), on-the-shelf (#37)",to-read,,,,0,0
538845,Quo Vadis,Henryk Sienkiewicz,"Sienkiewicz, Henryk",W.S. Kuniczak,"=""0781805503""","=""9780781805506""",0,Hippocrene Books,Hardcover,589,2006,1896,,2018/07/11,"to-read, on-the-shelf","to-read (#394), on-the-shelf (#35)",to-read,,,,0,0
768587,Krüger Bei,Karl May,"May, Karl",,"=""378020021X""","=""9783780200211""",0,Karl-May-Verlag,Hardcover,416,1950,1897,,2018/07/11,"to-read, on-the-shelf","to-read (#390), on-the-shelf (#28)",to-read,,,,0,0
768600,Im Tal des Todes,Karl May,"May, Karl",,"=""3780200627""","=""9783780200624""",0,Karl-May-Verlag,Hardcover,448,1951,1885,,2018/07/11,"to-read, on-the-shelf","to-read (#389), on-the-shelf (#27)",to-read,,,,0,0
768714,Zepter und Hammer,Karl May,"May, Karl",,"=""3780200457""","=""9783780200457""",0,Karl-May-Verlag,Hardcover,560,1953,1926,,2018/07/11,"to-read, on-the-shelf","to-read (#388), on-the-shelf (#26)",to-read,,,,0,0
43615,"The Gunslinger (The Dark Tower, #1)",Stephen  King,"King, Stephen",,"=""""","=""""",0,Plume,Paperback,231,2003,1982,,2018/07/06,to-read,to-read (#387),to-read,,,,0,0
37822619,Astroball: The New Way to Win It All,Ben Reiter,"Reiter, Ben",,"=""0525576649""","=""9780525576648""",0,Crown Archetype,Hardcover,235,2018,,,2018/06/23,to-read,to-read (#384),to-read,,,,0,0
40362510,The Audit: How an Honest Mistake Became a Federal Crime,Francine Messier,"Messier, Francine",,"=""1681812681""","=""9781681812687""",0,"Strategic Book Publishing & Rights Agency, LLC",Paperback,154,2017,2017,,2018/06/23,to-read,to-read (#383),to-read,,,,0,0
6490419,Winnetou,Karl May,"May, Karl",Paulo  Silveira,"=""""","=""""",0,,,,1978,1978,,2018/04/03,to-read,to-read (#352),to-read,,,,0,0
2767,A People’s History of the United States: 1492 - Present,Howard Zinn,"Zinn, Howard",,"=""0060838655""","=""9780060838652""",2.0,Harper Perennial,Paperback,729,1995,1980,2018/06/21,2015/12/05,,,read,,,,1,0
535384,Our Search for Happiness: An Invitation to Understand the Church of Jesus Christ of Latter-day Saints,M. Russell Ballard,"Ballard, M. Russell",,"=""0875799175""","=""9780875799179""",0,Deseret Book Company,Paperback,128,1993,1993,,2018/06/04,to-read,to-read (#382),to-read,,,,0,0
227205,"Loose Balls: The Short, Wild Life of the American Basketball Association",Terry Pluto,"Pluto, Terry",,"=""0671749218""","=""9780671749217""",0,Simon & Schuster,Paperback,450,1991,1990,,2018/06/03,to-read,to-read (#381),to-read,,,,0,0
38746140,"Burning Down the Haus: Punk Rock, Revolution, and the Fall of the Berlin Wall",Tim Mohr,"Mohr, Tim",,"=""1616208430""","=""9781616208431""",0,"Algonquin Books/Workman Publishing Company, Inc.",Hardcover,384,2018,2017,,2018/06/02,to-read,to-read (#379),to-read,,,,0,0
80890,Buddenbrooks: The Decline of a Family,Thomas Mann,"Mann, Thomas","T.J. Reed, John E. Woods, Jonas Vaznelis","=""0679417370""","=""9780679417378""",0,Everyman's Library,Hardcover,731,1994,1901,,2018/05/20,"to-read, on-the-shelf","to-read (#377), on-the-shelf (#23)",to-read,,,,0,0
26042867,Taking Off the Tag,Clark B. Hinckley,"Hinckley, Clark B.",,"=""162973375X""","=""9781629733753""",0,Deseret Book,Kindle Edition,110,2015,2015,,2018/05/20,"to-read, on-the-shelf","to-read (#376), on-the-shelf (#22)",to-read,,,,0,0
31903463,The Life Of Goethe - Ii,Albert Bielschowsky,"Bielschowsky, Albert",,"=""1359193502""","=""9781359193506""",0,Palala Press,Hardcover,486,2016,2005,,2018/05/20,to-read,to-read (#374),to-read,,,,0,0
30580545,The Life of Goethe; Volume 1,Bielschowsky Albert 1847-1902,"1847-1902, Bielschowsky Albert","Ziegler Theobald, Salomon Kalischer","=""1355613477""","=""9781355613473""",0,Palala Press,Hardcover,488,2016,2010,,2018/05/20,to-read,to-read (#373),to-read,,,,0,0
4069,Man's Search for Meaning,Viktor E. Frankl,"Frankl, Viktor E.","Harold S. Kushner, William J. Winslade, Ilse Lasch","=""080701429X""","=""9780807014295""",0,Beacon Press,Paperback,165,2006,1946,,2015/12/17,"to-read, on-the-shelf","to-read (#231), on-the-shelf (#16)",to-read,,,,0,0
3192448,The Big Squeeze: Tough Times for the American Worker,Steven Greenhouse,"Greenhouse, Steven",,"=""1400044898""","=""9781400044894""",0,Knopf,Hardcover,384,2008,2008,,2015/08/20,"to-read, on-the-shelf","to-read (#125), on-the-shelf (#1)",to-read,,,,0,0
762563,Ball Four,Jim Bouton,"Bouton, Jim",,"=""0020306652""","=""9780020306658""",0,Trade Paper Press,Paperback,504,1990,1970,,2018/05/20,to-read,to-read (#367),to-read,,,,0,0
36236161,Tesla: Inventor of the Modern,Richard Munson,"Munson, Richard",,"=""0393635449""","=""9780393635447""",0,W. W. Norton & Company,Hardcover,320,2018,2018,,2018/05/17,to-read,to-read (#365),to-read,,,,0,0
19503231,Washington's Spies: The Story of America's First Spy Ring,Alexander   Rose,"Rose, Alexander",,"=""055339259X""","=""9780553392593""",0,Bantam,Paperback,384,2014,2006,,2018/05/15,to-read,to-read (#363),to-read,,,,0,0
4820,"Mayflower: A Story of Courage, Community, and War",Nathaniel Philbrick,"Philbrick, Nathaniel",,"=""0670037605""","=""9780670037605""",0,Viking ,ebook,461,2006,2006,,2018/05/04,to-read,to-read (#362),to-read,,,,0,0
33,"The Lord of the Rings (The Lord of the Rings, #1-3)",J.R.R. Tolkien,"Tolkien, J.R.R.",Alan Lee,"=""0618640150""","=""9780618640157""",5.0,Houghton Mifflin Harcourt,Paperback,1216,2005,1959,2018/05/04,2015/07/24,,,read,,,,1,0
17660462,The Everything Store: Jeff Bezos and the Age of Amazon,Brad Stone,"Stone, Brad",,"=""0316219266""","=""9780316219266""",0,"Little, Brown and Company",Hardcover,384,2013,2013,,2018/05/03,to-read,to-read (#360),to-read,,,,0,0
36535820,Chappaquidick Speaks,Bill Pinney,"Pinney, Bill",Carol Jones,"=""0692943765""","=""9780692943762""",0,Stormy Weather Press,Paperback,416,2017,,,2018/04/29,to-read,to-read (#359),to-read,,,,0,0
20571877,The Most Important Lessons in Economics and Finance: A Comprehensive Collection of Time-Tested Principles of Wealth Management,Anthony M. Criniti IV,"IV, Anthony M. Criniti",,"=""0988459523""","=""9780988459526""",0,Criniti Publishing,Paperback,288,2014,2014,,2018/04/25,to-read,to-read (#358),to-read,,,,0,0
37509427,See You Again in Pyongyang: A Journey into Kim Jong Un's North Korea,Travis Jeppesen,"Jeppesen, Travis",,"=""0316509159""","=""9780316509152""",0,Hachette Books,Hardcover,304,2018,2018,,2018/04/10,to-read,to-read (#354),to-read,,,,0,0
13529744,Ordeal By Planning,John Jewkes,"Jewkes, John",,"=""""","=""""",0,Macmillan,Hardcover,248,1948,1948,,2018/03/29,to-read,to-read (#351),to-read,,,,0,0
22609353,The Libertarian Mind: A Manifesto for Freedom,David Boaz,"Boaz, David",,"=""1476752842""","=""9781476752846""",0,Simon & Schuster,Hardcover,417,2015,1997,,2016/02/08,to-read,to-read (#302),to-read,,,,0,0
863005,The Yellow Wallpaper,Charlotte Perkins,"Perkins, Charlotte",,"=""0860682013""","=""9780860682011""",3.0,Virago,Paperback,59,2013,1892,,2015/07/27,,,read,,,,1,0
138372,The Epic of Gilgamesh,Unknown,"Unknown, Unknown",N.K. Sandars,"=""""","=""""",4.0,Penguin Books,Paperback,128,1972,-1800,2015/10/01,2017/03/13,,,read,,,,1,0
6317527,Marcus Aurelius: A Life,Frank McLynn,"McLynn, Frank",,"=""0306818302""","=""9780306818301""",0,Da Capo Press,Hardcover,720,2009,2009,,2016/02/26,to-read,to-read (#350),to-read,,,,0,0
13538752,"Rome's Last Citizen: The Life and Legacy of Cato, Mortal Enemy of Caesar",Rob Goodman,"Goodman, Rob",Jimmy Soni,"=""0312681232""","=""9780312681234""",0,Thomas Dunne Books,Hardcover,384,2012,2012,,2016/02/26,to-read,to-read (#349),to-read,,,,0,0
816728,John Newton: From Disgrace to Amazing Grace,Jonathan Aitken,"Aitken, Jonathan",Philip Yancey,"=""1581348487""","=""9781581348484""",0,Crossway,Hardcover,400,2007,2007,,2016/02/26,to-read,to-read (#348),to-read,,,,0,0
13707751,Keynes Hayek: The Clash that Defined Modern Economics,Nicholas Wapshott,"Wapshott, Nicholas",,"=""0393343634""","=""9780393343632""",0,W. W. Norton & Company,Paperback,400,2012,2011,,2016/02/26,to-read,to-read (#347),to-read,,,,0,0
3041,Applied Economics: Thinking Beyond Stage One,Thomas Sowell,"Sowell, Thomas",,"=""0465081436""","=""9780465081431""",0,Basic Books,Hardcover,256,2003,2003,,2016/02/26,to-read,to-read (#346),to-read,,,,0,0
244909,The Conscience of a Conservative (The James Madison Library in American Politics),Barry M. Goldwater,"Goldwater, Barry M.","George F. Will, Robert F. Kennedy Jr., Sean Wilentz, CC Goldwater","=""0691131171""","=""9780691131177""",0,Princeton University Press,Paperback,176,2007,1960,,2016/02/26,to-read,to-read (#344),to-read,,,,0,0
746104,Principles of Economics,Carl Menger,"Menger, Carl","James Dingwall, Bert F. Hoselitz","=""0814753809""","=""9780814753804""",0,New York University Press,Hardcover,328,1981,1871,,2016/02/26,to-read,to-read (#343),to-read,,,,0,0
6100516,"Meltdown: A Free-Market Look at Why the Stock Market Collapsed, the Economy Tanked, and the Government Bailout Will Make Things Worse",Thomas E. Woods Jr.,"Jr., Thomas E. Woods",,"=""1596985879""","=""9781596985872""",0,Regnery Publishing,Hardcover,194,2009,2009,,2016/02/26,to-read,to-read (#342),to-read,,,,0,0
23360199,Stalin: New Biography of a Dictator,Oleg V. Khlevniuk,"Khlevniuk, Oleg V.",Nora Seligman Favorov,"=""0300163886""","=""9780300163889""",0,Yale University Press,Hardcover,392,2015,2015,,2016/02/26,to-read,to-read (#341),to-read,,,,0,0
402392,"Crazy '08: How a Cast of Cranks, Rogues, Boneheads, and Magnates Created the Greatest Year in Baseball History",Cait Murphy,"Murphy, Cait",,"=""0060889373""","=""9780060889371""",0,Smithsonian,Hardcover,384,2007,2007,,2016/02/26,to-read,to-read (#340),to-read,,,,0,0
87119,The Assassins’ Gate: America in Iraq,George Packer,"Packer, George",,"=""0374530556""","=""9780374530556""",0,"Farrar, Straus and Giroux",Paperback,506,2006,2005,,2016/02/26,to-read,to-read (#339),to-read,,,,0,0
514929,Roman Honor: The Fire in the Bones,Carlin A. Barton,"Barton, Carlin A.",,"=""0520225252""","=""9780520225251""",0,University of California Press,Hardcover,401,2001,2001,,2016/02/26,to-read,to-read (#338),to-read,,,,0,0
168898,Radicals for Capitalism: A Freewheeling History of the Modern American Libertarian Movement,Brian Doherty,"Doherty, Brian",,"=""1586483501""","=""9781586483500""",0,PublicAffairs,Hardcover,741,2007,2007,,2016/02/23,to-read,to-read (#337),to-read,,,,0,0
22477,The Ideological Origins of the American Revolution,Bernard Bailyn,"Bailyn, Bernard",,"=""0674443020""","=""9780674443020""",0,Belknap Press of Harvard University Press,Paperback,396,1992,1967,,2016/02/23,to-read,to-read (#336),to-read,,,,0,0
7776209,The Rational Optimist: How Prosperity Evolves,Matt Ridley,"Ridley, Matt",,"=""006145205X""","=""9780061452055""",0,Harper,Hardcover,448,2010,2010,,2016/02/23,to-read,to-read (#335),to-read,,,,0,0
815995,Eat the Rich: A Treatise on Economics,P.J. O'Rourke,"O'Rourke, P.J.",,"=""0871137607""","=""9780871137609""",0,Atlantic Monthly Press,Paperback,246,1999,1998,,2016/02/23,to-read,to-read (#334),to-read,,,,0,0
1330949,Moral Principles and Political Obligations,A. John Simmons,"Simmons, A. John",,"=""0691020191""","=""9780691020198""",0,Princeton University Press,Paperback,248,1981,1979,,2016/02/23,to-read,to-read (#333),to-read,,,,0,0
669,Capitalism: The Unknown Ideal,Ayn Rand,"Rand, Ayn","Nathaniel Branden, Alan Greenspan, Robert Hessen","=""0451147952""","=""9780451147950""",0,Signet,Mass Market Paperback,340,1986,1946,,2016/02/23,to-read,to-read (#332),to-read,,,,0,0
479572,"Anarchy, State, and Utopia",Robert Nozick,"Nozick, Robert",,"=""0465097200""","=""9780465097203""",0,Basic Books,Paperback,367,1974,1974,,2016/02/23,to-read,to-read (#331),to-read,,,,0,0
1044658,The Constitution of Liberty,Friedrich A. Hayek,"Hayek, Friedrich A.",,"=""0226320847""","=""9780226320847""",0,University Of Chicago Press,Paperback,580,1978,1960,,2016/02/23,to-read,to-read (#329),to-read,,,,0,0
1135383,The Structure of Liberty: Justice and the Rule of Law,Randy E. Barnett,"Barnett, Randy E.",,"=""0198293240""","=""9780198293248""",0,Oxford University Press,Hardcover,368,1998,1998,,2016/02/23,to-read,to-read (#328),to-read,,,,0,0
165674,The Libertarian Reader: Classic and Contemporary Writings from Lao Tzu to Milton Friedman,David Boaz,"Boaz, David",,"=""0684847671""","=""9780684847672""",0,Free Press,Paperback,480,1998,1997,,2016/02/23,to-read,to-read (#327),to-read,,,,0,0
2698137,The Economics of Prohibition,Mark  Thornton,"Thornton, Mark",,"=""0874803799""","=""9780874803792""",0,Univ of Utah Pr,Paperback,184,1991,1991,,2016/02/23,to-read,to-read (#326),to-read,,,,0,0
1945217,"Tariffs, Blockades, and Inflation: The Economics of the Civil War (The American Crisis Series: Books on the Civil War Era)",Mark  Thornton,"Thornton, Mark",Robert B. Ekelund Jr.,"=""0842029613""","=""9780842029612""",0,Rowman & Littlefield,Paperback,116,2004,2004,,2016/02/23,to-read,to-read (#325),to-read,,,,0,0
10807487,Race & Economics: How Much Can Be Blamed on Discrimination?,Walter E. Williams,"Williams, Walter E.",,"=""0817912444""","=""9780817912444""",0,Hoover Institution Press,Hardcover,184,2011,2011,,2016/02/22,to-read,to-read (#324),to-read,,,,0,0
506179,More Liberty Means Less Government: Our Founders Knew This Well,Walter E. Williams,"Williams, Walter E.",,"=""0817996125""","=""9780817996123""",0,Hoover Press,Paperback,264,1999,1999,,2016/02/22,to-read,to-read (#323),to-read,,,,0,0
1317,Tides of War: A Novel of Alcibiades and the Peloponnesian War,Steven Pressfield,"Pressfield, Steven",,"=""0553381393""","=""9780553381399""",3.0,Bantam Books,Paperback,448,2001,2000,2016/02/22,2015/07/25,,,read,,,,1,0
23493879,The Scholar Denied: W. E. B. Du Bois and the Birth of Modern Sociology,Aldon D. Morris,"Morris, Aldon D.",,"=""0520276353""","=""9780520276352""",0,University of California Press,Hardcover,320,2015,2015,,2016/02/21,to-read,to-read (#321),to-read,,,,0,0
154244,Socialism: An Economic and Sociological Analysis,Ludwig von Mises,"Mises, Ludwig von","Friedrich A. Hayek, J. Kahane","=""0913966630""","=""9780913966631""",0,Liberty Fund Inc.,Paperback,596,1981,1922,,2016/02/11,to-read,to-read (#320),to-read,,,,0,0
3042,Knowledge and Decisions,Thomas Sowell,"Sowell, Thomas",,"=""0465037380""","=""9780465037384""",0,Basic Books,Paperback,422,1996,1979,,2016/02/11,to-read,to-read (#319),to-read,,,,0,0
99955,"Common Sense, The Rights of Man and Other Essential Writings",Thomas Paine,"Paine, Thomas","Jack Fruchtman Jr., Sidney Hook","=""0451528891""","=""9780451528896""",0,Signet,Paperback,416,2003,1776,,2016/02/11,to-read,to-read (#318),to-read,,,,0,0
7518289,The Facebook Effect: The Inside Story of the Company That is Connecting the World,David   Kirkpatrick,"Kirkpatrick, David",,"=""1439102112""","=""9781439102114""",0,Simon & Schuster,Hardcover,384,2010,2010,,2016/02/11,to-read,to-read (#317),to-read,,,,0,0
7663760,"Fooling Some of the People All of the Time, A Long Short (and Now Complete) Story, Updated with New Epilogue",David Einhorn,"Einhorn, David",Joel Greenblatt,"=""0470481544""","=""9780470481547""",0,Wiley,Paperback,448,2010,2007,,2016/02/11,to-read,to-read (#316),to-read,,,,0,0
18405,Gone with the Wind,Margaret Mitchell,"Mitchell, Margaret",,"=""0446365386""","=""9780446365383""",0,Warner Books,Mass Market Paperback,1037,1993,1936,,2016/02/11,to-read,to-read (#314),to-read,,,,0,0
12651,The Social Contract,Jean-Jacques Rousseau,"Rousseau, Jean-Jacques",,"=""0143037498""","=""9780143037491""",0,Penguin,Paperback,168,2006,1762,,2016/02/11,to-read,to-read (#313),to-read,,,,0,0
107406,The Great Escape,Paul Brickhill,"Brickhill, Paul",,"=""0304356875""","=""9780304356874""",0,Cassell Military,Paperback,288,2000,1950,,2016/02/11,to-read,to-read (#312),to-read,,,,0,0
24039426,The Jungle Book,Rudyard Kipling,"Kipling, Rudyard",MinaLima,"=""0062389505""","=""9780062389503""",0,Harper,Hardcover,256,2016,1894,,2016/02/10,to-read,to-read (#310),to-read,,,,0,0
464222,The Failure of the New Economics,Henry Hazlitt,"Hazlitt, Henry",,"=""1933550112""","=""9781933550114""",0,Ludwig von Mises Institute,Paperback,451,2007,1959,,2016/02/09,to-read,to-read (#309),to-read,,,,0,0
827685,Up from Slavery,Booker T. Washington,"Washington, Booker T.",Ishmael Reed,"=""0451527542""","=""9780451527547""",0,Penguin Books,Paperback,224,2000,1900,,2016/02/08,to-read,to-read (#308),to-read,,,,0,0
1268994,For a New Liberty: The Libertarian Manifesto,Murray N. Rothbard,"Rothbard, Murray N.",,"=""""","=""""",0,Collier Books,Paperback,338,1978,1973,,2016/02/08,to-read,to-read (#307),to-read,,,,0,0
154242,The Anti-capitalistic Mentality,Ludwig von Mises,"Mises, Ludwig von",Bettina Bien Greaves,"=""0865976716""","=""9780865976719""",0,Liberty Fund,Paperback,88,2006,1956,,2016/02/08,to-read,to-read (#306),to-read,,,,0,0
1609227,That Which Is Seen and That Which Is Not Seen: The Unintended Consequences of Government Spending,Frédéric Bastiat,"Bastiat, Frédéric",,"=""160096706X""","=""9781600967061""",0,Classic Books Library,Paperback,55,2007,1850,,2016/02/08,to-read,to-read (#305),to-read,,,,0,0
112849,The Machinery of Freedom: Guide to a Radical Capitalism,David D. Friedman,"Friedman, David D.",,"=""0812690699""","=""9780812690699""",0,Open Court,Paperback,267,1989,1973,,2016/02/08,to-read,to-read (#303),to-read,,,,0,0
10669,When Genius Failed: The Rise and Fall of Long-Term Capital Management,Roger Lowenstein,"Lowenstein, Roger",,"=""0375758259""","=""9780375758256""",0,Random House Trade Paperbacks,Paperback,264,2001,2000,,2016/02/08,to-read,to-read (#301),to-read,,,,0,0
9532020,The Madhouse: A critical study of Swedish society,Daniel Hammarberg,"Hammarberg, Daniel",,"=""9197936200""","=""9789197936200""",0,Daniel Hammarberg,Kindle Edition,490,2010,2010,,2016/02/07,to-read,to-read (#300),to-read,,,,0,0
1139175,Inside American Education,Thomas Sowell,"Sowell, Thomas",,"=""0029303303""","=""9780029303306""",0,Free Press,Paperback,368,1992,1992,,2016/02/07,to-read,to-read (#299),to-read,,,,0,0
2064279,Economic Facts and Fallacies,Thomas Sowell,"Sowell, Thomas",,"=""0465003494""","=""9780465003495""",0,Basic Books,Hardcover,262,2008,2007,,2016/02/07,to-read,to-read (#298),to-read,,,,0,0
157394,There's No Such Thing As a Free Lunch,Milton Friedman,"Friedman, Milton",,"=""087548297X""","=""9780875482972""",0,"Open Court Publishing Co ,U.S.",Paperback,330,1977,,,2016/02/07,to-read,to-read (#296),to-read,,,,0,0
97822,Money Mischief: Episodes in Monetary History,Milton Friedman,"Friedman, Milton",,"=""015661930X""","=""9780156619301""",0,Mariner Books,Paperback,304,1994,1992,,2016/02/07,to-read,to-read (#294),to-read,,,,0,0
97819,Why Government Is the Problem (Essays in Public Policy) (Volume 39),Milton Friedman,"Friedman, Milton",,"=""0817954422""","=""9780817954420""",0,Hoover Institution Press,Paperback,18,1993,1993,,2016/02/07,to-read,to-read (#295),to-read,,,,0,0
11676310,On Economics,Milton Friedman,"Friedman, Milton",,"=""0226263517""","=""9780226263519""",0,University of Chicago Press Journals,Kindle Edition,180,2010,2007,,2016/02/07,to-read,to-read (#297),to-read,,,,0,0
25937748,We the People: The Modern-Day Figures Who Have Reshaped and Affirmed the Founding Fathers' Vision of America,Juan Williams,"Williams, Juan",,"=""0307952045""","=""9780307952042""",0,Crown,Hardcover,464,2016,2016,,2016/02/07,to-read,to-read (#293),to-read,,,,0,0
26530308,New England Bound: Slavery and Colonization in Early America,Wendy  Warren,"Warren, Wendy",,"=""0871406721""","=""9780871406729""",0,Liveright,Hardcover,368,2016,2016,,2016/02/07,to-read,to-read (#292),to-read,,,,0,0
26634594,The Rise and Fall of American Growth: The U.S. Standard of Living since the Civil War (The Princeton Economic History of the Western World),Robert J. Gordon,"Gordon, Robert J.",,"=""0691147728""","=""9780691147727""",0,Princeton University Press,Hardcover,784,2016,2016,,2016/02/07,to-read,to-read (#291),to-read,,,,0,0
25330108,"Freedom is a Constant Struggle: Ferguson, Palestine and the Foundations of a Movement",Angela Y. Davis,"Davis, Angela Y.","Cornel West, Frank Barat","=""1608465640""","=""9781608465644""",0,Haymarket Books,Paperback,158,2016,2015,,2016/02/07,to-read,to-read (#290),to-read,,,,0,0
28508299,"The Articulate Advocate: Persuasive Skills for Lawyers in Trials, Appeals, Arbitrations, and Motions",Marsha Hunter,"Hunter, Marsha","Brian K. Johnson, Jami McKeon","=""1939506034""","=""9781939506030""",0,American Traveler Press,Paperback,248,2016,2009,,2016/02/07,to-read,to-read (#289),to-read,,,,0,0
25694204,Democracy on the Edge: A Discussion of Political Issues in America,Terry Amrhein,"Amrhein, Terry",,"=""163413432X""","=""9781634134323""",0,"Mill City Press, Inc.",Paperback,284,2015,2015,,2016/02/07,to-read,to-read (#288),to-read,,,,0,0
28543569,Ending Big Government: The Essential Case for Capitalism and Freedom,Michael Dahlen,"Dahlen, Michael",,"=""1634138503""","=""9781634138505""",0,"Mill City Press, Inc.",Paperback,380,2016,2016,,2016/02/07,to-read,to-read (#287),to-read,,,,0,0
26031231,"End the IRS Before It Ends Us: How to Restore a Low Tax, High Growth, Wealthy America",Grover G. Norquist,"Norquist, Grover G.",,"=""1455585807""","=""9781455585809""",0,Center Street,Paperback,352,2016,2015,,2016/02/07,to-read,to-read (#286),to-read,,,,0,0
10907,The Pursuit of Happyness,Chris Gardner,"Gardner, Chris",Quincy Troupe,"=""0060744871""","=""9780060744878""",0,Amistad,Paperback,320,2006,2006,,2016/02/01,to-read,to-read (#285),to-read,,,,0,0
30633,The Four Loves,C.S. Lewis,"Lewis, C.S.",,"=""0006280897""","=""9780006280897""",0,HarperCollins Publishers Ltd,Paperback,170,2002,1960,,2016/02/01,to-read,to-read (#284),to-read,,,,0,0
16248152,Dr. J: The Autobiography,Julius Erving,"Erving, Julius",,"=""0062187929""","=""9780062187925""",0,Harper,Hardcover,431,2013,2013,,2016/01/12,to-read,to-read (#281),to-read,,,,0,0
22557272,The Girl on the Train,Paula Hawkins,"Hawkins, Paula",,"=""1594633665""","=""9781594633669""",0,Riverhead Books,Hardcover,336,2015,2015,,2016/01/12,to-read,to-read (#280),to-read,,,,0,0
6419887,The Boy Who Harnessed the Wind: Creating Currents of Electricity and Hope,William Kamkwamba,"Kamkwamba, William",Bryan Mealer,"=""0061730327""","=""9780061730320""",0,William Morrow,Hardcover,270,2009,2009,,2016/01/12,to-read,to-read (#279),to-read,,,,0,0
2120932,"The Battle of the Labyrinth (Percy Jackson and the Olympians, #4)",Rick Riordan,"Riordan, Rick",,"=""1423101464""","=""9781423101468""",4.0,Hyperion Books for Children,Hardcover,361,2008,2008,,2015/11/22,,,read,,,,1,0
2767052,"The Hunger Games (The Hunger Games, #1)",Suzanne Collins,"Collins, Suzanne",,"=""0439023483""","=""9780439023481""",4.0,Scholastic Press,Hardcover,374,2008,2008,,2015/12/14,,,read,,,,1,0
6148028,"Catching Fire (The Hunger Games, #2)",Suzanne Collins,"Collins, Suzanne",,"=""0439023491""","=""9780439023498""",4.0,Scholastic Press,Hardcover,391,2009,2009,,2015/12/14,,,read,,,,1,0
6276290,"Red and Me: My Coach, My Lifelong Friend",Bill    Russell,"Russell, Bill","Alan Steinberg, Alan J. Steinberg","=""0061766143""","=""9780061766145""",0,Harper,Hardcover,208,2009,2009,,2016/01/12,to-read,to-read (#278),to-read,,,,0,0
70401,On the Road,Jack Kerouac,"Kerouac, Jack",,"=""0140042598""","=""9780140042597""",0,Penguin Books,Paperback,307,1976,1957,,2016/01/11,to-read,to-read (#277),to-read,,,,0,0
93101,The Arabian Nights,Anonymous,"Anonymous, Anonymous","A.S. Byatt, Richard Francis Burton","=""0812972147""","=""9780812972146""",0,Modern Library,Mass Market Paperback,1049,2004,800,,2016/01/11,to-read,to-read (#276),to-read,,,,0,0
25013067,SPQR: A History of Ancient Rome,Mary Beard,"Beard, Mary",,"=""0871404230""","=""9780871404237""",0,Liveright,Hardcover,606,2015,2015,,2016/01/11,to-read,to-read (#275),to-read,,,,0,0
26760634,The Marketing Revolution in Politics: What Recent U.S. Presidential Campaigns Can Teach Us About Effective Marketing (Rotman-Utp Publishing),Bruce I. Newman,"Newman, Bruce I.",,"=""144264799X""","=""9781442647992""",0,Rotman-UTP Publishing,Hardcover,224,2016,2015,,2016/01/11,to-read,to-read (#274),to-read,,,,0,0
25786205,The Black Presidency: Barack Obama and the Politics of Race in America,Michael Eric Dyson,"Dyson, Michael Eric",,"=""054438766X""","=""9780544387669""",0,Houghton Mifflin Harcourt,Hardcover,368,2016,2016,,2016/01/11,to-read,to-read (#273),to-read,,,,0,0
26244473,MacArthur at War: World War II in the Pacific,Walter R. Borneman,"Borneman, Walter R.",,"=""0316405329""","=""9780316405324""",0," Little, Brown and Company",Hardcover,608,2016,2016,,2016/01/11,to-read,to-read (#272),to-read,,,,0,0
26195936,Meathooked: The History and Science of Our 2.5-Million-Year Obsession with Meat,Marta Zaraska,"Zaraska, Marta",,"=""0465036627""","=""9780465036622""",0,Basic Books,Hardcover,272,2016,2016,,2016/01/11,to-read,to-read (#271),to-read,,,,0,0
25817496,From Silk to Silicon: The Story of Globalization Through Ten Extraordinary Lives,Jeffrey E. Garten,"Garten, Jeffrey E.",,"=""0062409972""","=""9780062409973""",0,Harper,Hardcover,464,2016,2016,,2016/01/11,to-read,to-read (#270),to-read,,,,0,0
26200416,"The Boston Trustee: The Lives, Laws and Legacy of a Vital Instituation",Thomas E. Bator,"Bator, Thomas E.",Heidi A. Seely,"=""1567925472""","=""9781567925470""",0,"David R. Godine, Publisher",Hardcover,160,2015,2015,,2016/01/11,to-read,to-read (#269),to-read,,,,0,0
25404898,Unruly Equality: U.S. Anarchism in the Twentieth Century,Andrew Cornell,"Cornell, Andrew",,"=""0520286758""","=""9780520286757""",0,University of California Press,Paperback,416,2016,2016,,2016/01/11,to-read,to-read (#267),to-read,,,,0,0
25159062,Narconomics: How to Run a Drug Cartel,Tom Wainwright,"Wainwright, Tom",,"=""1610395832""","=""9781610395830""",0,PublicAffairs,Hardcover,288,2016,2016,,2016/01/11,to-read,to-read (#266),to-read,,,,0,0
284735,The Last Season: A Team In Search of Its Soul,Phil Jackson,"Jackson, Phil",,"=""1594200351""","=""9781594200359""",0,The Penguin Press,Hardcover,272,2004,2005,,2016/01/08,to-read,to-read (#264),to-read,,,,0,0
17910051,Wooden: A Coach's Life,Seth Davis,"Davis, Seth",,"=""0805092803""","=""9780805092806""",0,Times Books,Hardcover,608,2014,2014,,2015/12/19,to-read,to-read (#263),to-read,,,,0,0
17834830,Monsters: The 1985 Chicago Bears and the Wild Heart of Football,Rich Cohen,"Cohen, Rich",,"=""0374298688""","=""9780374298685""",0,"Farrar, Straus and Giroux",Hardcover,338,2013,2013,,2015/12/19,to-read,to-read (#262),to-read,,,,0,0
461749,The Glory of Their Times: The Story of the Early Days of Baseball Told by the Men Who Played It,Lawrence S. Ritter,"Ritter, Lawrence S.",,"=""0688112730""","=""9780688112738""",0,William Morrow and Company,Paperback,360,1992,1966,,2015/12/19,to-read,to-read (#259),to-read,,,,0,0
75418,October 1964,David Halberstam,"Halberstam, David",,"=""0449983676""","=""9780449983676""",0,Random House Publishing Group,Paperback,382,1995,1994,,2015/12/19,to-read,to-read (#258),to-read,,,,0,0
215297,When Pride Still Mattered : A Life Of Vince Lombardi,David Maraniss,"Maraniss, David",,"=""0684870185""","=""9780684870182""",0,Simon & Schuster,Paperback,544,2000,1999,,2015/12/19,to-read,to-read (#257),to-read,,,,0,0
10644930,11/22/63,Stephen  King,"King, Stephen",,"=""1451627289""","=""9781451627282""",0,Scribner,Hardcover,849,2011,2011,,2015/12/19,to-read,to-read (#256),to-read,,,,0,0
26435,The Problem of Pain,C.S. Lewis,"Lewis, C.S.",,"=""0006280935""","=""9780006280934""",0,HarperOne,Paperback,176,,1940,,2015/12/19,to-read,to-read (#254),to-read,,,,0,0
4588,Extremely Loud & Incredibly Close,Jonathan Safran Foer,"Foer, Jonathan Safran",,"=""0618711651""","=""9780618711659""",0,Mariner Books Classics,Paperback,326,2006,2005,,2015/12/18,to-read,to-read (#252),to-read,,,,0,0
10365,Where the Red Fern Grows,Wilson Rawls,"Rawls, Wilson",,"=""0375806814""","=""9780375806810""",0,Yearling,Mass Market Paperback,272,2000,1961,,2015/12/18,to-read,to-read (#250),to-read,,,,0,0
81978,"Man, Economy, and State / Power and Market: Government and Economy",Murray N. Rothbard,"Rothbard, Murray N.",Joseph Stromberg,"=""0945466307""","=""9780945466307""",0,Ludwig von Mises Institute,Hardcover,1544,2004,1962,,2015/12/18,to-read,to-read (#249),to-read,,,,0,0
667,Anthem,Ayn Rand,"Rand, Ayn",Leonard Peikoff,"=""0452281253""","=""9780452281257""",0,NAL,Paperback,105,1999,1938,,2015/12/17,to-read,to-read (#248),to-read,,,,0,0
60432,Caesar: Life of a Colossus,Adrian Goldsworthy,"Goldsworthy, Adrian",,"=""0300120486""","=""9780300120486""",0,Yale University Press,Hardcover,583,2006,2006,,2015/12/17,to-read,to-read (#245),to-read,,,,0,0
31196,The Razor’s Edge,W. Somerset Maugham,"Maugham, W. Somerset",,"=""1400034205""","=""9781400034208""",0,Vintage International,Paperback,314,2003,1944,,2015/12/17,to-read,to-read (#243),to-read,,,,0,0
10210,Jane Eyre,Charlotte Brontë,"Brontë, Charlotte",Michael Mason,"=""0142437204""","=""9780142437209""",0,Penguin,Paperback,532,2003,1847,,2015/12/17,to-read,to-read (#241),to-read,,,,0,0
17098,Isaac Newton,James Gleick,"Gleick, James",,"=""1400032954""","=""9781400032952""",0,Vintage,Paperback,272,2004,2003,,2015/12/17,to-read,to-read (#240),to-read,,,,0,0
16131,The House of Morgan: An American Banking Dynasty and the Rise of Modern Finance,Ron Chernow,"Chernow, Ron",,"=""0802138292""","=""9780802138293""",0,Grove Press,Paperback,812,2001,1990,,2015/12/17,to-read,to-read (#239),to-read,,,,0,0
81912,Human Action: A Treatise on Economics,Ludwig von Mises,"Mises, Ludwig von",Bettina Bien Greaves,"=""0809297434""","=""9780809297436""",0,Contemporary Books,Hardcover,924,1966,1940,,2015/12/17,to-read,to-read (#237),to-read,,,,0,0
145565,The Essays of Warren Buffett : Lessons for Corporate America,Warren Buffett,"Buffett, Warren",Lawrence A. Cunningham,"=""0966446119""","=""9780966446111""",0,The Cunningham Group,Paperback,256,2001,1998,,2015/12/17,to-read,to-read (#236),to-read,,,,0,0
25574,Common Stocks and Uncommon Profits and Other Writings (Wiley Investment Classics),Philip A. Fisher,"Fisher, Philip A.",Kenneth L. Fisher,"=""0471445509""","=""9780471445500""",0,Wiley,Paperback,320,2003,1957,,2015/12/17,to-read,to-read (#235),to-read,,,,0,0
2005841,The Proper Role of Government,Ezra Taft Benson,"Benson, Ezra Taft",,"=""""","=""""",0,,Kindle Edition,24,1968,1968,,2015/12/17,to-read,to-read (#234),to-read,,,,0,0
7069,The World According to Garp,John Irving,"Irving, John",,"=""0345915593""","=""9780345915597""",0,Ballantine Books,Hardcover,610,1999,1978,,2015/12/17,to-read,to-read (#230),to-read,,,,0,0
472331,Watchmen,Alan Moore,"Moore, Alan","Dave Gibbons, John    Higgins","=""0930289234""","=""9780930289232""",0,DC Comics,Paperback,416,2005,1987,,2015/12/17,to-read,to-read (#229),to-read,,,,0,0
28676,American Psycho,Bret Easton Ellis,"Ellis, Bret Easton",,"=""0679735771""","=""9780679735779""",0,Vintage Contemporaries,Paperback,399,1991,1991,,2015/12/17,to-read,to-read (#224),to-read,,,,0,0
6691186,How Markets Fail: The Logic of Economic Calamities,John Cassidy,"Cassidy, John",,"=""0374173206""","=""9780374173203""",0,"Farrar, Straus and Giroux",Hardcover,400,2009,2009,,2015/12/17,to-read,to-read (#222),to-read,,,,0,0
51877,Capitalism and Freedom,Milton Friedman,"Friedman, Milton",,"=""0226264211""","=""9780226264219""",0,University of Chicago Press,Paperback,208,2002,1962,,2015/12/17,to-read,to-read (#221),to-read,,,,0,0
7190,The Three Musketeers,Alexandre Dumas,"Dumas, Alexandre","Richard Pevear, Philip Bates, William Barrow, August Zoller, Marisa Zini, Moshe Ukkle, Pierre Toutain-Dorbec, John      Lee, Jacques Georges Clemenc Le Clercq, Natalie Montoto, S.M. Sheley, Daniel Rasmusson, Louis Jourdan, Walter Covell, Michael  Page, Michael Hugh Johnson, Sylvie Thorel-Cailleteau, Milo Winter, Bill Homewood, Arthur Paul John Charles James Gore Sudley, S.N. Rizvi, Giorgio Manganelli, William Robson, Isabel Ely Lord, Александр Дюма","=""""","=""""",0,Modern Library,Paperback,625,2001,1844,,2015/07/25,"to-read, gonna-get","to-read (#60), gonna-get (#6)",to-read,,,,0,0
1362,The Histories,Herodotus,"Herodotus, Herodotus","John M. Marincola, Aubrey de Sélincourt, Betty Radice","=""0140449086""","=""9780140449082""",0,Penguin Books,Paperback,784,2003,-430,,2015/12/08,"to-read, gonna-get","to-read (#197), gonna-get (#5)",to-read,,,,0,0
20949792,Augustus: First Emperor of Rome,Adrian Goldsworthy,"Goldsworthy, Adrian",,"=""0300178727""","=""9780300178722""",0,Yale University Press,Hardcover,624,2014,2014,,2015/12/14,"to-read, gonna-get","to-read (#210), gonna-get (#4)",to-read,,,,0,0
25942034,The Tyranny of the Federal Reserve,Brian O'Brien,"O'Brien, Brian",,"=""1514845083""","=""9781514845080""",0,CreateSpace Independent Publishing Platform,Paperback,444,2015,2015,,2015/12/14,to-read,to-read (#209),to-read,,,,0,0
246468,The Jordan Rules: The Inside Story of One Turbulent Season with Michael Jordan and the Chicago Bulls,Sam  Smith,"Smith, Sam",Doug Grud,"=""0671796666""","=""9780671796662""",0,Pocket Books,Mass Market Paperback,384,1993,1992,,2015/07/24,to-read,to-read (#29),to-read,,,,0,0
15839976,"Red Rising (Red Rising Saga, #1)",Pierce Brown,"Brown, Pierce",,"=""""","=""""",0,Del Rey,Hardcover,382,2014,2014,,2015/12/16,to-read,to-read (#219),to-read,,,,0,0
40425,"Tarzan of the Apes (Tarzan, #1)",Edgar Rice Burroughs,"Burroughs, Edgar Rice",Vincent,"=""0809599813""","=""9780809599813""",0,Aegypan Books,Paperback,323,2003,1912,,2015/12/16,to-read,to-read (#218),to-read,,,,0,0
412732,The Dharma Bums,Jack Kerouac,"Kerouac, Jack",,"=""""","=""""",0,Penguin Books,Paperback,244,1986,1958,,2015/12/16,to-read,to-read (#217),to-read,,,,0,0
6962801,The Art of Manliness: Classic Skills and Manners for the Modern Man,Brett McKay,"McKay, Brett",Kate McKay,"=""1600614620""","=""9781600614620""",0,HOW Books,Paperback,288,2009,2009,,2015/12/16,to-read,to-read (#216),to-read,,,,0,0
4980,Breakfast of Champions,Kurt Vonnegut Jr.,"Jr., Kurt Vonnegut",,"=""0385334206""","=""9780385334204""",0,Dell Publishing,Paperback,303,1999,1973,,2015/12/16,to-read,to-read (#215),to-read,,,,0,0
10859327,Money and Power: How Goldman Sachs Came to Rule the World,William D. Cohan,"Cohan, William D.",,"=""038552384X""","=""9780385523844""",0,Doubleday,Hardcover,672,2011,2011,,2015/12/16,to-read,to-read (#214),to-read,,,,0,0
10799,A Farewell to Arms,Ernest Hemingway,"Hemingway, Ernest",,"=""0099910101""","=""9780099910107""",0,Arrow Books,Paperback,304,2004,1929,,2015/12/15,to-read,to-read (#212),to-read,,,,0,0
164230,Bowerman and the Men of Oregon: The Story of Oregon's Legendary Coach and Nike's Co-founder,Kenny Moore,"Moore, Kenny",Phil Knight,"=""1594861900""","=""9781594861901""",0,Rodale Books,Hardcover,448,2006,2006,,2015/12/14,to-read,to-read (#211),to-read,,,,0,0
397483,"The Devil in the White City: Murder, Magic, and Madness at the Fair That Changed America",Erik Larson,"Larson, Erik",,"=""0609608444""","=""9780609608449""",0,Crown Publishers,Hardcover,464,2003,2003,,2015/12/11,to-read,to-read (#208),to-read,,,,0,0
29519,Conspiracy of Fools,Kurt Eichenwald,"Eichenwald, Kurt",,"=""0767911792""","=""9780767911795""",0,Crown,Paperback,784,2005,2005,,2015/12/11,to-read,to-read (#207),to-read,,,,0,0
24886657,"The Comedians: Drunks, Thieves, Scoundrels, and the History of American Comedy",Kliph Nesteroff,"Nesteroff, Kliph",,"=""0802123988""","=""9780802123985""",0,Grove Press,Hardcover,432,2015,2015,,2015/12/11,to-read,to-read (#205),to-read,,,,0,0
7181326,The History of the Decline and Fall of the Roman Empire,Edward Gibbon,"Gibbon, Edward",,"=""""","=""""",0,Folio Society,Hardcover,3003,1983,1776,,2015/07/24,to-read,to-read (#39),to-read,,,,0,0
1005,Think and Grow Rich,Napoleon Hill,"Hill, Napoleon",Arthur R. Pell,"=""1585424331""","=""9781585424337""",0,Tarcher,Paperback,320,2005,1937,,2015/12/10,to-read,to-read (#204),to-read,,,,0,0
7940589,Malcolm X: A Life of Reinvention,Manning Marable,"Marable, Manning",,"=""0670022209""","=""9780670022205""",0,Viking Adult,Hardcover,608,2011,2011,,2015/12/09,to-read,to-read (#203),to-read,,,,0,0
8423994,The Path to Tyranny: A History of Free Society's Descent into Tyranny,Michael E. Newton,"Newton, Michael E.",,"=""""","=""""",0,,Kindle Edition,261,,2010,,2015/12/09,to-read,to-read (#202),to-read,,,,0,0
4981,Slaughterhouse-Five,Kurt Vonnegut Jr.,"Jr., Kurt Vonnegut",,"=""""","=""""",3.0,Dial Press,Paperback,275,1999,1969,2015/01/01,2015/07/25,,,read,,,,1,0
10884,Einstein: His Life and Universe,Walter Isaacson,"Isaacson, Walter",,"=""0743264738""","=""9780743264730""",4.0,Simon & Schuster,Hardcover,675,2007,2007,2015/01/01,2015/07/24,,,read,,,,1,0
42603,Black Like Me,John Howard Griffin,"Griffin, John Howard",,"=""0451208641""","=""9780451208644""",0,Berkley,Paperback,208,2003,1961,,2015/12/08,to-read,to-read (#201),to-read,,,,0,0
30289,The Republic,Plato,"Plato, Plato",Desmond Lee,"=""0140449140""","=""9780140449143""",0,Penguin Classics,Paperback,416,2003,-400,,2015/12/08,to-read,to-read (#200),to-read,,,,0,0
338798,Ulysses,James Joyce,"Joyce, James","Morris L. Ernst, John M. Woolsey","=""""","=""""",0,Vintage,Paperback,783,1990,1922,,2015/12/08,to-read,to-read (#199),to-read,,,,0,0
106590,Lincoln,David Herbert Donald,"Donald, David Herbert",,"=""068482535X""","=""9780684825359""",0,Simon  Schuster,Paperback,714,1996,1995,,2015/12/08,to-read,to-read (#198),to-read,,,,0,0
767171,The Rise and Fall of the Third Reich: A History of Nazi Germany,William L. Shirer,"Shirer, William L.",,"=""0671728687""","=""9780671728687""",0,Simon & Schuster,Mass Market Paperback,1147,1990,1960,,2015/12/08,to-read,to-read (#196),to-read,,,,0,0
25111145,Never Surrender: Winston Churchill and Britain's Decision to Fight Nazi Germany in the Fateful Summer of 1940,John     Kelly,"Kelly, John",,"=""147672797X""","=""9781476727974""",0,Scribner,Hardcover,384,2015,2015,,2015/12/03,to-read,to-read (#192),to-read,,,,0,0
101446,Armchair Economist: Economics & Everyday Life,Steven E. Landsburg,"Landsburg, Steven E.",,"=""0029177766""","=""9780029177761""",3.0,Free Press,Paperback,256,1995,1993,2015/12/03,2015/08/19,,,read,,,,1,0
96123,All the President’s Men,Carl Bernstein,"Bernstein, Carl",Bob Woodward,"=""1416522913""","=""9781416522911""",0,Pocket Books,Mass Market Paperback,480,2005,1974,,2015/12/02,to-read,to-read (#190),to-read,,,,0,0
21535310,The Fall of the Ottomans: The Great War in the Middle East,Eugene Rogan,"Rogan, Eugene",,"=""046502307X""","=""9780465023073""",0,Basic Books,Hardcover,512,2015,2015,,2015/12/02,to-read,to-read (#189),to-read,,,,0,0
23692271,Sapiens: A Brief History of Humankind,Yuval Noah Harari,"Harari, Yuval Noah",,"=""""","=""""",0,Vintage,Paperback,512,2015,2011,,2015/12/02,to-read,to-read (#186),to-read,,,,0,0
7937510,Naked Economics: Undressing the Dismal Science (Fully Revised and Updated),Charles Wheelan,"Wheelan, Charles",Burton G. Malkiel,"=""0393337642""","=""9780393337648""",3.0,W. W. Norton & Company,Paperback,384,2010,2002,2015/12/01,2015/08/19,,,read,,,,1,0
367596,"Manias, Panics, and Crashes: A History of Financial Crises (Wiley Investment Classics)",Charles P. Kindleberger,"Kindleberger, Charles P.",,"=""0471389455""","=""9780471389453""",0,Wiley,Paperback,304,2000,1978,,2015/12/01,to-read,to-read (#185),to-read,,,,0,0
23316483,Contraband: Smuggling and the Birth of the American Century,Andrew Wender Cohen,"Cohen, Andrew Wender",,"=""0393065332""","=""9780393065336""",0,W. W. Norton & Company,Hardcover,384,2015,2015,,2015/12/01,to-read,to-read (#184),to-read,,,,0,0
680049,Johnny Got His Gun,Dalton Trumbo,"Trumbo, Dalton",E.L. Doctorow,"=""0806528478""","=""9780806528472""",0,Citadel,Paperback,254,2007,1939,,2015/11/29,to-read,to-read (#183),to-read,,,,0,0
520632,Swoosh: The Unauthorized Story of Nike and the Men Who Played There,J.B. Strasser,"Strasser, J.B.",Laurie Becklund,"=""0887306225""","=""9780887306228""",5.0,Harper Business,Paperback,556,1993,1991,,2015/11/29,,,read,,,,1,0
318431,Long Walk to Freedom,Nelson Mandela,"Mandela, Nelson",,"=""0316548189""","=""9780316548182""",0,Back Bay Books,Paperback,656,1995,1991,,2015/11/25,to-read,to-read (#182),to-read,,,,0,0
652063,"Five Families: The Rise, Decline, and Resurgence of America's Most Powerful Mafia Empires",Selwyn Raab,"Raab, Selwyn",,"=""0312300948""","=""9780312300944""",0,Thomas Dunne Books,Hardcover,784,2005,2005,,2015/11/25,to-read,to-read (#181),to-read,,,,0,0
22034,"The Godfather (The Godfather, #1)",Mario Puzo,"Puzo, Mario","Robert Thompson, Peter Bart","=""""","=""""",0,NAL,Paperback,428,2002,1969,,2015/11/25,to-read,to-read (#180),to-read,,,,0,0
110890,The Looming Tower: Al-Qaeda and the Road to 9/11,Lawrence Wright,"Wright, Lawrence",,"=""037541486X""","=""9780375414862""",0,Knopf,Hardcover,469,2006,2006,,2015/11/25,to-read,to-read (#179),to-read,,,,0,0
169354,"The Prize: The Epic Quest for Oil, Money, and Power",Daniel Yergin,"Yergin, Daniel",,"=""0671799320""","=""9780671799328""",0,Free Press,Paperback,928,1993,1991,,2015/11/25,to-read,to-read (#178),to-read,,,,0,0
1241764,The Real Thomas Jefferson (American Classic Series),Andrew M. Allison,"Allison, Andrew M.",,"=""0880800062""","=""9780880800068""",0,National Center for Constitutional Studies,Paperback,709,1983,1983,,2015/11/25,to-read,to-read (#177),to-read,,,,0,0
25675468,An Economist in the Real World,Kaushik Basu,"Basu, Kaushik",,"=""0262029626""","=""9780262029629""",0,MIT Press,Hardcover,256,2015,2015,,2015/11/23,to-read,to-read (#176),to-read,,,,0,0
15059,Raging Bull: My Story,Jake LaMotta,"LaMotta, Jake","Peter Savage, Joseph Carter","=""0306808080""","=""9780306808081""",0,Da Capo Press,Paperback,222,1997,1970,,2015/11/22,to-read,to-read (#174),to-read,,,,0,0
8024246,The Last Great Fight: The Extraordinary Tale of Two Men and How One Fight Changed Their Lives Forever,Joe Layden,"Layden, Joe",,"=""142992053X""","=""9781429920537""",0,St. Martin's Press,Kindle Edition,324,2007,2007,,2015/11/22,to-read,to-read (#173),to-read,,,,0,0
40673,The Devil and Sonny Liston,Nick Tosches,"Tosches, Nick",,"=""0316897469""","=""9780316897464""",0,Back Bay Books,Paperback,288,2001,2000,,2015/11/22,to-read,to-read (#172),to-read,,,,0,0
209634,"Cinderella Man: James J. Braddock, Max Baer, And The Greatest Upset In Boxing History",Jeremy Schaap,"Schaap, Jeremy",,"=""0618551174""","=""9780618551170""",0,Houghton Mifflin,Hardcover,324,2005,2005,,2015/11/22,to-read,to-read (#171),to-read,,,,0,0
3977220,Four Kings: The intoxicating and captivating tale of four men who changed the face of boxing from award-winning sports writer George Kimball,George Kimball,"Kimball, George",,"=""1845963598""","=""9781845963590""",0,Mainstream Publishing,Paperback,368,2008,2008,,2015/11/22,to-read,to-read (#170),to-read,,,,0,0
7090447,"The Red Pyramid (The Kane Chronicles, #1)",Rick Riordan,"Riordan, Rick",,"=""1423113381""","=""9781423113386""",0,Disney Hyperion,Hardcover,528,2010,2010,,2015/11/22,,,read,,,,1,0
3950967,"The Tales of Beedle the Bard (Hogwarts Library, #3)",J.K. Rowling,"Rowling, J.K.",Hermione Granger,"=""0747599874""","=""9780747599876""",0,Bloomsbury,Hardcover,105,2008,2008,,2015/11/22,to-read,to-read (#168),to-read,,,,0,0
4952,What Is the What,Dave Eggers,"Eggers, Dave",,"=""1932416641""","=""9781932416640""",0,McSweeney's,Hardcover,475,2006,2006,,2015/11/22,to-read,to-read (#167),to-read,,,,0,0
13912,A Beautiful Mind,Sylvia Nasar,"Nasar, Sylvia",,"=""0571212921""","=""9780571212927""",0,Faber & Faber,Paperback,461,1999,1998,,2015/11/21,to-read,to-read (#165),to-read,,,,0,0
54499,The Man in the Iron Mask (Le vicomte de Bragelonne #4/4),Alexandre Dumas,"Dumas, Alexandre","Joachim Neugroschel, Francine du Plessix Gray","=""0140439242""","=""9780140439243""",0,Penguin Books,Unknown Binding,383,2003,1850,,2015/11/20,to-read,to-read (#164),to-read,,,,0,0
469896,Sundiata:  An Epic of Old Mali,Djibril Tamsir Niane,"Niane, Djibril Tamsir",G.D. Pickett,"=""0582264758""","=""9780582264755""",3.0,Pearson,Paperback,101,1995,1960,2015/11/20,2015/11/19,,,read,,,,1,0
16133,The Warburgs: The Twentieth-Century Odyssey of a Remarkable Jewish Family,Ron Chernow,"Chernow, Ron",,"=""0679743596""","=""9780679743590""",0,Vintage,Paperback,820,1994,1993,,2015/11/20,to-read,to-read (#162),to-read,,,,0,0
1932185,The Rise of the West: A History of the Human Community,William H. McNeill,"McNeill, William H.",Béla Petheö,"=""0226561445""","=""9780226561448""",0,University of Chicago Press,Paperback,828,1970,1963,,2015/11/20,to-read,to-read (#161),to-read,,,,0,0
9266762,The Berlin Boxing Club,Robert Sharenow,"Sharenow, Robert",,"=""0061579688""","=""9780061579684""",0,HarperCollins Canada / Other,Hardcover,399,2011,2011,,2015/11/18,to-read,to-read (#160),to-read,,,,0,0
7804739,The Economics Anti-Textbook: A Critical Thinker's Guide to Microeconomics,Roderick Hill,"Hill, Roderick",Anthony Myatt,"=""1842779397""","=""9781842779392""",0,Zed Books,Paperback,320,2010,2010,,2015/11/18,to-read,to-read (#159),to-read,,,,0,0
36490,The Common Law,Oliver Wendell Holmes Jr.,"Jr., Oliver Wendell Holmes",Sheldon M. Novick,"=""0486267466""","=""9780486267463""",0,Dover Publications,Paperback,480,1991,1911,,2015/11/18,to-read,to-read (#158),to-read,,,,0,0
1596899,The Path of the Law (Little Books of Wisdom),Oliver Wendell Holmes Jr.,"Jr., Oliver Wendell Holmes",Steven Alan Childress,"=""1557091749""","=""9781557091741""",0,Applewood Books,Hardcover,40,2006,1897,,2015/11/18,to-read,to-read (#157),to-read,,,,0,0
417558,The Man to See,Evan Thomas,"Thomas, Evan",,"=""0671792113""","=""9780671792114""",0,Simon & Schuster,Paperback,576,1992,1991,,2015/11/18,to-read,to-read (#156),to-read,,,,0,0
1301712,The Legal Analyst: A Toolkit for Thinking about the Law,Ward Farnsworth,"Farnsworth, Ward",,"=""0226238350""","=""9780226238357""",0,University of Chicago Press,Paperback,326,2007,2007,,2015/11/18,to-read,to-read (#155),to-read,,,,0,0
129215,Simple Justice: The History of Brown v. Board of Education and Black America's Struggle for Equality,Richard Kluger,"Kluger, Richard",,"=""1400030617""","=""9781400030613""",0,Vintage,Paperback,880,2004,1975,,2015/11/18,to-read,to-read (#154),to-read,,,,0,0
1433010,A Nation of Immigrants,John F. Kennedy,"Kennedy, John F.",,"=""0060913673""","=""9780060913670""",0,"Row, Publishers",Paperback,111,1986,1964,,2015/11/18,to-read,to-read (#153),to-read,,,,0,0
8167094,The Hidden Reality: Parallel Universes and the Deep Laws of the Cosmos,Brian Greene,"Greene, Brian",,"=""0307265633""","=""9780307265630""",0,Knopf,Hardcover,384,2011,2011,,2015/11/18,to-read,to-read (#152),to-read,,,,0,0
10454418,The Most Important Thing: Uncommon Sense for the Thoughtful Investor (Columbia Business School Publishing),Howard  Marks,"Marks, Howard",,"=""0231153686""","=""9780231153683""",0,Columbia Business School Publishing,Hardcover,200,2011,2011,,2015/11/17,to-read,to-read (#149),to-read,,,,0,0
7341501,Henry Clay: The Essential American,David Stephen Heidler,"Heidler, David Stephen",Jeanne T. Heidler,"=""140006726X""","=""9781400067268""",0,Random House,Hardcover,595,2010,2010,,2015/11/17,to-read,to-read (#148),to-read,,,,0,0
550206,Justice for All: Earl Warren and the Nation He Made,Jim Newton,"Newton, Jim",,"=""1594489289""","=""9781594489280""",0,Riverhead Hardcover,Hardcover,624,2006,2006,,2015/11/17,to-read,to-read (#147),to-read,,,,0,0
434569,John Marshall: Definer of a Nation,Jean Edward Smith,"Smith, Jean Edward",,"=""080505510X""","=""9780805055108""",0,Henry Holt and Co.,Paperback,736,1998,1996,,2015/11/17,to-read,to-read (#146),to-read,,,,0,0
2527900,"Nudge: Improving Decisions About Health, Wealth, and Happiness",Richard H. Thaler,"Thaler, Richard H.",Cass R. Sunstein,"=""0300122233""","=""9780300122237""",0,Yale University Press,Hardcover,293,2008,2008,,2015/11/15,to-read,to-read (#145),to-read,,,,0,0
24886729,Stranger Than We Can Imagine: Making Sense of the Twentieth Century,John Higgs,"Higgs, John",J.M.R. Higgs,"=""1593766262""","=""9781593766269""",0,Soft Skull,Paperback,356,2015,2015,,2015/11/15,to-read,to-read (#143),to-read,,,,0,0
25489306,A History of the Barricade,Eric Hazan,"Hazan, Eric",,"=""1784781258""","=""9781784781255""",0,Verso,Hardcover,144,2015,2013,,2015/10/25,to-read,to-read (#141),to-read,,,,0,0
25205228,Unconventional Leadership: What Henry Ford and Detroit Taught Me About Reinvention and Diversity,Nancy M. Schlichting,"Schlichting, Nancy M.",,"=""1629560952""","=""9781629560953""",0,Routledge,Hardcover,176,2015,2015,,2015/10/25,to-read,to-read (#140),to-read,,,,0,0
30659,Meditations,Marcus Aurelius,"Aurelius, Marcus",Martin Hammond,"=""0140449337""","=""9780140449334""",0,Penguin Books,Paperback,254,2006,180,,2015/10/04,to-read,to-read (#139),to-read,,,,0,0
644949,Space,James A. Michener,"Michener, James A.",,"=""0449203794""","=""9780449203798""",0,Fawcett Crest,Paperback,808,1983,1982,,2015/10/01,to-read,to-read (#138),to-read,,,,0,0
494,Wizard: The Life and Times of Nikola Tesla: Biography of a Genius,Marc J. Seifer,"Seifer, Marc J.",William H. Terbo,"=""0806519606""","=""9780806519609""",0,Citadel,Paperback,542,2001,1996,,2015/09/25,to-read,to-read (#137),to-read,,,,0,0
10263986,The Man in the Rockefeller Suit: The Astonishing Rise and Spectacular Fall of a Serial Impostor,Mark Seal,"Seal, Mark",,"=""0670022748""","=""9780670022748""",0,Viking,Hardcover,323,2011,2011,,2015/08/26,to-read,to-read (#136),to-read,,,,0,0
1707116,The Forgotten 500: The Untold Story of the Men Who Risked All For the Greatest Rescue Mission of World War II,Gregory A. Freeman,"Freeman, Gregory A.",,"=""0451222121""","=""9780451222121""",0,NAL Hardcover,Hardcover,336,2007,2007,,2015/08/26,to-read,to-read (#135),to-read,,,,0,0
9862761,1493: Uncovering the New World Columbus Created,Charles C. Mann,"Mann, Charles C.",,"=""0307265722""","=""9780307265722""",0,Alfred A. Knopf (NY),Hardcover,535,2011,2011,,2015/08/25,to-read,to-read (#133),to-read,,,,0,0
340947,Belushi,Judith Belushi Pisano,"Pisano, Judith Belushi","Tanner Colby, Dan Aykroyd","=""1590710487""","=""9781590710487""",0,Rugged Land,Hardcover,352,2005,2005,,2015/08/22,to-read,to-read (#132),to-read,,,,0,0
154246,The Theory of Money and Credit,Ludwig von Mises,"Mises, Ludwig von",,"=""0913966703""","=""9780913966709""",0,Liberty Fund,Hardcover,544,1981,1912,,2015/08/22,to-read,to-read (#131),to-read,,,,0,0
190445,The Interpretation of Financial Statements,Benjamin Graham,"Graham, Benjamin","Spencer B. Meredith, Michael F. Price","=""0887309135""","=""9780887309137""",0,Harper Business,Hardcover,144,1998,1955,,2015/08/21,to-read,to-read (#130),to-read,,,,0,0
1852,The Call of the Wild,Jack London,"London, Jack",Avi,"=""""","=""""",0,Scholastic,Mass Market Paperback,172,2001,1903,,2015/08/21,,,read,,,,1,0
8032112,The Big Short: Inside the Doomsday Machine,Michael   Lewis,"Lewis, Michael",,"=""0393338827""","=""9780393338829""",4.0,W. W. Norton & Company,Paperback,291,2011,2010,2015/08/21,2015/07/24,,,read,,,,1,0
2349501,The Chris Farley Show: A Biography in Three Acts,Tom Farley Jr.,"Jr., Tom Farley",Tanner Colby,"=""0670019232""","=""9780670019236""",0,Viking Adult,Hardcover,348,2008,2007,,2015/08/20,to-read,to-read (#124),to-read,,,,0,0
3876,The Sun Also Rises,Ernest Hemingway,"Hemingway, Ernest",,"=""""","=""""",0,Pan Books,Paperback,189,1957,1926,,2015/08/18,to-read,to-read (#123),to-read,,,,0,0
1812457,The Shack,William Paul Young,"Young, William Paul",,"=""0964729237""","=""9780964729230""",3.0,Apiary,Paperback,248,2007,2007,,2015/07/24,,,read,,,,1,0
1202,Freakonomics: A Rogue Economist Explores the Hidden Side of Everything,Steven D. Levitt,"Levitt, Steven D.",Stephen J. Dubner,"=""0061234001""","=""9780061234002""",4.0,William Morrow,Hardcover,268,2006,2005,,2015/07/24,,,read,,,,1,0
17470674,Fahrenheit 451,Ray Bradbury,"Bradbury, Ray",,"=""0007491565""","=""9780007491568""",2.0,Harper Voyager,Hardcover,227,2013,1963,,2015/07/24,,,read,,,,1,0
92303,The Importance of Being Earnest,Oscar Wilde,"Wilde, Oscar",,"=""158049580X""","=""9781580495806""",3.0,Prestwick House,Paperback,89,2005,1895,,2015/07/25,,,read,,,,1,0
7736182,"The Lost Hero (The Heroes of Olympus, #1)",Rick Riordan,"Riordan, Rick",,"=""142311339X""","=""9781423113393""",3.0,Disney-Hyperion Books,Hardcover,576,2010,2010,,2015/07/24,,,read,,,,1,0
81977,What Has Government Done to Our Money? and The Case for a 100 Percent Gold Dollar,Murray N. Rothbard,"Rothbard, Murray N.",,"=""0945466447""","=""9780945466444""",0,Ludwig von Mises Institute,Hardcover,191,2005,1963,,2015/08/18,to-read,to-read (#117),to-read,,,,0,0
11529868,The Orphan Master's Son,Adam  Johnson,"Johnson, Adam",,"=""0812992792""","=""9780812992793""",2.0,Random House,Hardcover,443,2012,2012,,2015/08/18,,,read,,,,1,0
25317197,Agincourt: The Fight for France,Ranulph Fiennes,"Fiennes, Ranulph",,"=""1605989150""","=""9781605989150""",0,Pegasus,Hardcover,336,2015,2014,,2015/08/18,to-read,to-read (#116),to-read,,,,0,0
15928498,Man of Destiny: FDR and the Making of the American Century,Alonzo L. Hamby,"Hamby, Alonzo L.",,"=""0465028608""","=""9780465028603""",0,Basic Books,Hardcover,512,2015,2015,,2015/08/18,to-read,to-read (#114),to-read,,,,0,0
25947772,A Defence of the Constitutions of Government of the United States of America: Volume I,John  Adams,"Adams, John",Will Butts,"=""0991117549""","=""9780991117543""",0,Liberty's Lamp Books,Paperback,406,2015,2015,,2015/08/18,to-read,to-read (#113),to-read,,,,0,0
69242,Made to Stick: Why Some Ideas Survive and Others Die,Chip Heath,"Heath, Chip",Dan Heath,"=""1400064287""","=""9781400064281""",0,Random House,Hardcover,291,2007,2006,,2015/08/18,to-read,to-read (#112),to-read,,,,0,0
21,A Short History of Nearly Everything,Bill Bryson,"Bryson, Bill",,"=""076790818X""","=""9780767908184""",0,Crown,Paperback,544,2004,2003,,2015/08/17,to-read,to-read (#110),to-read,,,,0,0
31244,Our Mutual Friend,Charles Dickens,"Dickens, Charles",Richard Gaughan,"=""0375761144""","=""9780375761140""",0,Modern Library,Paperback,801,2002,1865,,2015/08/16,to-read,to-read (#108),to-read,,,,0,0
21936834,"13 Things Mentally Strong People Don't Do: Take Back Your Power, Embrace Change, Face Your Fears, and Train Your Brain for Happiness and Success",Amy Morin,"Morin, Amy",,"=""0062358294""","=""9780062358295""",0,William Morrow,Hardcover,272,2014,2014,,2015/08/16,to-read,to-read (#107),to-read,,,,0,0
633927,Agincourt: Henry V and the Battle that Made England,Juliet Barker,"Barker, Juliet",,"=""0316015040""","=""9780316015042""",0,"Little, Brown Paperbacks",Paperback,445,2007,2005,,2015/08/16,to-read,to-read (#106),to-read,,,,0,0
12527198,"The Plantagenet Chronicles 1154-1485: Richard the Lionheart, Richard II, Henry V, Richard III",Derek Wilson,"Wilson, Derek",,"=""1435127188""","=""9781435127180""",0,Metro Books,Hardcover,384,2011,2011,,2015/08/16,to-read,to-read (#105),to-read,,,,0,0
24952883,King John: Treachery and Tyranny in Medieval England: The Road to Magna Carta,Marc Morris,"Morris, Marc",,"=""1605988855""","=""9781605988856""",0,Pegasus Books,Hardcover,400,2015,2015,,2015/08/16,to-read,to-read (#104),to-read,,,,0,0
23507527,Vendetta: Bobby Kennedy Versus Jimmy Hoffa,James Neff,"Neff, James",,"=""0316738344""","=""9780316738347""",0,"Little, Brown and Company",Hardcover,377,2015,2015,,2015/08/16,to-read,to-read (#102),to-read,,,,0,0
1656001,The Host,Stephenie Meyer,"Meyer, Stephenie",,"=""0316068047""","=""9780316068048""",4.0,"Little, Brown and Company",Hardcover,619,2008,2008,,2015/08/16,,,read,,,,1,0
7734691,The Rule of Law,Tom Bingham,"Bingham, Tom",,"=""1846140900""","=""9781846140907""",0,Allen Lane,Hardcover,203,2011,2010,,2015/08/15,to-read,to-read (#100),to-read,,,,0,0
345849,Mellon: An American Life,David Cannadine,"Cannadine, David",,"=""0679450327""","=""9780679450320""",0,Knopf,Hardcover,800,2006,2006,,2015/08/15,to-read,to-read (#99),to-read,,,,0,0
173745,"The House of Rothschild, Vol 1: Money's Prophets, 1798-1848",Niall Ferguson,"Ferguson, Niall",,"=""0140240845""","=""9780140240849""",0,Penguin,Paperback,544,1999,1998,,2015/08/15,to-read,to-read (#98),to-read,,,,0,0
473367,Cosa Nostra: A History of the Sicilian Mafia,John Dickie,"Dickie, John",,"=""1403970424""","=""9781403970428""",0,St. Martin's Griffin,Paperback,400,2005,2004,,2015/08/15,to-read,to-read (#96),to-read,,,,0,0
5043,"The Pillars of the Earth (Kingsbridge, #1)",Ken Follett,"Follett, Ken",,"=""045122213X""","=""9780451222138""",0,Penguin Books,Paperback,976,2007,1989,,2015/08/15,to-read,to-read (#96),to-read,,,,0,0
5064,"World Without End (Kingsbridge, #2)",Ken Follett,"Follett, Ken",,"=""""","=""""",0,Dutton,Hardcover,1237,2007,2007,,2015/08/15,to-read,to-read (#95),to-read,,,,0,0
89287,"The Spartans: The World of the Warrior - Heroes of Ancient Greece, From Utopia to Crisis and Collapse",Paul Cartledge,"Cartledge, Paul",,"=""1400078857""","=""9781400078851""",0,Vintage,Paperback,320,2004,2002,,2015/08/07,to-read,to-read (#92),to-read,,,,0,0
22570708,Our Man in Charleston: Britain's Secret Agent in the Civil War South,Christopher Dickey,"Dickey, Christopher",,"=""0307887278""","=""9780307887276""",0,Crown,Hardcover,388,2015,2015,,2015/08/06,to-read,to-read (#91),to-read,,,,0,0
7803748,The Blueprint: How the Democrats Won Colorado (and Why Republicans Everywhere Should Care),Adam Schrager,"Schrager, Adam",Rob Witwer,"=""1936218003""","=""9781936218004""",0,Fulcrum Publishing,Paperback,280,2010,2010,,2015/08/06,to-read,to-read (#89),to-read,,,,0,0
762462,One Up On Wall Street: How to Use What You Already Know to Make Money in the Market,Peter Lynch,"Lynch, Peter",,"=""0743200403""","=""9780743200400""",0,Simon & Schuster,Paperback,304,2000,1988,,2015/08/06,to-read,to-read (#86),to-read,,,,0,0
8018937,Nullification: How to Resist Federal Tyranny in the 21st Century,Thomas E. Woods Jr.,"Jr., Thomas E. Woods",,"=""1596981490""","=""9781596981492""",0,Regnery,Hardcover,309,2010,2010,,2015/08/06,to-read,to-read (#83),to-read,,,,0,0
4839382,The First Tycoon: The Epic Life of Cornelius Vanderbilt,T.J. Stiles,"Stiles, T.J.",,"=""0375415424""","=""9780375415425""",0,Knopf,Hardcover,736,2009,2009,,2015/08/06,to-read,to-read (#81),to-read,,,,0,0
12378,The People's Tycoon: Henry Ford and the American Century,Steven Watts,"Watts, Steven",,"=""0375707255""","=""9780375707254""",0,Vintage,Paperback,656,2006,2005,,2015/08/06,to-read,to-read (#80),to-read,,,,0,0
202146,Flyboys: A True Story of Courage,James D. Bradley,"Bradley, James D.",,"=""0316159433""","=""9780316159432""",0,Back Bay Books,Paperback,464,2004,2003,,2015/08/06,to-read,to-read (#78),to-read,,,,0,0
833710,"The Merchant of Death (Pendragon, #1)",D.J. MacHale,"MacHale, D.J.",,"=""0743437314""","=""9780743437318""",4.0,Aladdin Paperbacks,Paperback,375,2002,2002,,2015/08/03,,,read,,,,1,0
536982,"The Never War (Pendragon, #3)",D.J. MacHale,"MacHale, D.J.",William Dufris,"=""1597372552""","=""9781597372558""",4.0,Brilliance Audio,MP3 CD,352,2005,2003,,2015/08/03,,,read,,,,1,0
215539,"The Pilgrims of Rayne (Pendragon, #8)",D.J. MacHale,"MacHale, D.J.",,"=""1416914161""","=""9781416914167""",4.0,Aladdin,Hardcover,560,2007,2007,,2015/08/03,,,read,,,,1,0
215541,"The Reality Bug (Pendragon, #4)",D.J. MacHale,"MacHale, D.J.",,"=""0743437349""","=""9780743437349""",4.0,Aladdin Paperbacks,Paperback,375,2003,2003,,2015/08/03,,,read,,,,1,0
215543,"The Lost City of Faar (Pendragon, #2)",D.J. MacHale,"MacHale, D.J.",,"=""0743437322""","=""9780743437325""",4.0,Simon & Schuster Inc,Paperback,386,2003,2003,,2015/08/03,,,read,,,,1,0
147801,"Black Water (Pendragon, #5)",D.J. MacHale,"MacHale, D.J.",,"=""0689869118""","=""9780689869112""",4.0,Aladdin Paperbacks,Paperback,427,2004,2004,,2015/08/03,,,read,,,,1,0
215542,"The Rivers of Zadaa (Pendragon, #6)",D.J. MacHale,"MacHale, D.J.",,"=""0689869126""","=""9780689869129""",4.0,Aladdin Paperbacks,Paperback,405,2006,2005,,2015/08/03,,,read,,,,1,0
215540,"The Quillan Games (Pendragon, #7)",D.J. MacHale,"MacHale, D.J.",,"=""1416914234""","=""9781416914235""",4.0,Simon & Schuster Books for Young Readers,Hardcover,486,2006,2005,,2015/08/03,,,read,,,,1,0
1729146,"Raven Rise (Pendragon, #9)",D.J. MacHale,"MacHale, D.J.",,"=""1416914188""","=""9781416914181""",5.0,Simon & Schuster Books for Young Readers,Hardcover,544,2008,2008,,2015/08/03,,,read,,,,1,0
426199,My Turn at Bat: The Story of My Life (Fireside Sports Classics),Ted Williams,"Williams, Ted",,"=""0671634232""","=""9780671634230""",0,Touchstone,Paperback,320,1988,1969,,2015/08/03,to-read,to-read (#75),to-read,,,,0,0
310285,"The Rivalry: Bill Russell, Wilt Chamberlain, and the Golden Age of Basketball",John                   Taylor,"Taylor, John",,"=""0812970306""","=""9780812970302""",0,Random House Publishing Group,Paperback,432,2006,2005,,2015/08/03,to-read,to-read (#75),to-read,,,,0,0
902,The Westing Game,Ellen Raskin,"Raskin, Ellen",,"=""014240120X""","=""9780142401200""",0,Puffin,Paperback,182,2004,1978,,2015/08/03,to-read,to-read (#74),to-read,,,,0,0
1034794,The Professional,W.C. Heinz,"Heinz, W.C.",Elmore Leonard,"=""0306810581""","=""9780306810589""",0,Da Capo Press,Paperback,334,2001,1958,,2015/08/03,to-read,to-read (#73),to-read,,,,0,0
120300,101 Reasons to Love the Dodgers,Ron Green Jr.,"Jr., Ron Green",Ron Green,"=""1584795654""","=""9781584795650""",0,"Stewart, Tabori & Chang",Hardcover,120,2007,2007,,2015/08/02,to-read,to-read (#72),to-read,,,,0,0
120288,The Dodgers: 120 Years Of Dodgers Baseball,Richard A. Johnson,"Johnson, Richard A.",,"=""0618213554""","=""9780618213559""",0,Houghton Mifflin Harcourt,Hardcover,445,2004,2004,,2015/08/02,to-read,to-read (#72),to-read,,,,0,0
2714607,The Ascent of Money: A Financial History of the World,Niall Ferguson,"Ferguson, Niall",,"=""1594201927""","=""9781594201929""",0,Penguin Press,Hardcover,442,2008,2007,,2015/08/01,to-read,to-read (#71),to-read,,,,0,0
239186,"Isaac's Storm: A Man, a Time, and the Deadliest Hurricane in History",Erik Larson,"Larson, Erik",,"=""0375708278""","=""9780375708275""",3.0,Vintage Books USA,Paperback,323,2000,1999,,2015/08/01,,,read,,,,1,0
23848380,Zero Night: The Untold Story of World War Two's Greatest Escape: The Untold Story of World War Two's Greatest Escape,Mark Felton,"Felton, Mark",,"=""125007374X""","=""9781250073747""",0,Thomas Dunne Books,Hardcover,320,2015,2014,,2015/07/28,to-read,to-read (#68),to-read,,,,0,0
23209981,Stieg Larsson's The Girl Who Kicked the Hornet's Nest: A Graphic Novel,Denise Mina,"Mina, Denise","Andrea Mutti, Antonio Fuso, Giulia Brusco, Patricia Mulvihill, Steve Wands, Lee Bermejo, Stieg Larsson","=""1401237592""","=""9781401237592""",0,Vertigo,Hardcover,272,2015,2015,,2015/07/28,to-read,to-read (#66),to-read,,,,0,0
388223,Robin Hood: The Prince of Thieves,Alexandre Dumas,"Dumas, Alexandre",,"=""3704313173""","=""9783704313171""",0,Neuer Kaiser,Hardcover,224,2001,1872,,2015/07/27,to-read,to-read (#64),to-read,,,,0,0
89959,U.S. Constitution (Saddlewire) (Books of American Wisdom),Founding Fathers,"Fathers, Founding",,"=""1557091528""","=""9781557091529""",5.0,Applewood Books,Paperback,32,1901,1787,,2015/07/27,,,read,,,,1,0
968,"The Da Vinci Code (Robert Langdon, #2)",Dan    Brown,"Brown, Dan",,"=""""","=""""",4.0,Anchor,Paperback,489,2006,2003,,2015/07/26,,,read,,,,1,0
41681,The Jungle,Upton Sinclair,"Sinclair, Upton","Earl Lee, Kathleen De Grave","=""1884365302""","=""9781884365300""",0,See Sharp Press,Paperback,335,2003,1906,,2015/07/25,to-read,to-read (#61),to-read,,,,0,0
866222,Winning: Proven Leadership and Management Principles for Strategic Career Excellence and Business Success,Jack Welch,"Welch, Jack",Suzy Welch,"=""0060753943""","=""9780060753948""",0,Harper Business,Hardcover,384,2005,2005,,2015/07/25,to-read,to-read (#57),to-read,,,,0,0
40929,"The Rise of Theodore Roosevelt (Theodore Roosevelt, #1)",Edmund  Morris,"Morris, Edmund",,"=""""","=""""",0,The Modern Library,Paperback,816,2001,1979,,2015/07/25,to-read,to-read (#56),to-read,,,,0,0
71984,"Ghost Wars: The Secret History of the CIA, Afghanistan, and Bin Laden from the Soviet Invasion to September 10, 2001",Steve Coll,"Coll, Steve",,"=""0143034669""","=""9780143034667""",0,Penguin Books (London),Paperback,712,2004,2004,,2015/07/25,to-read,to-read (#55),to-read,,,,0,0
46132,Mrs. Dalloway,Virginia Woolf,"Woolf, Virginia",,"=""""","=""""",0,Mariner Books,Paperback,197,1990,1925,,2015/07/25,to-read,to-read (#54),to-read,,,,0,0
16981,Invisible Man,Ralph Ellison,"Ellison, Ralph",,"=""""","=""""",0,Vintage,Paperback,581,1995,1952,,2015/07/25,to-read,to-read (#52),to-read,,,,0,0
13587173,John Quincy Adams,Harlow Giles Unger,"Unger, Harlow Giles",,"=""030682129X""","=""9780306821295""",0,Da Capo Press,Hardcover,384,2012,2012,,2015/07/24,to-read,to-read (#51),to-read,,,,0,0
2139442,The Doctrine and Covenants of the Church of Jesus Christ of Latter-Day Saints,The Church of Jesus Christ of Latter-day Saints,"Saints, The Church of Jesus Christ of Latter-day",Joseph Smith Jr.,"=""1432624806""","=""9781432624804""",5.0,Kessinger Publishing,Hardcover,295,2006,1835,,2015/07/24,,,read,,,,1,0
23360030,No Ordinary Disruption: The Four Global Forces Breaking All the Trends,Richard Dobbs,"Dobbs, Richard","James Manyika, Jonathan Woetzel","=""1610395794""","=""9781610395793""",0,PublicAffairs,Hardcover,288,2015,2015,,2015/07/24,to-read,to-read (#49),to-read,,,,0,0
2615,The Innovator's Dilemma: The Revolutionary Book that Will Change the Way You Do Business,Clayton M. Christensen,"Christensen, Clayton M.",,"=""0060521996""","=""9780060521998""",0,Collins,Paperback,320,2003,1997,,2015/07/24,to-read,to-read (#48),to-read,,,,0,0
160830,All Marketers Are Liars: The Power of Telling Authentic Stories in a Low-Trust World,Seth Godin,"Godin, Seth",,"=""1591841003""","=""9781591841005""",0,Portfolio Hardcover,Hardcover,208,2005,2005,,2015/07/24,to-read,to-read (#46),to-read,,,,0,0
1303,The 48 Laws of Power,Robert Greene,"Greene, Robert",,"=""0140280197""","=""9780140280197""",0,Penguin Books,Paperback,452,2000,1999,,2015/07/24,to-read,to-read (#45),to-read,,,,0,0
112146,"Pre: The Story of America's Greatest Running Legend, Steve Prefontaine",Tom Jordan,"Jordan, Tom",,"=""0875964575""","=""9780875964577""",0,Rodale Books,Paperback,168,1997,1977,,2015/07/24,to-read,to-read (#44),to-read,,,,0,0
5148,A Separate Peace,John Knowles,"Knowles, John",David Levithan,"=""""","=""""",0,Scribner,Paperback,208,2003,1959,,2015/07/24,to-read,to-read (#43),to-read,,,,0,0
5527,All the King's Men,Robert Penn Warren,"Warren, Robert Penn",Joseph Blotner,"=""""","=""""",0,Harcourt Brace,Paperback,439,1996,1946,,2015/07/24,to-read,to-read (#42),to-read,,,,0,0
158141,Wiseguy: Life in a Mafia Family,Nicholas Pileggi,"Pileggi, Nicholas",,"=""0671723227""","=""9780671723224""",0,Pocket Books,Mass Market Paperback,320,1990,1985,,2015/07/24,to-read,to-read (#41),to-read,,,,0,0
9977328,Casino: Love and Honor in Las Vegas,Nicholas Pileggi,"Pileggi, Nicholas",Larry Shandling,"=""1451635672""","=""9781451635676""",0,Pocket Books,Mass Market Paperback,420,2011,1995,,2015/07/24,to-read,to-read (#40),to-read,,,,0,0
303615,"General Theory of Employment, Interest, and Money (Great Minds)",John Maynard Keynes,"Keynes, John Maynard",,"=""1573921394""","=""9781573921398""",0,Prometheus,Paperback,423,1997,1935,,2015/07/24,to-read,to-read (#37),to-read,,,,0,0
13533740,Thomas Jefferson: The Art of Power,Jon Meacham,"Meacham, Jon",,"=""1400067669""","=""9781400067664""",0,Random House,Hardcover,759,2012,2012,,2015/07/24,to-read,to-read (#33),to-read,,,,0,0
596149,Founder: A Portrait of the First Rothschild and His Time,Amos Elon,"Elon, Amos",,"=""0670868574""","=""9780670868575""",0,Viking Adult,Hardcover,208,1996,1996,,2015/07/24,to-read,to-read (#32),to-read,,,,0,0
9359172,The Extra 2%: How Wall Street Strategies Took a Major League Baseball Team from Worst to First,Jonah Keri,"Keri, Jonah",Mark Cuban,"=""0345517652""","=""9780345517654""",0,ESPN Books,Hardcover,272,2011,2011,,2015/07/24,to-read,to-read (#30),to-read,,,,0,0
6562380,When the Game Was Ours,Larry Bird,"Bird, Larry","Earvin ""Magic"" Johnson, Jackie MacMullan","=""0547225474""","=""9780547225470""",0,Houghton Mifflin Harcourt,Paperback,340,2009,2009,,2015/07/24,to-read,to-read (#28),to-read,,,,0,0
350,Stranger in a Strange Land,Robert A. Heinlein,"Heinlein, Robert A.",James Warhola,"=""""","=""""",0,Ace,Paperback,525,1991,1961,,2015/07/24,to-read,to-read (#24),to-read,,,,0,0
7082,Do Androids Dream of Electric Sheep?,Philip K. Dick,"Dick, Philip K.",Roger Zelazny,"=""""","=""""",0,Del Rey / Ballantine Books,Paperback,244,1996,1968,,2015/07/24,to-read,to-read (#23),to-read,,,,0,0
323355,The Book of Mormon: Another Testament of Jesus Christ,Joseph Smith Jr.,"Jr., Joseph Smith",,"=""0967686563""","=""9780967686561""",5.0,The Church of Jesus Christ of Latter-day Saints,Paperback,531,2013,1830,2024/08/26,2015/07/24,,,read,,,,2,0
92057,The Autobiography of Malcolm X,Malcolm X,"X, Malcolm",Alex Haley,"=""""","=""""",0,Ballantine Books,Mass Market Paperback,466,2015,1965,,2015/07/24,to-read,to-read (#19),to-read,,,,0,0
890,Of Mice and Men,John Steinbeck,"Steinbeck, John",,"=""0142000671""","=""9780142000670""",0,Penguin Books,Paperback,107,2002,1937,,2015/07/24,to-read,to-read (#16),to-read,,,,0,0
5470,1984,George Orwell,"Orwell, George",,"=""""","=""""",4.0,New American Library,Mass Market Paperback,328,1950,1949,,2015/07/24,,,read,,,,1,0
3130430,"Harry, a History: The True Story of a Boy Wizard, His Fans, and Life Inside the Harry Potter Phenomenon",Melissa Anelli,"Anelli, Melissa",J.K. Rowling,"=""1416554955""","=""9781416554950""",0,Pocket Books,Paperback,356,2008,2008,,2015/07/24,to-read,to-read (#16),to-read,,,,0,0
41899,Fantastic Beasts and Where to Find Them,Newt Scamander,"Scamander, Newt",J.K. Rowling,"=""0439321603""","=""9780439321600""",4.0,"Obscurous Books, Arthur A. Levine Books",Hardcover,128,2001,2001,,2015/07/24,,,read,,,,1,0
4415692,"The Soldiers of Halla (Pendragon, #10)",D.J. MacHale,"MacHale, D.J.",,"=""141691420X""","=""9781416914204""",5.0,Aladdin,Hardcover,594,2009,2009,,2015/07/24,,,read,,,,1,0
1814843,"The Siege of Macindaw (Ranger's Apprentice, #6)",John Flanagan,"Flanagan, John",,"=""174166134X""","=""9781741661347""",4.0,Puffin Books,Paperback,320,2006,2006,,2015/07/24,,,read,,,,1,0
7244,The Poisonwood Bible,Barbara Kingsolver,"Kingsolver, Barbara",,"=""0060786507""","=""9780060786502""",0,Harper Perennial Modern Classics,Paperback,546,2005,1998,,2015/07/24,to-read,to-read (#14),to-read,,,,0,0
168642,In Cold Blood,Truman Capote,"Capote, Truman",,"=""0679745580""","=""9780679745587""",4.0,Vintage,Paperback,343,1994,1966,,2015/07/24,,,read,,,,1,0
28862,The Prince,Niccolò Machiavelli,"Machiavelli, Niccolò","Rufus Goodwin, Benjamin Martinez, W.K. Marriott, Denis Daly, Μαρία Κασωτάκη","=""0937832383""","=""9780937832387""",0,Dante University Press,Paperback,144,2014,1513,,2015/07/24,to-read,to-read (#11),to-read,,,,0,0
18131,"A Wrinkle in Time (Time Quintet, #1)",Madeleine L'Engle,"L'Engle, Madeleine",,"=""0440498058""","=""9780440498056""",0,Yearling Books,Paperback,211,1973,1962,,2015/07/24,to-read,to-read (#10),to-read,,,,0,0
21787,The Princess Bride,William Goldman,"Goldman, William",,"=""0345418263""","=""9780345418265""",0,Ballantine Books,Paperback,429,2003,1973,,2015/07/24,to-read,to-read (#9),to-read,,,,0,0
3636,"The Giver (Giver, #1)",Lois Lowry,"Lowry, Lois",,"=""0385732554""","=""9780385732550""",4.0,Ember,Paperback,208,2006,1993,,2015/07/24,,,read,,,,1,0
12296,The Scarlet Letter,Nathaniel Hawthorne,"Hawthorne, Nathaniel","Nina Baym, Thomas E. Connolly","=""0142437263""","=""9780142437261""",3.0,Penguin Books,Paperback,279,2002,1850,,2015/07/24,,,read,,,,1,0
18490,Frankenstein,Mary Wollstonecraft Shelley,"Shelley, Mary Wollstonecraft",,"=""""","=""""",3.0,Penguin,Paperback,288,2003,1818,,2015/07/24,,,read,,,,1,0
227463,A Clockwork Orange,Anthony Burgess,"Burgess, Anthony",,"=""""","=""""",0,W. W. Norton & Company,Paperback,192,1986,1962,,2015/07/24,to-read,to-read (#5),to-read,,,,0,0
7613,Animal Farm,George Orwell,"Orwell, George","Ann Patchett, Téa Obreht","=""""","=""""",4.0,Plume,Paperback,129,2003,1945,,2015/07/24,,,read,,,,1,0
49552,The Stranger,Albert Camus,"Camus, Albert",Matthew  Ward,"=""""","=""""",3.0,Vintage International,Paperback,123,1989,1942,,2014/04/09,,,read,,,,1,0
